player_id,player_name,round,opponent_team,total_points,was_home,kickoff_time,team_h_score,team_a_score,minutes,goals_scored,assists,clean_sheets,goals_conceded,own_goals,penalties_saved,penalties_missed,yellow_cards,red_cards,saves,bonus,bps,influence,creativity,threat,ict_index,value,transfers_balance,selected,transfers_in,transfers_out,value_millions
1,Raya,1,7,6,True,2026-08-21T19:00:00Z,3,0,90,0,0,1,0,0,0,0,0,0,1,0,24,11.8,0.0,0.0,1.2,60,0,3347153,0,0,6.0
1,Raya,2,2,6,False,2026-08-31T19:00:00Z,0,1,90,0,0,1,0,0,0,0,0,0,0,0,21,5.6,0.0,0.0,0.6,60,24756,3801300,106734,81978,6.0
1,Raya,3,6,3,True,2026-09-06T15:30:00Z,2,1,90,0,0,0,1,0,0,0,0,0,4,0,15,28.8,0.0,0.0,2.9,60,-23780,3887669,204948,228728,6.0
1,Raya,4,20,14,False,2026-09-12T19:00:00Z,0,2,90,0,0,1,0,0,1,0,0,0,2,3,38,37.8,0.2,0.0,3.8,60,34449,4195206,249119,214670,6.0
1,Raya,5,5,1,False,2026-09-19T14:00:00Z,3,0,90,0,0,0,3,0,0,0,0,0,2,0,6,20.6,0.0,0.0,2.1,60,212570,4487209,279598,67028,6.0
2,Arrizabalaga,1,7,0,True,2026-08-21T19:00:00Z,3,0,0,0,0,0,0,0,0,0,0,0,0,0,0,0.0,0.0,0.0,0.0,50,0,7415,0,0,5.0
2,Arrizabalaga,2,2,0,False,2026-08-31T19:00:00Z,0,1,0,0,0,0,0,0,0,0,0,0,0,0,0,0.0,0.0,0.0,0.0,50,-1067,7844,322,1389,5.0
2,Arrizabalaga,3,6,0,True,2026-09-06T15:30:00Z,2,1,0,0,0,0,0,0,0,0,0,0,0,0,0,0.0,0.0,0.0,0.0,50,-615,8025,599,1214,5.0
2,Arrizabalaga,4,20,0,False,2026-09-12T19:00:00Z,0,2,0,0,0,0,0,0,0,0,0,0,0,0,0,0.0,0.0,0.0,0.0,49,-576,7757,275,851,4.9
2,Arrizabalaga,5,5,0,False,2026-09-19T14:00:00Z,3,0,0,0,0,0,0,0,0,0,0,0,0,0,0,0.0,0.0,0.0,0.0,49,-378,7555,181,559,4.9
3,Meslier,1,7,0,True,2026-08-21T19:00:00Z,3,0,0,0,0,0,0,0,0,0,0,0,0,0,0,0.0,0.0,0.0,0.0,50,0,2971,0,0,5.0
3,Meslier,2,2,0,False,2026-08-31T19:00:00Z,0,1,0,0,0,0,0,0,0,0,0,0,0,0,0,0.0,0.0,0.0,0.0,50,-391,3125,101,492,5.0
3,Meslier,3,6,0,True,2026-09-06T15:30:00Z,2,1,0,0,0,0,0,0,0,0,0,0,0,0,0,0.0,0.0,0.0,0.0,50,-287,3143,172,459,5.0
3,Meslier,4,20,0,False,2026-09-12T19:00:00Z,0,2,0,0,0,0,0,0,0,0,0,0,0,0,0,0.0,0.0,0.0,0.0,49,-200,3081,108,308,4.9
3,Meslier,5,5,0,False,2026-09-19T14:00:00Z,3,0,0,0,0,0,0,0,0,0,0,0,0,0,0,0.0,0.0,0.0,0.0,49,-115,3038,86,201,4.9
4,Gabriel,1,7,5,True,2026-08-21T19:00:00Z,3,0,90,0,0,1,0,0,0,0,1,0,0,0,21,6.6,1.8,1.0,0.9,80,0,2647984,0,0,8.0
4,Gabriel,2,2,8,False,2026-08-31T19:00:00Z,0,1,90,0,0,1,0,0,0,0,0,0,0,0,23,18.2,3.2,6.0,2.7,80,-65343,2878770,58765,124108,8.0
4,Gabriel,3,6,2,True,2026-09-06T15:30:00Z,2,1,90,0,0,0,1,0,0,0,0,0,0,0,10,23.6,2.4,76.0,10.2,80,-298759,2590027,46883,345642,8.0
4,Gabriel,4,20,9,False,2026-09-12T19:00:00Z,0,2,90,0,0,1,0,0,0,0,1,0,0,2,30,20.6,1.5,1.0,2.3,80,-197767,2549738,56562,254329,8.0
4,Gabriel,5,5,1,False,2026-09-19T14:00:00Z,3,0,90,0,0,0,3,0,0,0,0,0,0,0,6,25.8,13.1,0.0,3.9,80,-70779,2494884,48033,118812,8.0
5,J.Timber,1,7,0,True,2026-08-21T19:00:00Z,3,0,0,0,0,0,0,0,0,0,0,0,0,0,0,0.0,0.0,0.0,0.0,65,0,11200,0,0,6.5
5,J.Timber,2,2,0,False,2026-08-31T19:00:00Z,0,1,0,0,0,0,0,0,0,0,0,0,0,0,0,0.0,0.0,0.0,0.0,65,-2703,9810,401,3104,6.5
5,J.Timber,3,6,0,True,2026-09-06T15:30:00Z,2,1,0,0,0,0,0,0,0,0,0,0,0,0,0,0.0,0.0,0.0,0.0,65,-1892,8594,549,2441,6.5
5,J.Timber,4,20,1,False,2026-09-12T19:00:00Z,0,2,45,0,0,0,0,0,0,0,0,0,0,0,3,6.0,1.9,0.0,0.8,65,-772,8281,618,1390,6.5
5,J.Timber,5,5,0,False,2026-09-19T14:00:00Z,3,0,59,0,0,0,3,0,0,0,0,0,0,0,-6,4.2,2.3,0.0,0.7,65,16270,32012,20088,3818,6.5
6,Saliba,1,7,0,True,2026-08-21T19:00:00Z,3,0,0,0,0,0,0,0,0,0,0,0,0,0,0,0.0,0.0,0.0,0.0,60,0,26559,0,0,6.0
6,Saliba,2,2,0,False,2026-08-31T19:00:00Z,0,1,0,0,0,0,0,0,0,0,0,0,0,0,0,0.0,0.0,0.0,0.0,60,-5970,25581,846,6816,6.0
6,Saliba,3,6,0,True,2026-09-06T15:30:00Z,2,1,0,0,0,0,0,0,0,0,0,0,0,0,0,0.0,0.0,0.0,0.0,60,-4380,23846,1102,5482,6.0
6,Saliba,4,20,0,False,2026-09-12T19:00:00Z,0,2,0,0,0,0,0,0,0,0,0,0,0,0,0,0.0,0.0,0.0,0.0,59,-2516,22768,735,3251,5.9
6,Saliba,5,5,0,False,2026-09-19T14:00:00Z,3,0,0,0,0,0,0,0,0,0,0,0,0,0,0,0.0,0.0,0.0,0.0,59,-1605,21924,399,2004,5.9
7,Lewis-Skelly,1,7,3,True,2026-08-21T19:00:00Z,3,0,90,0,0,1,0,0,0,0,0,0,0,0,15,11.0,22.9,7.0,4.1,55,0,55656,0,0,5.5
7,Lewis-Skelly,2,2,3,False,2026-08-31T19:00:00Z,0,1,70,0,0,1,0,0,0,0,0,0,0,0,15,10.6,3.2,5.0,1.9,55,642,70615,9693,9051,5.5
7,Lewis-Skelly,3,6,2,True,2026-09-06T15:30:00Z,2,1,66,0,0,0,1,0,0,0,0,0,0,0,5,0.0,12.7,4.0,1.0,55,-4641,71335,8849,13490,5.5
7,Lewis-Skelly,4,20,1,False,2026-09-12T19:00:00Z,0,2,45,0,0,0,0,0,0,0,0,0,0,0,2,0.0,1.4,0.0,0.0,55,-4212,70499,6908,11120,5.5
7,Lewis-Skelly,5,5,0,False,2026-09-19T14:00:00Z,3,0,0,0,0,0,0,0,0,0,0,0,0,0,0,0.0,0.0,0.0,0.0,55,-7916,64229,3227,11143,5.5
8,Calafiori,1,7,9,True,2026-08-21T19:00:00Z,3,0,80,0,1,1,0,0,0,0,0,0,0,0,31,26.0,12.2,4.0,4.2,55,0,3542684,0,0,5.5
8,Calafiori,2,2,11,False,2026-08-31T19:00:00Z,0,1,90,0,1,1,0,0,0,0,0,0,0,2,30,21.2,11.9,9.0,4.2,56,268472,4150694,310105,41633,5.6
8,Calafiori,3,6,2,True,2026-09-06T15:30:00Z,2,1,66,0,0,0,1,0,0,0,0,0,0,0,0,4.4,3.2,26.0,3.4,57,396923,4639050,515479,118556,5.7
8,Calafiori,4,20,6,False,2026-09-12T19:00:00Z,0,2,90,0,0,1,0,0,0,0,0,0,0,0,18,8.8,1.7,7.0,1.8,58,392809,5296821,487524,94715,5.8
8,Calafiori,5,5,1,False,2026-09-19T14:00:00Z,3,0,90,0,0,0,3,0,0,0,0,0,0,0,-3,11.2,23.7,20.0,5.5,58,183297,5451521,266900,83603,5.8
9,Hincapie,1,7,1,True,2026-08-21T19:00:00Z,3,0,9,0,0,0,0,0,0,0,0,0,0,0,3,0.4,0.5,0.0,0.1,55,0,165924,0,0,5.5
9,Hincapie,2,2,0,False,2026-08-31T19:00:00Z,0,1,0,0,0,0,0,0,0,0,0,0,0,0,0,0.0,0.0,0.0,0.0,54,-37136,145234,3910,41046,5.4
9,Hincapie,3,6,1,True,2026-09-06T15:30:00Z,2,1,23,0,0,0,0,0,0,0,0,0,0,0,3,6.0,0.5,2.0,0.9,54,-31216,119369,4425,35641,5.4
9,Hincapie,4,20,0,False,2026-09-12T19:00:00Z,0,2,0,0,0,0,0,0,0,0,0,0,0,0,0,0.0,0.0,0.0,0.0,53,-15451,109174,3925,19376,5.3
9,Hincapie,5,5,0,False,2026-09-19T14:00:00Z,3,0,0,0,0,0,0,0,0,0,0,0,0,0,0,0.0,0.0,0.0,0.0,53,-13089,98376,2559,15648,5.3
10,White,1,7,11,True,2026-08-21T19:00:00Z,3,0,90,0,1,1,0,0,0,0,0,0,0,2,37,33.2,26.8,13.0,7.3,55,0,401419,0,0,5.5
10,White,2,2,7,False,2026-08-31T19:00:00Z,0,1,90,0,0,1,0,0,0,0,0,0,0,1,26,16.4,20.3,0.0,3.7,55,119886,683136,144941,25055,5.5
10,White,3,6,2,True,2026-09-06T15:30:00Z,2,1,90,0,0,0,1,0,0,0,0,0,0,0,11,15.8,5.1,10.0,3.1,55,45919,745511,163295,117376,5.5
10,White,4,20,1,False,2026-09-12T19:00:00Z,0,2,45,0,0,0,0,0,0,0,0,0,0,0,4,4.2,0.8,6.0,1.1,55,6399,815166,123355,116956,5.5
10,White,5,5,0,False,2026-09-19T14:00:00Z,3,0,0,0,0,0,0,0,0,0,0,0,0,0,0,0.0,0.0,0.0,0.0,55,-218227,573621,21167,239394,5.5
11,Mosquera,1,7,6,True,2026-08-21T19:00:00Z,3,0,90,0,0,1,0,0,0,0,0,0,0,0,27,14.4,0.6,0.0,1.5,55,0,571606,0,0,5.5
11,Mosquera,2,2,6,False,2026-08-31T19:00:00Z,0,1,78,0,0,1,0,0,0,0,0,0,0,0,25,10.2,1.4,0.0,1.2,55,-30539,566006,15410,45949,5.5
11,Mosquera,3,6,0,True,2026-09-06T15:30:00Z,2,1,0,0,0,0,0,0,0,0,0,0,0,0,0,0.0,0.0,0.0,0.0,55,-114822,438589,13546,128368,5.5
11,Mosquera,4,20,0,False,2026-09-12T19:00:00Z,0,2,0,0,0,0,0,0,0,0,0,0,0,0,0,0.0,0.0,0.0,0.0,54,-201802,248830,733,202535,5.4
11,Mosquera,5,5,0,False,2026-09-19T14:00:00Z,3,0,0,0,0,0,0,0,0,0,0,0,0,0,0,0.0,0.0,0.0,0.0,53,-81401,181804,476,81877,5.3
12,Saka,1,7,9,True,2026-08-21T19:00:00Z,3,0,67,1,0,1,0,0,0,0,0,0,0,1,36,42.8,26.1,33.0,10.2,95,0,819914,0,0,9.5
12,Saka,2,2,11,False,2026-08-31T19:00:00Z,0,1,90,1,0,1,0,0,0,0,0,0,0,3,46,41.0,8.0,44.0,9.3,95,53683,1039189,88913,35230,9.5
12,Saka,3,6,2,True,2026-09-06T15:30:00Z,2,1,89,0,0,0,1,0,0,0,0,0,0,0,13,10.6,27.8,70.0,10.8,95,55091,1160318,156377,101286,9.5
12,Saka,4,20,8,False,2026-09-12T19:00:00Z,0,2,90,1,0,1,0,0,0,0,0,0,0,0,28,45.4,16.9,57.0,11.9,95,64680,1257689,213086,148406,9.5
12,Saka,5,5,2,False,2026-09-19T14:00:00Z,3,0,80,0,0,0,3,0,0,0,0,0,0,0,14,15.8,46.8,36.0,9.9,95,156317,1461185,221246,64929,9.5
13,Rice,1,7,3,True,2026-08-21T19:00:00Z,3,0,67,0,0,1,0,0,0,0,0,0,0,0,10,6.8,6.4,2.0,1.5,75,0,1604406,0,0,7.5
13,Rice,2,2,5,False,2026-08-31T19:00:00Z,0,1,84,0,0,1,0,0,0,0,0,0,0,0,19,24.0,27.6,0.0,5.2,75,-122235,1662633,35487,157722,7.5
13,Rice,3,6,5,True,2026-09-06T15:30:00Z,2,1,90,0,1,0,1,0,0,0,0,0,0,0,22,33.8,19.9,2.0,5.6,75,-227106,1465517,21785,248891,7.5
13,Rice,4,20,6,False,2026-09-12T19:00:00Z,0,2,80,0,1,1,0,0,0,0,0,0,0,0,27,45.0,36.4,0.0,8.1,74,-126667,1379844,25889,152556,7.4
13,Rice,5,5,1,False,2026-09-19T14:00:00Z,3,0,90,0,0,0,3,0,0,0,1,0,0,0,13,10.6,18.1,1.0,3.0,74,-54820,1344452,28685,83505,7.4
14,Eze,1,7,1,True,2026-08-21T19:00:00Z,3,0,14,0,0,0,0,0,0,0,0,0,0,0,4,0.0,1.8,1.0,0.1,65,0,188164,0,0,6.5
14,Eze,2,2,1,False,2026-08-31T19:00:00Z,0,1,45,0,0,0,0,0,0,0,0,0,0,0,6,1.6,2.0,2.0,0.6,65,-38776,169814,5716,44492,6.5
14,Eze,3,6,0,True,2026-09-06T15:30:00Z,2,1,0,0,0,0,0,0,0,0,0,0,0,0,0,0.0,0.0,0.0,0.0,64,-32301,146059,8271,40572,6.4
14,Eze,4,20,1,False,2026-09-12T19:00:00Z,0,2,9,0,0,0,0,0,0,0,0,0,0,0,3,0.2,0.0,2.0,0.2,63,-25833,125433,3906,29739,6.3
14,Eze,5,5,1,False,2026-09-19T14:00:00Z,3,0,17,0,0,0,0,0,0,0,0,0,0,0,5,1.2,2.1,4.0,0.7,63,-15015,113499,3026,18041,6.3
15,Ødegaard,1,7,11,True,2026-08-21T19:00:00Z,3,0,75,1,0,1,0,0,0,0,0,0,0,3,41,50.6,41.5,31.0,12.3,65,0,717252,0,0,6.5
15,Ødegaard,2,2,3,False,2026-08-31T19:00:00Z,0,1,70,0,0,1,0,0,0,0,0,0,0,0,13,6.8,6.8,5.0,1.9,66,252699,1174125,289559,36860,6.6
15,Ødegaard,3,6,10,True,2026-09-06T15:30:00Z,2,1,76,1,0,0,1,0,0,0,0,0,0,3,47,45.0,54.2,30.0,12.9,66,-52949,1130521,119653,172602,6.6
15,Ødegaard,4,20,3,False,2026-09-12T19:00:00Z,0,2,84,0,0,1,0,0,0,0,0,0,0,0,26,19.4,58.2,2.0,8.0,67,702273,2036643,820232,117959,6.7
15,Ødegaard,5,5,2,False,2026-09-19T14:00:00Z,3,0,72,0,0,0,3,0,0,0,0,0,0,0,10,0.0,6.2,5.0,1.1,68,194248,2167651,326276,132028,6.8
16,Madueke,1,7,1,True,2026-08-21T19:00:00Z,3,0,22,0,0,0,0,0,0,0,0,0,0,0,8,9.4,43.1,0.0,5.3,65,0,30442,0,0,6.5
16,Madueke,2,2,0,False,2026-08-31T19:00:00Z,0,1,0,0,0,0,0,0,0,0,0,0,0,0,0,0.0,0.0,0.0,0.0,64,-6819,29476,1412,8231,6.4
16,Madueke,3,6,1,True,2026-09-06T15:30:00Z,2,1,1,0,0,0,0,0,0,0,0,0,0,0,3,2.2,0.8,0.0,0.3,63,-6797,24885,1276,8073,6.3
16,Madueke,4,20,0,False,2026-09-12T19:00:00Z,0,2,0,0,0,0,0,0,0,0,0,0,0,0,0,0.0,0.0,0.0,0.0,63,-3081,23695,1399,4480,6.3
16,Madueke,5,5,0,False,2026-09-19T14:00:00Z,3,0,0,0,0,0,0,0,0,0,0,0,0,0,0,0.0,0.0,0.0,0.0,62,-2443,22229,1193,3636,6.2
17,Merino,1,7,1,True,2026-08-21T19:00:00Z,3,0,14,0,0,0,0,0,0,0,0,0,0,0,5,3.6,1.2,14.0,1.9,60,0,62671,0,0,6.0
17,Merino,2,2,1,False,2026-08-31T19:00:00Z,0,1,19,0,0,0,0,0,0,0,0,0,0,0,7,2.8,1.0,0.0,0.4,60,-12835,58253,2422,15257,6.0
17,Merino,3,6,0,True,2026-09-06T15:30:00Z,2,1,13,0,0,0,0,0,0,0,1,0,0,0,0,0.0,1.1,0.0,0.1,59,-10808,51449,3061,13869,5.9
17,Merino,4,20,1,False,2026-09-12T19:00:00Z,0,2,5,0,0,0,0,0,0,0,0,0,0,0,3,0.2,0.1,0.0,0.0,58,-7941,46215,1909,9850,5.8
17,Merino,5,5,1,False,2026-09-19T14:00:00Z,3,0,30,0,0,0,0,0,0,0,0,0,0,0,4,3.4,0.8,2.0,0.6,58,-4969,42609,1345,6314,5.8
18,Martinelli,1,7,0,True,2026-08-21T19:00:00Z,3,0,0,0,0,0,0,0,0,0,0,0,0,0,0,0.0,0.0,0.0,0.0,65,0,21290,0,0,6.5
18,Martinelli,2,2,0,False,2026-08-31T19:00:00Z,0,1,0,0,0,0,0,0,0,0,0,0,0,0,0,0.0,0.0,0.0,0.0,64,-5718,19331,1318,7036,6.4
18,Martinelli,3,6,0,True,2026-09-06T15:30:00Z,2,1,0,0,0,0,0,0,0,0,0,0,0,0,0,0.0,0.0,0.0,0.0,63,-5441,15232,1165,6606,6.3
18,Martinelli,4,20,0,False,2026-09-12T19:00:00Z,0,2,0,0,0,0,0,0,0,0,0,0,0,0,0,0.0,0.0,0.0,0.0,63,-6160,9183,0,6160,6.3
18,Martinelli,5,5,0,False,2026-09-19T14:00:00Z,3,0,0,0,0,0,0,0,0,0,0,0,0,0,0,0.0,0.0,0.0,0.0,63,-1499,7867,0,1499,6.3
19,Zubimendi,1,7,1,True,2026-08-21T19:00:00Z,3,0,22,0,0,0,0,0,0,0,0,0,0,0,3,3.8,2.3,0.0,0.6,55,0,107568,0,0,5.5
19,Zubimendi,2,2,1,False,2026-08-31T19:00:00Z,0,1,5,0,0,0,0,0,0,0,0,0,0,0,5,4.8,0.9,0.0,0.6,55,-19013,94430,1579,20592,5.5
19,Zubimendi,3,6,1,True,2026-09-06T15:30:00Z,2,1,23,0,0,0,0,0,0,0,0,0,0,0,1,1.4,0.8,11.0,1.3,54,-16532,80922,3485,20017,5.4
19,Zubimendi,4,20,1,False,2026-09-12T19:00:00Z,0,2,9,0,0,0,0,0,0,0,0,0,0,0,5,3.4,0.2,0.0,0.4,54,-11465,71283,1507,12972,5.4
19,Zubimendi,5,5,1,False,2026-09-19T14:00:00Z,3,0,30,0,0,0,0,0,0,0,0,0,0,0,2,0.0,0.8,18.0,1.9,53,-7918,64585,1444,9362,5.3
20,Dowman,1,7,0,True,2026-08-21T19:00:00Z,3,0,0,0,0,0,0,0,0,0,0,0,0,0,0,0.0,0.0,0.0,0.0,55,0,8920,0,0,5.5
20,Dowman,2,2,0,False,2026-08-31T19:00:00Z,0,1,0,0,0,0,0,0,0,0,0,0,0,0,0,0.0,0.0,0.0,0.0,54,-1857,8233,473,2330,5.4
20,Dowman,3,6,0,True,2026-09-06T15:30:00Z,2,1,0,0,0,0,0,0,0,0,0,0,0,0,0,0.0,0.0,0.0,0.0,54,-1389,7381,608,1997,5.4
20,Dowman,4,20,0,False,2026-09-12T19:00:00Z,0,2,0,0,0,0,0,0,0,0,0,0,0,0,0,0.0,0.0,0.0,0.0,53,-713,7072,629,1342,5.3
20,Dowman,5,5,1,False,2026-09-19T14:00:00Z,3,0,9,0,0,0,0,0,0,0,0,0,0,0,4,2.0,14.8,0.0,1.7,53,-172,7252,878,1050,5.3
22,Nwaneri,1,7,0,True,2026-08-21T19:00:00Z,3,0,0,0,0,0,0,0,0,0,0,0,0,0,0,0.0,0.0,0.0,0.0,55,0,1260,0,0,5.5
22,Nwaneri,2,2,0,False,2026-08-31T19:00:00Z,0,1,0,0,0,0,0,0,0,0,0,0,0,0,0,0.0,0.0,0.0,0.0,55,-248,1254,76,324,5.5
22,Nwaneri,3,6,0,True,2026-09-06T15:30:00Z,2,1,0,0,0,0,0,0,0,0,0,0,0,0,0,0.0,0.0,0.0,0.0,54,-270,1107,157,427,5.4
22,Nwaneri,4,20,0,False,2026-09-12T19:00:00Z,0,2,0,0,0,0,0,0,0,0,0,0,0,0,0,0.0,0.0,0.0,0.0,54,-333,783,0,333,5.4
22,Nwaneri,5,5,0,False,2026-09-19T14:00:00Z,3,0,0,0,0,0,0,0,0,0,0,0,0,0,0,0.0,0.0,0.0,0.0,54,-116,680,0,116,5.4
23,Fábio Vieira,1,7,0,True,2026-08-21T19:00:00Z,3,0,0,0,0,0,0,0,0,0,0,0,0,0,0,0.0,0.0,0.0,0.0,55,0,892,0,0,5.5
23,Fábio Vieira,2,2,0,False,2026-08-31T19:00:00Z,0,1,0,0,0,0,0,0,0,0,0,0,0,0,0,0.0,0.0,0.0,0.0,55,-135,979,80,215,5.5
23,Fábio Vieira,3,6,0,True,2026-09-06T15:30:00Z,2,1,0,0,0,0,0,0,0,0,0,0,0,0,0,0.0,0.0,0.0,0.0,55,-136,972,175,311,5.5
23,Fábio Vieira,4,20,0,False,2026-09-12T19:00:00Z,0,2,0,0,0,0,0,0,0,0,0,0,0,0,0,0.0,0.0,0.0,0.0,55,-265,708,0,265,5.5
23,Fábio Vieira,5,5,0,False,2026-09-19T14:00:00Z,3,0,0,0,0,0,0,0,0,0,0,0,0,0,0,0.0,0.0,0.0,0.0,55,-88,633,0,88,5.5
24,Nelson,1,7,0,True,2026-08-21T19:00:00Z,3,0,0,0,0,0,0,0,0,0,0,0,0,0,0,0.0,0.0,0.0,0.0,55,0,853,0,0,5.5
24,Nelson,2,2,0,False,2026-08-31T19:00:00Z,0,1,0,0,0,0,0,0,0,0,0,0,0,0,0,0.0,0.0,0.0,0.0,55,-108,966,64,172,5.5
24,Nelson,3,6,0,True,2026-09-06T15:30:00Z,2,1,0,0,0,0,0,0,0,0,0,0,0,0,0,0.0,0.0,0.0,0.0,55,-299,662,4,303,5.5
24,Nelson,4,20,0,False,2026-09-12T19:00:00Z,0,2,0,0,0,0,0,0,0,0,0,0,0,0,0,0.0,0.0,0.0,0.0,55,-113,565,0,113,5.5
24,Nelson,5,5,0,False,2026-09-19T14:00:00Z,3,0,0,0,0,0,0,0,0,0,0,0,0,0,0,0.0,0.0,0.0,0.0,55,-66,500,0,66,5.5
25,Gyökeres,1,7,0,True,2026-08-21T19:00:00Z,3,0,0,0,0,0,0,0,0,0,0,0,0,0,0,0.0,0.0,0.0,0.0,75,0,816962,0,0,7.5
25,Gyökeres,2,2,0,False,2026-08-31T19:00:00Z,0,1,0,0,0,0,0,0,0,0,0,0,0,0,0,0.0,0.0,0.0,0.0,74,-229353,650596,8776,238129,7.4
25,Gyökeres,3,6,1,True,2026-09-06T15:30:00Z,2,1,12,0,0,0,0,0,0,0,0,0,0,0,2,0.0,0.1,0.0,0.0,73,-192830,466852,8161,200991,7.3
25,Gyökeres,4,20,0,False,2026-09-12T19:00:00Z,0,2,0,0,0,0,0,0,0,0,0,0,0,0,0,0.0,0.0,0.0,0.0,72,-92048,388876,6130,98178,7.2
25,Gyökeres,5,5,1,False,2026-09-19T14:00:00Z,3,0,17,0,0,0,0,0,0,0,0,0,0,0,5,0.0,14.6,0.0,1.4,72,-51870,342393,5156,57026,7.2
26,Havertz,1,7,6,True,2026-08-21T19:00:00Z,3,0,90,1,0,1,0,0,0,0,0,0,0,0,34,37.2,13.2,25.0,7.5,75,0,468616,0,0,7.5
26,Havertz,2,2,2,False,2026-08-31T19:00:00Z,0,1,90,0,0,1,0,0,0,0,0,0,0,0,5,2.4,3.4,23.0,2.9,75,148783,752082,187608,38825,7.5
26,Havertz,3,6,8,True,2026-09-06T15:30:00Z,2,1,77,1,0,0,1,0,0,0,0,0,0,2,38,43.0,37.0,57.0,13.7,75,-68870,686572,72519,141389,7.5
26,Havertz,4,20,1,False,2026-09-12T19:00:00Z,0,2,90,0,0,1,0,0,0,0,1,0,0,0,0,1.6,12.4,32.0,4.6,75,118477,871717,195764,77287,7.5
26,Havertz,5,5,2,False,2026-09-19T14:00:00Z,3,0,90,0,0,0,3,0,0,0,0,0,0,0,5,5.2,5.3,28.0,3.9,76,44371,915557,147342,102971,7.6
27,G.Jesus,1,7,0,True,2026-08-21T19:00:00Z,3,0,0,0,0,0,0,0,0,0,0,0,0,0,0,0.0,0.0,0.0,0.0,60,0,31403,0,0,6.0
27,G.Jesus,2,2,0,False,2026-08-31T19:00:00Z,0,1,0,0,0,0,0,0,0,0,0,0,0,0,0,0.0,0.0,0.0,0.0,60,-5264,32779,1914,7178,6.0
27,G.Jesus,3,6,0,True,2026-09-06T15:30:00Z,2,1,0,0,0,0,0,0,0,0,0,0,0,0,0,0.0,0.0,0.0,0.0,59,-8859,26101,2250,11109,5.9
27,G.Jesus,4,20,0,False,2026-09-12T19:00:00Z,0,2,0,0,0,0,0,0,0,0,0,0,0,0,0,0.0,0.0,0.0,0.0,59,-7696,18614,0,7696,5.9
27,G.Jesus,5,5,0,False,2026-09-19T14:00:00Z,3,0,0,0,0,0,0,0,0,0,0,0,0,0,0,0.0,0.0,0.0,0.0,59,-2292,16588,0,2292,5.9
31,Konsa,1,7,0,True,2026-08-21T19:00:00Z,3,0,0,0,0,0,0,0,0,0,0,0,0,0,0,0.0,0.0,0.0,0.0,45,0,1206127,0,0,4.5
31,Konsa,2,2,1,False,2026-08-31T19:00:00Z,0,1,11,0,0,0,0,0,0,0,0,0,0,0,3,3.2,0.1,0.0,0.3,45,-179766,1061562,49821,229587,4.5
31,Konsa,3,6,4,True,2026-09-06T15:30:00Z,2,1,90,0,0,0,1,0,0,0,0,0,0,0,15,19.4,1.4,4.0,2.5,44,71726,1139279,270872,199146,4.4
31,Konsa,4,20,6,False,2026-09-12T19:00:00Z,0,2,90,0,0,1,0,0,0,0,0,0,0,0,16,11.8,0.2,0.0,1.2,45,612675,1867300,709520,96845,4.5
31,Konsa,5,5,1,False,2026-09-19T14:00:00Z,3,0,90,0,0,0,3,0,0,0,0,0,0,0,2,10.6,12.3,10.0,3.3,45,277564,2062931,343094,65530,4.5
452,Bruno G.,1,7,0,True,2026-08-21T19:00:00Z,3,0,0,0,0,0,0,0,0,0,0,0,0,0,0,0.0,0.0,0.0,0.0,70,0,391151,0,0,7.0
452,Bruno G.,2,2,1,False,2026-08-31T19:00:00Z,0,1,19,0,0,0,0,0,0,0,0,0,0,0,4,1.4,0.8,2.0,0.4,69,-125705,265263,850,126555,6.9
452,Bruno G.,3,6,0,True,2026-09-06T15:30:00Z,2,1,0,0,0,0,0,0,0,0,0,0,0,0,0,0.0,0.0,0.0,0.0,68,-57236,212586,5546,62782,6.8
452,Bruno G.,4,20,7,False,2026-09-12T19:00:00Z,0,2,45,1,0,0,0,0,0,0,0,0,0,1,29,35.4,3.9,11.0,5.0,68,-35502,181073,2351,37853,6.8
452,Bruno G.,5,5,1,False,2026-09-19T14:00:00Z,3,0,59,0,0,0,3,0,0,0,0,0,0,0,12,4.2,1.8,6.0,1.2,67,6316,192568,16199,9883,6.7
557,Tzolis,1,7,6,True,2026-08-21T19:00:00Z,3,0,75,0,1,1,0,0,0,0,0,0,0,0,30,17.0,39.8,30.0,8.7,65,0,2247384,0,0,6.5
557,Tzolis,2,2,0,False,2026-08-31T19:00:00Z,0,1,45,0,0,0,0,0,0,0,1,0,0,0,1,0.0,11.8,4.0,1.6,65,180987,2597617,236687,55700,6.5
557,Tzolis,3,6,5,True,2026-09-06T15:30:00Z,2,1,90,0,1,0,1,0,0,0,1,0,0,1,31,30.6,50.0,4.0,8.5,65,-601940,1889271,91384,693324,6.5
557,Tzolis,4,20,3,False,2026-09-12T19:00:00Z,0,2,80,0,0,1,0,0,0,0,0,0,0,0,10,3.8,7.3,2.0,1.3,64,-328555,1659753,82691,411246,6.4
557,Tzolis,5,5,2,False,2026-09-19T14:00:00Z,3,0,72,0,0,0,3,0,0,0,0,0,0,0,9,5.0,6.2,6.0,1.7,64,-263333,1417272,39605,302938,6.4
29,M.Bizot,1,5,1,False,2026-08-23T13:00:00Z,4,0,90,0,0,0,4,0,0,0,0,0,3,0,1,28.2,0.0,0.0,2.8,45,0,10183,0,0,4.5
29,M.Bizot,2,1,0,True,2026-08-31T19:00:00Z,0,1,0,0,0,0,0,0,0,0,0,0,0,0,0,0.0,0.0,0.0,0.0,45,-36,13320,845,881,4.5
29,M.Bizot,3,11,0,False,2026-09-05T16:30:00Z,0,0,0,0,0,0,0,0,0,0,0,0,0,0,0,0.0,0.0,0.0,0.0,45,-69,14920,2306,2375,4.5
29,M.Bizot,4,18,0,True,2026-09-12T14:00:00Z,1,2,0,0,0,0,0,0,0,0,0,0,0,0,0,0.0,0.0,0.0,0.0,45,-601,14214,1027,1628,4.5
29,M.Bizot,5,19,0,False,2026-09-19T11:30:00Z,2,3,0,0,0,0,0,0,0,0,0,0,0,0,0,0.0,0.0,0.0,0.0,45,-1076,13259,416,1492,4.5
30,Digne,1,5,0,False,2026-08-23T13:00:00Z,4,0,0,0,0,0,0,0,0,0,0,0,0,0,0,0.0,0.0,0.0,0.0,45,0,13780,0,0,4.5
30,Digne,2,1,0,True,2026-08-31T19:00:00Z,0,1,0,0,0,0,0,0,0,0,0,0,0,0,0,0.0,0.0,0.0,0.0,45,-4977,8690,0,4977,4.5
30,Digne,3,11,0,False,2026-09-05T16:30:00Z,0,0,0,0,0,0,0,0,0,0,0,0,0,0,0,0.0,0.0,0.0,0.0,45,-2071,6725,0,2071,4.5
30,Digne,4,18,0,True,2026-09-12T14:00:00Z,1,2,0,0,0,0,0,0,0,0,0,0,0,0,0,0.0,0.0,0.0,0.0,45,-932,5846,0,932,4.5
30,Digne,5,19,0,False,2026-09-19T11:30:00Z,2,3,0,0,0,0,0,0,0,0,0,0,0,0,0,0.0,0.0,0.0,0.0,45,-431,5450,0,431,4.5
32,Cash,1,5,-1,False,2026-08-23T13:00:00Z,4,0,90,0,0,0,4,0,0,0,1,0,0,0,-8,12.0,1.1,0.0,1.3,45,0,789072,0,0,4.5
32,Cash,2,1,2,True,2026-08-31T19:00:00Z,0,1,77,0,0,0,1,0,0,0,0,0,0,0,8,14.0,1.8,7.0,2.3,45,-79349,749133,26978,106327,4.5
32,Cash,3,11,6,False,2026-09-05T16:30:00Z,0,0,84,0,0,1,0,0,0,0,0,0,0,0,23,6.4,16.3,6.0,2.9,45,-35679,731987,41628,77307,4.5
32,Cash,4,18,0,True,2026-09-12T14:00:00Z,1,2,0,0,0,0,0,0,0,0,0,0,0,0,0,0.0,0.0,0.0,0.0,45,-80882,641566,18781,99663,4.5
32,Cash,5,19,-1,False,2026-09-19T11:30:00Z,2,3,45,0,0,0,2,0,0,0,1,0,0,0,-7,4.0,3.1,0.0,0.7,44,-105428,542880,5264,110692,4.4
33,Mings,1,5,1,False,2026-08-23T13:00:00Z,4,0,16,0,0,0,0,0,0,0,0,0,0,0,5,2.0,0.0,0.0,0.2,45,0,29034,0,0,4.5
33,Mings,2,1,0,True,2026-08-31T19:00:00Z,0,1,0,0,0,0,0,0,0,0,0,0,0,0,0,0.0,0.0,0.0,0.0,45,-254,38144,3253,3507,4.5
33,Mings,3,11,6,False,2026-09-05T16:30:00Z,0,0,90,0,0,1,0,0,0,0,0,0,0,0,28,14.8,4.4,13.0,3.2,45,-2214,38099,2622,4836,4.5
33,Mings,4,18,0,True,2026-09-12T14:00:00Z,1,2,65,0,0,0,2,0,0,0,1,0,0,0,0,15.6,0.6,4.0,2.0,45,2788,43024,5312,2524,4.5
33,Mings,5,19,3,False,2026-09-19T11:30:00Z,2,3,90,0,0,0,2,0,0,0,0,0,0,0,10,27.4,0.6,0.0,2.8,45,-1624,41769,3533,5157,4.5
34,Pau,1,5,0,False,2026-08-23T13:00:00Z,4,0,73,0,0,0,4,0,0,0,0,0,0,0,-14,0.0,0.7,0.0,0.0,45,0,38472,0,0,4.5
34,Pau,2,1,2,True,2026-08-31T19:00:00Z,0,1,90,0,0,0,1,0,0,0,0,0,0,0,6,11.0,0.8,0.0,1.2,45,-3229,41549,1831,5060,4.5
34,Pau,3,11,0,False,2026-09-05T16:30:00Z,0,0,0,0,0,0,0,0,0,0,0,0,0,0,0,0.0,0.0,0.0,0.0,45,919,46943,5255,4336,4.5
34,Pau,4,18,1,True,2026-09-12T14:00:00Z,1,2,24,0,0,0,0,0,0,0,0,0,0,0,4,0.2,0.4,2.0,0.3,45,-1717,43964,3870,5587,4.5
34,Pau,5,19,0,False,2026-09-19T11:30:00Z,2,3,0,0,0,0,0,0,0,0,0,0,0,0,0,0.0,0.0,0.0,0.0,45,-9138,34289,237,9375,4.5
35,Bogarde,1,5,1,False,2026-08-23T13:00:00Z,4,0,16,0,0,0,0,0,0,0,0,0,0,0,3,2.2,0.5,0.0,0.3,50,0,5822,0,0,5.0
35,Bogarde,2,1,0,True,2026-08-31T19:00:00Z,0,1,0,0,0,0,0,0,0,0,0,0,0,0,0,0.0,0.0,0.0,0.0,50,-349,6973,636,985,5.0
35,Bogarde,3,11,0,False,2026-09-05T16:30:00Z,0,0,0,0,0,0,0,0,0,0,0,0,0,0,0,0.0,0.0,0.0,0.0,50,-311,7284,945,1256,5.0
35,Bogarde,4,18,0,True,2026-09-12T14:00:00Z,1,2,0,0,0,0,0,0,0,0,0,0,0,0,0,0.0,0.0,0.0,0.0,50,-440,7155,686,1126,5.0
35,Bogarde,5,19,0,False,2026-09-19T11:30:00Z,2,3,0,0,0,0,0,0,0,0,0,0,0,0,0,0.0,0.0,0.0,0.0,50,-487,6803,474,961,5.0
36,Maatsen,1,5,0,False,2026-08-23T13:00:00Z,4,0,81,0,0,0,4,0,0,0,0,0,0,0,-9,9.2,0.8,3.0,1.3,45,0,71952,0,0,4.5
36,Maatsen,2,1,1,True,2026-08-31T19:00:00Z,0,1,90,0,0,0,1,0,0,0,1,0,0,0,-5,4.8,0.5,12.0,1.7,45,-6312,72655,2546,8858,4.5
36,Maatsen,3,11,7,False,2026-09-05T16:30:00Z,0,0,74,0,0,1,0,0,0,0,0,0,0,1,29,10.6,19.8,4.0,3.4,45,2667,83194,11292,8625,4.5
36,Maatsen,4,18,1,True,2026-09-12T14:00:00Z,1,2,90,0,0,0,2,0,0,0,0,0,0,0,7,10.2,3.4,24.0,3.8,45,10444,92419,17456,7012,4.5
36,Maatsen,5,19,0,False,2026-09-19T11:30:00Z,2,3,0,0,0,0,0,0,0,0,0,0,0,0,0,0.0,0.0,0.0,0.0,45,-30695,58351,548,31243,4.5
37,Lindelöf,1,5,-2,False,2026-08-23T13:00:00Z,4,0,90,0,0,0,4,1,0,0,0,0,0,0,-13,1.8,0.1,0.0,0.2,45,0,24630,0,0,4.5
37,Lindelöf,2,1,2,True,2026-08-31T19:00:00Z,0,1,90,0,0,0,1,0,0,0,0,0,0,0,10,15.0,1.2,0.0,1.6,45,-2236,27172,1775,4011,4.5
37,Lindelöf,3,11,6,False,2026-09-05T16:30:00Z,0,0,90,0,0,1,0,0,0,0,0,0,0,0,28,22.4,24.9,2.0,4.9,45,216,29725,3211,2995,4.5
37,Lindelöf,4,18,1,True,2026-09-12T14:00:00Z,1,2,90,0,0,0,2,0,0,0,0,0,0,0,2,16.4,1.1,35.0,5.3,45,3012,33974,5112,2100,4.5
37,Lindelöf,5,19,1,False,2026-09-19T11:30:00Z,2,3,90,0,0,0,2,0,0,0,0,0,0,0,1,18.8,10.0,0.0,2.9,45,-415,33907,3502,3917,4.5
38,A.García,1,5,0,False,2026-08-23T13:00:00Z,4,0,0,0,0,0,0,0,0,0,0,0,0,0,0,0.0,0.0,0.0,0.0,40,0,157304,0,0,4.0
38,A.García,2,1,0,True,2026-08-31T19:00:00Z,0,1,0,0,0,0,0,0,0,0,0,0,0,0,0,0.0,0.0,0.0,0.0,40,-6584,167046,7339,13923,4.0
38,A.García,3,11,0,False,2026-09-05T16:30:00Z,0,0,0,0,0,0,0,0,0,0,0,0,0,0,0,0.0,0.0,0.0,0.0,40,-506,187661,16171,16677,4.0
38,A.García,4,18,0,True,2026-09-12T14:00:00Z,1,2,0,0,0,0,0,0,0,0,0,0,0,0,0,0.0,0.0,0.0,0.0,40,-4343,183834,12784,17127,4.0
38,A.García,5,19,0,False,2026-09-19T11:30:00Z,2,3,0,0,0,0,0,0,0,0,0,0,0,0,0,0.0,0.0,0.0,0.0,40,-7021,171537,7152,14173,4.0
39,Nedeljkovic,1,5,0,False,2026-08-23T13:00:00Z,4,0,0,0,0,0,0,0,0,0,0,0,0,0,0,0.0,0.0,0.0,0.0,40,0,29043,0,0,4.0
39,Nedeljkovic,2,1,0,True,2026-08-31T19:00:00Z,0,1,0,0,0,0,0,0,0,0,0,0,0,0,0,0.0,0.0,0.0,0.0,40,-7238,21591,0,7238,4.0
39,Nedeljkovic,3,11,0,False,2026-09-05T16:30:00Z,0,0,0,0,0,0,0,0,0,0,0,0,0,0,0,0.0,0.0,0.0,0.0,40,-3988,17687,0,3988,4.0
39,Nedeljkovic,4,18,0,True,2026-09-12T14:00:00Z,1,2,0,0,0,0,0,0,0,0,0,0,0,0,0,0.0,0.0,0.0,0.0,40,-2186,15637,0,2186,4.0
39,Nedeljkovic,5,19,0,False,2026-09-19T11:30:00Z,2,3,0,0,0,0,0,0,0,0,0,0,0,0,0,0.0,0.0,0.0,0.0,40,-1273,14409,0,1273,4.0
41,Buendía,1,5,2,False,2026-08-23T13:00:00Z,4,0,85,0,0,0,4,0,0,0,0,0,0,0,4,0.0,16.3,8.0,2.2,60,0,120830,0,0,6.0
41,Buendía,2,1,2,True,2026-08-31T19:00:00Z,0,1,90,0,0,0,1,0,0,0,0,0,0,0,9,5.0,13.2,9.0,2.7,60,-16866,114718,5020,21886,6.0
41,Buendía,3,11,3,False,2026-09-05T16:30:00Z,0,0,74,0,0,1,0,0,0,0,0,0,0,0,2,0.0,10.8,7.0,1.4,60,-3519,128636,20598,24117,6.0
41,Buendía,4,18,2,True,2026-09-12T14:00:00Z,1,2,62,0,0,0,1,0,0,0,0,0,0,0,8,0.0,3.9,0.0,0.1,59,-5900,111856,15961,21861,5.9
41,Buendía,5,19,12,False,2026-09-19T11:30:00Z,2,3,90,1,0,0,2,0,0,0,0,0,0,3,50,61.0,36.3,35.0,13.2,59,-16876,94622,6405,23281,5.9
44,Bailey,1,5,0,False,2026-08-23T13:00:00Z,4,0,0,0,0,0,0,0,0,0,0,0,0,0,0,0.0,0.0,0.0,0.0,55,0,12940,0,0,5.5
44,Bailey,2,1,0,True,2026-08-31T19:00:00Z,0,1,0,0,0,0,0,0,0,0,0,0,0,0,0,0.0,0.0,0.0,0.0,55,-1655,14192,1002,2657,5.5
44,Bailey,3,11,0,False,2026-09-05T16:30:00Z,0,0,0,0,0,0,0,0,0,0,0,0,0,0,0,0.0,0.0,0.0,0.0,54,-2630,12237,1094,3724,5.4
44,Bailey,4,18,0,True,2026-09-12T14:00:00Z,1,2,0,0,0,0,0,0,0,0,0,0,0,0,0,0.0,0.0,0.0,0.0,54,-4702,7592,0,4702,5.4
44,Bailey,5,19,0,False,2026-09-19T11:30:00Z,2,3,0,0,0,0,0,0,0,0,0,0,0,0,0,0.0,0.0,0.0,0.0,54,-1648,6080,0,1648,5.4
45,McGinn,1,5,1,False,2026-08-23T13:00:00Z,4,0,81,0,0,0,4,0,0,0,1,0,0,0,8,1.6,2.4,1.0,0.5,55,0,290994,0,0,5.5
45,McGinn,2,1,1,True,2026-08-31T19:00:00Z,0,1,90,0,0,0,1,0,0,0,1,0,0,0,2,0.0,12.0,10.0,1.7,55,-37047,274653,7606,44653,5.5
45,McGinn,3,11,3,False,2026-09-05T16:30:00Z,0,0,90,0,0,1,0,0,0,0,0,0,0,0,6,1.4,5.6,4.0,1.1,54,-27591,252885,16891,44482,5.4
45,McGinn,4,18,6,True,2026-09-12T14:00:00Z,1,2,90,0,1,0,2,0,0,0,0,0,0,1,30,26.4,31.4,0.0,5.8,54,-12721,243800,20520,33241,5.4
45,McGinn,5,19,6,False,2026-09-19T11:30:00Z,2,3,83,0,1,1,0,0,0,0,0,0,0,0,19,23.0,33.5,0.0,5.7,54,-5772,240695,18814,24586,5.4
46,Barkley,1,5,2,False,2026-08-23T13:00:00Z,4,0,73,0,0,0,4,0,0,0,0,0,0,0,11,9.4,21.4,7.0,3.8,50,0,20508,0,0,5.0
46,Barkley,2,1,2,True,2026-08-31T19:00:00Z,0,1,77,0,0,0,1,0,0,0,0,0,0,0,23,12.8,23.3,2.0,3.8,50,-841,23246,1875,2716,5.0
46,Barkley,3,11,3,False,2026-09-05T16:30:00Z,0,0,90,0,0,1,0,0,0,0,0,0,0,0,15,13.6,34.1,15.0,6.3,50,1735,27497,5744,4009,5.0
46,Barkley,4,18,2,True,2026-09-12T14:00:00Z,1,2,62,0,0,0,1,0,0,0,0,0,0,0,14,6.0,2.7,7.0,1.6,50,1496,29642,5244,3748,5.0
46,Barkley,5,19,1,False,2026-09-19T11:30:00Z,2,3,6,0,0,0,2,0,0,0,0,0,0,0,3,0.6,0.8,0.0,0.1,50,-1310,28594,2694,4004,5.0
47,Kamara,1,5,2,False,2026-08-23T13:00:00Z,4,0,90,0,0,0,4,0,0,0,0,0,0,0,9,11.2,2.8,0.0,1.4,50,0,31172,0,0,5.0
47,Kamara,2,1,2,True,2026-08-31T19:00:00Z,0,1,90,0,0,0,1,0,0,0,0,0,0,0,13,10.6,14.2,0.0,2.5,50,-2250,33591,2489,4739,5.0
47,Kamara,3,11,3,False,2026-09-05T16:30:00Z,0,0,90,0,0,1,0,0,0,0,0,0,0,0,20,13.6,26.2,0.0,4.0,50,-720,35132,5061,5781,5.0
47,Kamara,4,18,2,True,2026-09-12T14:00:00Z,1,2,90,0,0,0,2,0,0,0,0,0,0,0,17,11.6,12.4,2.0,2.6,50,-1023,34935,3671,4694,5.0
47,Kamara,5,19,6,False,2026-09-19T11:30:00Z,2,3,83,0,1,1,0,0,0,0,0,0,0,0,26,21.0,13.2,4.0,3.8,50,-2746,32641,1988,4734,5.0
48,Onana,1,5,0,False,2026-08-23T13:00:00Z,4,0,0,0,0,0,0,0,0,0,0,0,0,0,0,0.0,0.0,0.0,0.0,50,0,2081,0,0,5.0
48,Onana,2,1,0,True,2026-08-31T19:00:00Z,0,1,0,0,0,0,0,0,0,0,0,0,0,0,0,0.0,0.0,0.0,0.0,50,-372,2156,157,529,5.0
48,Onana,3,11,0,False,2026-09-05T16:30:00Z,0,0,0,0,0,0,0,0,0,0,0,0,0,0,0,0.0,0.0,0.0,0.0,50,-430,1852,140,570,5.0
48,Onana,4,18,0,True,2026-09-12T14:00:00Z,1,2,0,0,0,0,0,0,0,0,0,0,0,0,0,0.0,0.0,0.0,0.0,50,-160,1757,108,268,5.0
48,Onana,5,19,0,False,2026-09-19T11:30:00Z,2,3,0,0,0,0,0,0,0,0,0,0,0,0,0,0.0,0.0,0.0,0.0,49,-137,1654,66,203,4.9
49,Iling Jr,1,5,0,False,2026-08-23T13:00:00Z,4,0,0,0,0,0,0,0,0,0,0,0,0,0,0,0.0,0.0,0.0,0.0,50,0,394,0,0,5.0
49,Iling Jr,2,1,0,True,2026-08-31T19:00:00Z,0,1,0,0,0,0,0,0,0,0,0,0,0,0,0,0.0,0.0,0.0,0.0,50,-120,271,0,120,5.0
49,Iling Jr,3,11,0,False,2026-09-05T16:30:00Z,0,0,0,0,0,0,0,0,0,0,0,0,0,0,0,0.0,0.0,0.0,0.0,50,-63,211,0,63,5.0
49,Iling Jr,4,18,0,True,2026-09-12T14:00:00Z,1,2,0,0,0,0,0,0,0,0,0,0,0,0,0,0.0,0.0,0.0,0.0,50,-22,188,0,22,5.0
49,Iling Jr,5,19,0,False,2026-09-19T11:30:00Z,2,3,0,0,0,0,0,0,0,0,0,0,0,0,0,0.0,0.0,0.0,0.0,50,-20,169,0,20,5.0
50,Burrowes,1,5,0,False,2026-08-23T13:00:00Z,4,0,0,0,0,0,0,0,0,0,0,0,0,0,0,0.0,0.0,0.0,0.0,45,0,60228,0,0,4.5
50,Burrowes,2,1,0,True,2026-08-31T19:00:00Z,0,1,0,0,0,0,0,0,0,0,0,0,0,0,0,0.0,0.0,0.0,0.0,45,-3255,64781,3513,6768,4.5
50,Burrowes,3,11,0,False,2026-09-05T16:30:00Z,0,0,0,0,0,0,0,0,0,0,0,0,0,0,0,0.0,0.0,0.0,0.0,45,-408,72806,8705,9113,4.5
50,Burrowes,4,18,0,True,2026-09-12T14:00:00Z,1,2,0,0,0,0,0,0,0,0,0,0,0,0,0,0.0,0.0,0.0,0.0,45,-1967,71444,6646,8613,4.5
50,Burrowes,5,19,0,False,2026-09-19T11:30:00Z,2,3,0,0,0,0,0,0,0,0,0,0,0,0,0,0.0,0.0,0.0,0.0,45,-5269,63804,1961,7230,4.5
51,George Hemmings,1,5,2,False,2026-08-23T13:00:00Z,4,0,90,0,0,0,4,0,0,0,0,0,0,0,12,10.6,11.6,2.0,2.4,45,0,60759,0,0,4.5
51,George Hemmings,2,1,2,True,2026-08-31T19:00:00Z,0,1,70,0,0,0,1,0,0,0,0,0,0,0,5,1.8,4.3,0.0,0.6,45,3259,72550,8743,5484,4.5
51,George Hemmings,3,11,3,False,2026-09-05T16:30:00Z,0,0,74,0,0,1,0,0,0,0,0,0,0,0,12,10.8,13.5,21.0,4.5,45,21970,110782,36405,14435,4.5
51,George Hemmings,4,18,1,True,2026-09-12T14:00:00Z,1,2,45,0,0,0,0,0,0,0,0,0,0,0,3,2.0,11.5,2.0,1.6,45,30719,147009,53459,22740,4.5
51,George Hemmings,5,19,1,False,2026-09-19T11:30:00Z,2,3,18,0,0,0,2,0,0,0,0,0,0,0,2,0.0,1.2,0.0,0.0,45,-3198,135094,14076,17274,4.5
52,Alysson,1,5,1,False,2026-08-23T13:00:00Z,4,0,8,0,0,0,0,0,0,0,0,0,0,0,5,4.0,0.0,0.0,0.4,50,0,3792,0,0,5.0
52,Alysson,2,1,0,True,2026-08-31T19:00:00Z,0,1,19,0,0,0,0,0,0,0,1,0,0,0,2,1.2,0.8,2.0,0.4,50,-253,4426,343,596,5.0
52,Alysson,3,11,1,False,2026-09-05T16:30:00Z,0,0,15,0,0,0,0,0,0,0,0,0,0,0,3,0.2,1.8,0.0,0.2,50,-102,4733,827,929,5.0
52,Alysson,4,18,6,True,2026-09-12T14:00:00Z,1,2,45,1,0,0,2,0,0,0,0,0,0,0,24,34.4,2.3,23.0,6.0,50,-205,4724,508,713,5.0
52,Alysson,5,19,0,False,2026-09-19T11:30:00Z,2,3,0,0,0,0,0,0,0,0,0,0,0,0,0,0.0,0.0,0.0,0.0,50,983,6101,1608,625,5.0
53,Manzambi,1,5,0,False,2026-08-23T13:00:00Z,4,0,0,0,0,0,0,0,0,0,0,0,0,0,0,0.0,0.0,0.0,0.0,60,0,26624,0,0,6.0
53,Manzambi,2,1,0,True,2026-08-31T19:00:00Z,0,1,0,0,0,0,0,0,0,0,0,0,0,0,0,0.0,0.0,0.0,0.0,60,-8558,18618,232,8790,6.0
53,Manzambi,3,11,0,False,2026-09-05T16:30:00Z,0,0,0,0,0,0,0,0,0,0,0,0,0,0,0,0.0,0.0,0.0,0.0,59,-4708,14230,341,5049,5.9
53,Manzambi,4,18,1,True,2026-09-12T14:00:00Z,1,2,27,0,0,0,1,0,0,0,0,0,0,0,3,2.6,4.0,0.0,0.7,59,-1220,13307,570,1790,5.9
53,Manzambi,5,19,13,False,2026-09-19T11:30:00Z,2,3,71,1,1,1,0,0,0,0,0,0,0,2,45,63.2,25.8,60.0,14.9,59,853,14639,1843,990,5.9
54,Gomes,1,5,-2,False,2026-08-23T13:00:00Z,4,0,39,0,0,0,4,0,0,0,0,1,0,0,-2,1.0,11.0,0.0,1.2,55,0,6573,0,0,5.5
54,Gomes,2,1,0,True,2026-08-31T19:00:00Z,0,1,0,0,0,0,0,0,0,0,0,0,0,0,0,0.0,0.0,0.0,0.0,55,-1729,5096,154,1883,5.5
54,Gomes,3,11,0,False,2026-09-05T16:30:00Z,0,0,0,0,0,0,0,0,0,0,0,0,0,0,0,0.0,0.0,0.0,0.0,55,-1095,4112,90,1185,5.5
54,Gomes,4,18,0,True,2026-09-12T14:00:00Z,1,2,0,0,0,0,0,0,0,0,0,0,0,0,0,0.0,0.0,0.0,0.0,55,-383,3819,131,514,5.5
54,Gomes,5,19,4,False,2026-09-19T11:30:00Z,2,3,90,0,0,0,2,0,0,0,0,0,0,0,13,22.6,13.8,0.0,3.6,55,137,4213,464,327,5.5
55,Watkins,1,5,0,False,2026-08-23T13:00:00Z,4,0,0,0,0,0,0,0,0,0,0,0,0,0,0,0.0,0.0,0.0,0.0,80,0,898121,0,0,8.0
55,Watkins,2,1,0,True,2026-08-31T19:00:00Z,0,1,0,0,0,0,0,0,0,0,0,0,0,0,0,0.0,0.0,0.0,0.0,79,-265828,734872,10632,276460,7.9
55,Watkins,3,11,0,False,2026-09-05T16:30:00Z,0,0,0,0,0,0,0,0,0,0,0,0,0,0,0,0.0,0.0,0.0,0.0,78,-305129,433685,4250,309379,7.8
55,Watkins,4,18,0,True,2026-09-12T14:00:00Z,1,2,0,0,0,0,0,0,0,0,0,0,0,0,0,0.0,0.0,0.0,0.0,78,-126292,317753,0,126292,7.8
55,Watkins,5,19,0,False,2026-09-19T11:30:00Z,2,3,0,0,0,0,0,0,0,0,0,0,0,0,0,0.0,0.0,0.0,0.0,78,-35250,284909,0,35250,7.8
56,Abraham,1,5,0,False,2026-08-23T13:00:00Z,4,0,0,0,0,0,0,0,0,0,0,0,0,0,0,0.0,0.0,0.0,0.0,55,0,11764,0,0,5.5
56,Abraham,2,1,1,True,2026-08-31T19:00:00Z,0,1,19,0,0,0,0,0,0,0,0,0,0,0,3,0.0,1.3,0.0,0.1,55,-2086,10592,597,2683,5.5
56,Abraham,3,11,1,False,2026-09-05T16:30:00Z,0,0,5,0,0,0,0,0,0,0,0,0,0,0,3,2.0,1.0,0.0,0.3,55,2174,14917,4925,2751,5.5
56,Abraham,4,18,1,True,2026-09-12T14:00:00Z,1,2,45,0,0,0,2,0,0,0,0,0,0,0,4,1.2,1.5,2.0,0.5,55,1369,17325,4186,2817,5.5
56,Abraham,5,19,1,False,2026-09-19T11:30:00Z,2,3,2,0,0,0,1,0,0,0,0,0,0,0,3,0.0,2.4,0.0,0.2,55,1415,19806,4340,2925,5.5
160,Garnacho,1,5,1,False,2026-08-23T13:00:00Z,4,0,4,0,0,0,0,0,0,0,0,0,0,0,2,0.0,0.0,0.0,0.0,60,0,54802,0,0,6.0
160,Garnacho,2,1,1,True,2026-08-31T19:00:00Z,0,1,12,0,0,0,0,0,0,0,0,0,0,0,3,0.2,2.0,0.0,0.2,60,-8554,53506,2021,10575,6.0
160,Garnacho,3,11,1,False,2026-09-05T16:30:00Z,0,0,15,0,0,0,0,0,0,0,0,0,0,0,4,1.0,1.6,0.0,0.3,59,-9524,46064,2557,12081,5.9
160,Garnacho,4,18,0,True,2026-09-12T14:00:00Z,1,2,0,0,0,0,0,0,0,0,0,0,0,0,0,0.0,0.0,0.0,0.0,59,-7225,40475,1531,8756,5.9
160,Garnacho,5,19,0,False,2026-09-19T11:30:00Z,2,3,0,0,0,0,0,0,0,0,0,0,0,0,0,0.0,0.0,0.0,0.0,58,-6202,35129,839,7041,5.8
166,N.Jackson,1,10,0,False,2026-08-24T19:00:00Z,2,3,0,0,0,0,0,0,0,0,0,0,0,0,0,0.0,0.0,0.0,0.0,65,0,29435,0,0,6.5
166,N.Jackson,2,1,2,True,2026-08-31T19:00:00Z,0,1,70,0,0,0,1,0,0,0,0,0,0,0,11,4.2,5.9,2.0,1.2,65,-2878,63340,26989,5175,6.5
166,N.Jackson,3,11,2,False,2026-09-05T16:30:00Z,0,0,84,0,0,1,0,0,0,0,0,0,0,0,10,1.2,17.5,20.0,3.9,65,37834,115958,46877,9043,6.5
166,N.Jackson,4,18,0,True,2026-09-12T14:00:00Z,1,2,45,0,0,0,0,0,0,0,1,0,0,0,0,0.0,2.0,2.0,0.2,65,28857,143354,47223,18366,6.5
166,N.Jackson,5,19,6,False,2026-09-19T11:30:00Z,2,3,87,1,0,0,1,0,0,0,1,0,0,1,31,37.4,11.4,52.0,10.1,65,-17305,125508,18834,36139,6.5
582,Madjo,1,5,0,False,2026-08-23T13:00:00Z,4,0,0,0,0,0,0,0,0,0,0,0,0,0,0,0.0,0.0,0.0,0.0,55,0,46241,0,0,5.5
582,Madjo,2,1,0,True,2026-08-31T19:00:00Z,0,1,0,0,0,0,0,0,0,0,0,0,0,0,0,0.0,0.0,0.0,0.0,55,-7757,40291,1166,8923,5.5
582,Madjo,3,11,0,False,2026-09-05T16:30:00Z,0,0,0,0,0,0,0,0,0,0,0,0,0,0,0,0.0,0.0,0.0,0.0,55,-8463,31743,894,9357,5.5
582,Madjo,4,18,0,True,2026-09-12T14:00:00Z,1,2,0,0,0,0,0,0,0,0,0,0,0,0,0,0.0,0.0,0.0,0.0,55,-5489,26815,357,5846,5.5
582,Madjo,5,19,0,False,2026-09-19T11:30:00Z,2,3,0,0,0,0,0,0,0,0,0,0,0,0,0,0.0,0.0,0.0,0.0,54,-4377,22744,268,4645,5.4
596,Ruggeri,1,5,1,False,2026-08-23T13:00:00Z,4,0,8,0,0,0,0,0,0,0,0,0,0,0,3,4.0,0.0,0.0,0.4,45,0,7884,0,0,4.5
596,Ruggeri,2,1,0,True,2026-08-31T19:00:00Z,0,1,0,0,0,0,0,0,0,0,0,0,0,0,0,0.0,0.0,0.0,0.0,45,-243,10673,856,1099,4.5
596,Ruggeri,3,11,1,False,2026-09-05T16:30:00Z,0,0,15,0,0,0,0,0,0,0,0,0,0,0,3,2.6,2.6,0.0,0.5,45,-990,10240,736,1726,4.5
596,Ruggeri,4,18,0,True,2026-09-12T14:00:00Z,1,2,0,0,0,0,0,0,0,0,0,0,0,0,0,0.0,0.0,0.0,0.0,45,-993,9485,272,1265,4.5
596,Ruggeri,5,19,3,False,2026-09-19T11:30:00Z,2,3,90,0,0,0,2,0,0,0,0,0,0,0,11,19.4,11.5,1.0,3.2,45,-395,9272,779,1174,4.5
597,Suzuki,1,5,0,False,2026-08-23T13:00:00Z,4,0,0,0,0,0,0,0,0,0,0,0,0,0,0,0.0,0.0,0.0,0.0,50,0,61739,0,0,5.0
597,Suzuki,2,1,2,True,2026-08-31T19:00:00Z,0,1,90,0,0,0,1,0,0,0,0,0,1,0,8,13.6,0.0,0.0,1.4,50,-2542,82325,4229,6771,5.0
597,Suzuki,3,11,10,False,2026-09-05T16:30:00Z,0,0,90,0,0,1,0,0,0,0,0,0,4,3,38,27.2,0.0,0.0,2.7,50,21820,144003,33094,11274,5.0
597,Suzuki,4,18,2,True,2026-09-12T14:00:00Z,1,2,90,0,0,0,2,0,0,0,0,0,5,0,17,38.6,0.0,0.0,3.9,50,64651,206678,83655,19004,5.0
597,Suzuki,5,19,2,False,2026-09-19T11:30:00Z,2,3,90,0,0,0,2,0,0,0,0,0,5,0,17,36.2,0.0,0.0,3.6,50,-2224,196011,16586,18810,5.0
606,Rowe,1,5,0,False,2026-08-23T13:00:00Z,4,0,0,0,0,0,0,0,0,0,0,0,0,0,0,0.0,0.0,0.0,0.0,40,0,0,0,0,4.0
606,Rowe,2,1,0,True,2026-08-31T19:00:00Z,0,1,0,0,0,0,0,0,0,0,0,0,0,0,0,0.0,0.0,0.0,0.0,40,1314,5947,1560,246,4.0
606,Rowe,3,11,0,False,2026-09-05T16:30:00Z,0,0,0,0,0,0,0,0,0,0,0,0,0,0,0,0.0,0.0,0.0,0.0,40,4717,18767,6400,1683,4.0
606,Rowe,4,18,0,True,2026-09-12T14:00:00Z,1,2,0,0,0,0,0,0,0,0,0,0,0,0,0,0.0,0.0,0.0,0.0,40,1187,18103,2914,1727,4.0
606,Rowe,5,19,0,False,2026-09-19T11:30:00Z,2,3,0,0,0,0,0,0,0,0,0,0,0,0,0,0.0,0.0,0.0,0.0,40,223,18299,1822,1599,4.0
607,Lynch,1,5,0,False,2026-08-23T13:00:00Z,4,0,0,0,0,0,0,0,0,0,0,0,0,0,0,0.0,0.0,0.0,0.0,45,0,0,0,0,4.5
607,Lynch,2,1,0,True,2026-08-31T19:00:00Z,0,1,0,0,0,0,0,0,0,0,0,0,0,0,0,0.0,0.0,0.0,0.0,45,2771,8874,3603,832,4.5
607,Lynch,3,11,0,False,2026-09-05T16:30:00Z,0,0,0,0,0,0,0,0,0,0,0,0,0,0,0,0.0,0.0,0.0,0.0,45,1177,12683,3500,2323,4.5
607,Lynch,4,18,0,True,2026-09-12T14:00:00Z,1,2,0,0,0,0,0,0,0,0,0,0,0,0,0,0.0,0.0,0.0,0.0,45,-2922,8828,0,2922,4.5
607,Lynch,5,19,0,False,2026-09-19T11:30:00Z,2,3,0,0,0,0,0,0,0,0,0,0,0,0,0,0.0,0.0,0.0,0.0,45,-1367,7636,0,1367,4.5
611,Wan-Bissaka,2,1,1,True,2026-08-31T19:00:00Z,0,1,12,0,0,0,0,0,0,0,0,0,0,0,4,3.6,0.8,0.0,0.4,45,1383,4588,1549,166,4.5
611,Wan-Bissaka,3,11,1,False,2026-09-05T16:30:00Z,0,0,5,0,0,0,0,0,0,0,0,0,0,0,3,2.8,0.9,0.0,0.4,45,5012,15829,6633,1621,4.5
611,Wan-Bissaka,4,18,3,True,2026-09-12T14:00:00Z,1,2,90,0,0,0,2,0,0,0,0,0,0,0,11,26.0,13.3,0.0,3.9,45,1842,19667,4076,2234,4.5
611,Wan-Bissaka,5,19,1,False,2026-09-19T11:30:00Z,2,3,45,0,0,0,0,0,0,0,0,0,0,0,6,10.4,1.4,0.0,1.2,45,2283,23660,4595,2312,4.5
618,Goretzka,2,1,0,True,2026-08-31T19:00:00Z,0,1,0,0,0,0,0,0,0,0,0,0,0,0,0,0.0,0.0,0.0,0.0,60,205,386,212,7,6.0
618,Goretzka,3,11,0,False,2026-09-05T16:30:00Z,0,0,0,0,0,0,0,0,0,0,0,0,0,0,0,0.0,0.0,0.0,0.0,60,2608,5084,3449,841,6.0
618,Goretzka,4,18,0,True,2026-09-12T14:00:00Z,1,2,0,0,0,0,0,0,0,0,0,0,0,0,0,0.0,0.0,0.0,0.0,60,-1201,4178,901,2102,6.0
618,Goretzka,5,19,0,False,2026-09-19T11:30:00Z,2,3,0,0,0,0,0,0,0,0,0,0,0,0,0,0.0,0.0,0.0,0.0,59,-1317,2971,47,1364,5.9
630,Harwood-Bellis,3,11,0,False,2026-09-05T16:30:00Z,0,0,0,0,0,0,0,0,0,0,0,0,0,0,0,0.0,0.0,0.0,0.0,45,755,1010,945,190,4.5
630,Harwood-Bellis,4,18,0,True,2026-09-12T14:00:00Z,1,2,0,0,0,0,0,0,0,0,0,0,0,0,0,0.0,0.0,0.0,0.0,45,388,1586,653,265,4.5
630,Harwood-Bellis,5,19,0,False,2026-09-19T11:30:00Z,2,3,0,0,0,0,0,0,0,0,0,0,0,0,0,0.0,0.0,0.0,0.0,45,28,1743,379,351,4.5
631,Mbaye,3,11,0,False,2026-09-05T16:30:00Z,0,0,0,0,0,0,0,0,0,0,0,0,0,0,0,0.0,0.0,0.0,0.0,60,3426,4421,4056,630,6.0
631,Mbaye,4,18,1,True,2026-09-12T14:00:00Z,1,2,27,0,0,0,1,0,0,0,0,0,0,0,6,9.0,15.2,19.0,4.3,60,1207,5917,2787,1580,6.0
631,Mbaye,5,19,1,False,2026-09-19T11:30:00Z,2,3,6,0,0,0,2,0,0,0,0,0,0,0,2,0.0,0.0,0.0,0.0,60,1194,7570,2665,1471,6.0
667,Wright,5,19,0,False,2026-09-19T11:30:00Z,2,3,0,0,0,0,0,0,0,0,0,0,0,0,0,0.0,0.0,0.0,0.0,40,0,0,0,0,4.0
57,Petrović,1,15,2,False,2026-08-23T13:00:00Z,2,1,90,0,0,0,2,0,0,0,0,0,4,0,13,36.8,0.0,0.0,3.7,45,0,288326,0,0,4.5
57,Petrović,2,9,3,True,2026-08-29T14:00:00Z,1,1,90,0,0,0,1,0,0,0,0,0,5,0,20,33.8,0.0,0.0,3.4,45,11325,332768,25378,14053,4.5
57,Petrović,3,17,1,False,2026-09-05T11:30:00Z,2,2,90,0,0,0,2,0,0,0,0,0,0,0,0,3.4,0.0,0.0,0.3,45,11030,349425,45982,34952,4.5
57,Petrović,4,4,1,True,2026-09-12T14:00:00Z,2,2,90,0,0,0,2,0,0,0,0,0,0,0,0,0.0,0.0,0.0,0.0,45,-9622,346097,27504,37126,4.5
57,Petrović,5,14,2,True,2026-09-20T13:00:00Z,0,1,90,0,0,0,1,0,0,0,0,0,2,0,12,18.2,0.0,0.0,1.8,45,-19421,325591,7119,26540,4.5
58,Forster,1,15,0,False,2026-08-23T13:00:00Z,2,1,0,0,0,0,0,0,0,0,0,0,0,0,0,0.0,0.0,0.0,0.0,40,0,283903,0,0,4.0
58,Forster,2,9,0,True,2026-08-29T14:00:00Z,1,1,0,0,0,0,0,0,0,0,0,0,0,0,0,0.0,0.0,0.0,0.0,40,-1091,317899,9562,10653,4.0
58,Forster,3,17,0,False,2026-09-05T11:30:00Z,2,2,0,0,0,0,0,0,0,0,0,0,0,0,0,0.0,0.0,0.0,0.0,40,17023,371559,38348,21325,4.0
58,Forster,4,4,0,True,2026-09-12T14:00:00Z,2,2,0,0,0,0,0,0,0,0,0,0,0,0,0,0.0,0.0,0.0,0.0,40,14555,383559,38779,24224,4.0
58,Forster,5,14,0,True,2026-09-20T13:00:00Z,0,1,0,0,0,0,0,0,0,0,0,0,0,0,0,0.0,0.0,0.0,0.0,40,6886,391157,22505,15619,4.0
59,Dennis,1,15,0,False,2026-08-23T13:00:00Z,2,1,0,0,0,0,0,0,0,0,0,0,0,0,0,0.0,0.0,0.0,0.0,40,0,16822,0,0,4.0
59,Dennis,2,9,0,True,2026-08-29T14:00:00Z,1,1,0,0,0,0,0,0,0,0,0,0,0,0,0,0.0,0.0,0.0,0.0,40,-384,18847,1133,1517,4.0
59,Dennis,3,17,0,False,2026-09-05T11:30:00Z,2,2,0,0,0,0,0,0,0,0,0,0,0,0,0,0.0,0.0,0.0,0.0,40,-2784,15695,0,2784,4.0
59,Dennis,4,4,0,True,2026-09-12T14:00:00Z,2,2,0,0,0,0,0,0,0,0,0,0,0,0,0,0.0,0.0,0.0,0.0,40,-1608,14269,0,1608,4.0
59,Dennis,5,14,0,True,2026-09-20T13:00:00Z,0,1,0,0,0,0,0,0,0,0,0,0,0,0,0,0.0,0.0,0.0,0.0,40,-1059,13258,0,1059,4.0
60,Hill,1,15,1,False,2026-08-23T13:00:00Z,2,1,90,0,0,0,2,0,0,0,0,0,0,0,0,11.6,0.3,0.0,1.2,55,0,72436,0,0,5.5
60,Hill,2,9,4,True,2026-08-29T14:00:00Z,1,1,90,0,0,0,1,0,0,0,0,0,0,0,19,25.6,21.0,4.0,5.1,55,2412,89428,9153,6741,5.5
60,Hill,3,17,1,False,2026-09-05T11:30:00Z,2,2,90,0,0,0,2,0,0,0,0,0,0,0,4,16.8,31.5,2.0,5.0,55,-4574,87381,7094,11668,5.5
60,Hill,4,4,2,True,2026-09-12T14:00:00Z,2,2,90,0,0,0,2,0,0,0,1,0,0,0,5,22.0,11.4,0.0,3.3,55,-2382,89044,8173,10555,5.5
60,Hill,5,14,4,True,2026-09-20T13:00:00Z,0,1,90,0,0,0,1,0,0,0,0,0,0,0,15,43.6,5.1,0.0,4.9,55,-8309,80776,3321,11630,5.5
61,Truffert,1,15,1,False,2026-08-23T13:00:00Z,2,1,90,0,0,0,2,0,0,0,0,0,0,0,0,15.4,1.3,0.0,1.7,55,0,392050,0,0,5.5
61,Truffert,2,9,4,True,2026-08-29T14:00:00Z,1,1,90,0,0,0,1,0,0,0,0,0,0,2,27,27.8,23.7,4.0,5.6,55,-5220,417325,20601,25821,5.5
61,Truffert,3,17,0,False,2026-09-05T11:30:00Z,2,2,90,0,0,0,2,0,0,0,1,0,0,0,-3,10.2,15.7,2.0,2.8,55,-30205,387734,11879,42084,5.5
61,Truffert,4,4,3,True,2026-09-12T14:00:00Z,2,2,90,0,0,0,2,0,0,0,0,0,0,0,23,38.6,18.0,28.0,8.5,55,-33011,362027,12869,45880,5.5
61,Truffert,5,14,2,True,2026-09-20T13:00:00Z,0,1,90,0,0,0,1,0,0,0,0,0,0,0,6,12.6,11.8,5.0,2.9,55,-27978,334232,6520,34498,5.5
62,Diakité,1,15,0,False,2026-08-23T13:00:00Z,2,1,0,0,0,0,0,0,0,0,0,0,0,0,0,0.0,0.0,0.0,0.0,50,0,15573,0,0,5.0
62,Diakité,2,9,0,True,2026-08-29T14:00:00Z,1,1,0,0,0,0,0,0,0,0,0,0,0,0,0,0.0,0.0,0.0,0.0,50,401,19940,2722,2321,5.0
62,Diakité,3,17,0,False,2026-09-05T11:30:00Z,2,2,0,0,0,0,0,0,0,0,0,0,0,0,0,0.0,0.0,0.0,0.0,50,-2153,18773,1710,3863,5.0
62,Diakité,4,4,0,True,2026-09-12T14:00:00Z,2,2,0,0,0,0,0,0,0,0,0,0,0,0,0,0.0,0.0,0.0,0.0,50,-1343,18147,1310,2653,5.0
62,Diakité,5,14,0,True,2026-09-20T13:00:00Z,0,1,0,0,0,0,0,0,0,0,0,0,0,0,0,0.0,0.0,0.0,0.0,50,-1312,17170,916,2228,5.0
63,Milosavljević,1,15,0,False,2026-08-23T13:00:00Z,2,1,0,0,0,0,0,0,0,0,0,0,0,0,0,0.0,0.0,0.0,0.0,50,0,1122,0,0,5.0
63,Milosavljević,2,9,0,True,2026-08-29T14:00:00Z,1,1,0,0,0,0,0,0,0,0,0,0,0,0,0,0.0,0.0,0.0,0.0,50,-222,1026,74,296,5.0
63,Milosavljević,3,17,0,False,2026-09-05T11:30:00Z,2,2,0,0,0,0,0,0,0,0,0,0,0,0,0,0.0,0.0,0.0,0.0,50,-154,919,88,242,5.0
63,Milosavljević,4,4,0,True,2026-09-12T14:00:00Z,2,2,0,0,0,0,0,0,0,0,0,0,0,0,0,0.0,0.0,0.0,0.0,50,-94,852,70,164,5.0
63,Milosavljević,5,14,0,True,2026-09-20T13:00:00Z,0,1,0,0,0,0,0,0,0,0,0,0,0,0,0,0.0,0.0,0.0,0.0,49,-21,843,74,95,4.9
64,Smith,1,15,1,False,2026-08-23T13:00:00Z,2,1,90,0,0,0,2,0,0,0,0,0,0,0,4,7.0,0.6,0.0,0.8,45,0,8561,0,0,4.5
64,Smith,2,9,1,True,2026-08-29T14:00:00Z,1,1,90,0,0,0,1,0,0,0,1,0,0,0,5,15.6,15.7,0.0,3.1,45,1827,13789,2845,1018,4.5
64,Smith,3,17,0,False,2026-09-05T11:30:00Z,2,2,90,0,0,0,2,0,0,0,1,0,0,0,3,9.6,25.3,4.0,3.9,45,-461,13869,1630,2091,4.5
64,Smith,4,4,0,True,2026-09-12T14:00:00Z,2,2,90,0,0,0,2,0,0,0,1,0,0,0,-1,11.4,2.0,0.0,1.3,45,-233,14155,1505,1738,4.5
64,Smith,5,14,2,True,2026-09-20T13:00:00Z,0,1,74,0,0,0,1,0,0,0,0,0,0,0,3,0.0,0.8,0.0,0.0,45,-1163,13093,818,1981,4.5
65,J.Araujo,1,15,0,False,2026-08-23T13:00:00Z,2,1,0,0,0,0,0,0,0,0,0,0,0,0,0,0.0,0.0,0.0,0.0,45,0,1775,0,0,4.5
65,J.Araujo,2,9,0,True,2026-08-29T14:00:00Z,1,1,0,0,0,0,0,0,0,0,0,0,0,0,0,0.0,0.0,0.0,0.0,45,-418,1571,88,506,4.5
65,J.Araujo,3,17,0,False,2026-09-05T11:30:00Z,2,2,0,0,0,0,0,0,0,0,0,0,0,0,0,0.0,0.0,0.0,0.0,45,-270,1391,96,366,4.5
65,J.Araujo,4,4,0,True,2026-09-12T14:00:00Z,2,2,0,0,0,0,0,0,0,0,0,0,0,0,0,0.0,0.0,0.0,0.0,44,-117,1303,99,216,4.4
65,J.Araujo,5,14,0,True,2026-09-20T13:00:00Z,0,1,0,0,0,0,0,0,0,0,0,0,0,0,0,0.0,0.0,0.0,0.0,44,-50,1281,101,151,4.4
66,Soler,1,15,0,False,2026-08-23T13:00:00Z,2,1,0,0,0,0,0,0,0,0,0,0,0,0,0,0.0,0.0,0.0,0.0,40,0,19739,0,0,4.0
66,Soler,2,9,0,True,2026-08-29T14:00:00Z,1,1,0,0,0,0,0,0,0,0,0,0,0,0,0,0.0,0.0,0.0,0.0,40,-2011,18565,416,2427,4.0
66,Soler,3,17,0,False,2026-09-05T11:30:00Z,2,2,0,0,0,0,0,0,0,0,0,0,0,0,0,0.0,0.0,0.0,0.0,40,3691,30657,6046,2355,4.0
66,Soler,4,4,0,True,2026-09-12T14:00:00Z,2,2,0,0,0,0,0,0,0,0,0,0,0,0,0,0.0,0.0,0.0,0.0,40,1583,31214,4282,2699,4.0
66,Soler,5,14,0,True,2026-09-20T13:00:00Z,0,1,0,0,0,0,0,0,0,0,0,0,0,0,0,0.0,0.0,0.0,0.0,40,-57,28923,2347,2404,4.0
67,Rayan,1,15,2,False,2026-08-23T13:00:00Z,2,1,88,0,0,0,1,0,0,0,0,0,0,0,9,6.2,11.3,17.0,3.5,65,0,242374,0,0,6.5
67,Rayan,2,9,2,True,2026-08-29T14:00:00Z,1,1,90,0,0,0,1,0,0,0,0,0,0,0,4,8.6,3.5,44.0,5.6,65,1501,276541,23680,22179,6.5
67,Rayan,3,17,2,False,2026-09-05T11:30:00Z,2,2,88,0,0,0,2,0,0,0,0,0,0,0,8,1.6,0.9,10.0,1.3,65,-48316,230133,11708,60024,6.5
67,Rayan,4,4,2,True,2026-09-12T14:00:00Z,2,2,81,0,0,0,2,0,0,0,0,0,0,0,7,5.6,17.8,20.0,4.3,64,-33384,202880,8549,41933,6.4
67,Rayan,5,14,2,True,2026-09-20T13:00:00Z,0,1,87,0,0,0,1,0,0,0,0,0,0,0,17,8.4,16.9,8.0,3.3,64,-30627,173374,4733,35360,6.4
68,Tavernier,1,15,10,False,2026-08-23T13:00:00Z,2,1,90,1,0,0,2,0,0,0,0,0,0,3,32,40.0,17.2,18.0,7.5,60,0,139421,0,0,6.0
68,Tavernier,2,9,1,True,2026-08-29T14:00:00Z,1,1,90,0,0,0,1,0,0,0,1,0,0,0,20,15.0,38.3,11.0,6.4,60,74776,254437,87207,12431,6.0
68,Tavernier,3,17,10,False,2026-09-05T11:30:00Z,2,2,88,1,0,0,2,0,0,0,0,0,0,3,43,46.6,13.2,77.0,13.7,60,-21585,230783,28263,49848,6.0
68,Tavernier,4,4,8,True,2026-09-12T14:00:00Z,2,2,82,1,0,0,2,0,0,0,1,0,0,2,44,49.4,58.3,37.0,14.5,60,125960,417515,177420,51460,6.0
68,Tavernier,5,14,2,True,2026-09-20T13:00:00Z,0,1,74,0,0,0,1,0,0,0,0,0,0,0,14,10.8,19.1,4.0,3.4,61,257318,709800,318303,60985,6.1
69,Scott,1,15,2,False,2026-08-23T13:00:00Z,2,1,90,0,0,0,2,0,0,0,0,0,0,0,17,11.4,4.8,0.0,1.6,60,0,134668,0,0,6.0
69,Scott,2,9,12,True,2026-08-29T14:00:00Z,1,1,86,1,0,1,0,0,0,0,1,0,0,3,39,47.6,32.1,21.0,10.1,60,-4366,145926,8520,12886,6.0
69,Scott,3,17,10,False,2026-09-05T11:30:00Z,2,2,90,0,2,0,2,0,0,0,0,0,0,2,37,13.4,22.9,12.0,4.8,60,39114,210299,56885,17771,6.0
69,Scott,4,4,4,True,2026-09-12T14:00:00Z,2,2,90,0,0,0,2,0,0,0,0,0,0,0,19,22.2,46.1,10.0,7.8,61,324036,657646,386435,62399,6.1
69,Scott,5,14,2,True,2026-09-20T13:00:00Z,0,1,90,0,0,0,1,0,0,0,0,0,0,0,17,8.2,40.5,13.0,6.2,61,-5057,624564,72063,77120,6.1
70,Kluivert,1,15,3,False,2026-08-23T13:00:00Z,2,1,74,0,0,1,0,0,0,0,0,0,0,0,15,11.0,14.3,17.0,4.2,60,0,96045,0,0,6.0
70,Kluivert,2,9,3,True,2026-08-29T14:00:00Z,1,1,80,0,0,1,0,0,0,0,0,0,0,0,12,11.2,26.9,57.0,9.5,60,6731,123176,16321,9590,6.0
70,Kluivert,3,17,1,False,2026-09-05T11:30:00Z,2,2,75,0,0,0,1,0,0,0,1,0,0,0,6,0.0,2.0,3.0,0.2,60,-12692,113173,10830,23522,6.0
70,Kluivert,4,4,8,True,2026-09-12T14:00:00Z,2,2,65,1,0,0,2,0,0,0,0,0,0,1,31,40.0,3.3,43.0,8.6,60,-12026,104989,8665,20691,6.0
70,Kluivert,5,14,0,True,2026-09-20T13:00:00Z,0,1,0,0,0,0,0,0,0,0,0,0,0,0,0,0.0,0.0,0.0,0.0,60,3462,110738,14541,11079,6.0
71,Cook,1,15,3,False,2026-08-23T13:00:00Z,2,1,75,0,0,1,0,0,0,0,0,0,0,0,8,4.6,2.1,0.0,0.7,50,0,13065,0,0,5.0
71,Cook,2,9,3,True,2026-08-29T14:00:00Z,1,1,68,0,0,1,0,0,0,0,0,0,0,0,13,3.8,12.8,0.0,1.7,50,1552,18237,3259,1707,5.0
71,Cook,3,17,1,False,2026-09-05T11:30:00Z,2,2,14,0,0,0,1,0,0,0,0,0,0,0,2,0.0,0.3,0.0,0.0,50,2757,23118,6600,3843,5.0
71,Cook,4,4,0,True,2026-09-12T14:00:00Z,2,2,8,0,0,0,0,0,0,0,1,0,0,0,-1,0.6,0.3,0.0,0.1,50,-1358,21878,2134,3492,5.0
71,Cook,5,14,1,True,2026-09-20T13:00:00Z,0,1,15,0,0,0,0,0,0,0,0,0,0,0,3,2.8,0.3,0.0,0.3,50,-2898,19112,841,3739,5.0
72,Gannon-Doak,1,15,1,False,2026-08-23T13:00:00Z,2,1,1,0,0,0,1,0,0,0,0,0,0,0,3,0.2,0.1,2.0,0.2,50,0,7889,0,0,5.0
72,Gannon-Doak,2,9,0,True,2026-08-29T14:00:00Z,1,1,0,0,0,0,0,0,0,0,0,0,0,0,0,0.0,0.0,0.0,0.0,50,-468,8171,365,833,5.0
72,Gannon-Doak,3,17,1,False,2026-09-05T11:30:00Z,2,2,1,0,0,0,0,0,0,0,0,0,0,0,3,2.0,0.5,5.0,0.8,50,-1165,7170,384,1549,5.0
72,Gannon-Doak,4,4,1,True,2026-09-12T14:00:00Z,2,2,8,0,0,0,0,0,0,0,0,0,0,0,6,1.6,1.5,7.0,1.0,49,-612,6799,413,1025,4.9
72,Gannon-Doak,5,14,1,True,2026-09-20T13:00:00Z,0,1,2,0,0,0,0,0,0,0,0,0,0,0,3,0.2,0.8,2.0,0.3,49,-515,6412,338,853,4.9
73,Adams,1,15,1,False,2026-08-23T13:00:00Z,2,1,15,0,0,0,2,0,0,0,0,0,0,0,4,3.6,0.6,0.0,0.4,50,0,19512,0,0,5.0
73,Adams,2,9,1,True,2026-08-29T14:00:00Z,1,1,21,0,0,0,1,0,0,0,0,0,0,0,4,1.6,1.3,0.0,0.3,50,177,22708,3032,2855,5.0
73,Adams,3,17,4,False,2026-09-05T11:30:00Z,2,2,75,0,0,0,1,0,0,0,0,0,0,0,15,12.2,11.5,0.0,2.4,50,897,26019,5588,4691,5.0
73,Adams,4,4,2,True,2026-09-12T14:00:00Z,2,2,81,0,0,0,2,0,0,0,0,0,0,0,16,13.0,5.9,7.0,2.6,50,2015,29708,5594,3579,5.0
73,Adams,5,14,4,True,2026-09-20T13:00:00Z,0,1,87,0,0,0,1,0,0,0,0,0,0,0,13,15.4,12.9,0.0,2.8,50,-871,29052,2995,3866,5.0
74,Brooks,1,15,0,False,2026-08-23T13:00:00Z,2,1,0,0,0,0,0,0,0,0,0,0,0,0,0,0.0,0.0,0.0,0.0,50,0,4610,0,0,5.0
74,Brooks,2,9,1,True,2026-08-29T14:00:00Z,1,1,9,0,0,0,1,0,0,0,0,0,0,0,3,0.0,1.6,0.0,0.1,50,-93,5133,602,695,5.0
74,Brooks,3,17,1,False,2026-09-05T11:30:00Z,2,2,14,0,0,0,1,0,0,0,0,0,0,0,2,0.0,0.0,0.0,0.0,50,292,5938,1296,1004,5.0
74,Brooks,4,4,0,True,2026-09-12T14:00:00Z,2,2,7,0,0,0,0,0,0,0,1,0,0,0,-1,4.2,0.3,2.0,0.7,50,-81,6000,781,862,5.0
74,Brooks,5,14,1,True,2026-09-20T13:00:00Z,0,1,15,0,0,0,0,0,0,0,0,0,0,0,4,5.0,21.7,0.0,2.7,50,-394,5709,503,897,5.0
75,Christie,1,15,0,False,2026-08-23T13:00:00Z,2,1,0,0,0,0,0,0,0,0,0,0,0,0,0,0.0,0.0,0.0,0.0,50,0,1007,0,0,5.0
75,Christie,2,9,1,True,2026-08-29T14:00:00Z,1,1,3,0,0,0,1,0,0,0,0,0,0,0,5,2.8,0.3,0.0,0.3,50,364,1962,560,196,5.0
75,Christie,3,17,1,False,2026-09-05T11:30:00Z,2,2,1,0,0,0,0,0,0,0,0,0,0,0,3,0.0,0.0,0.0,0.0,50,522,2833,1038,516,5.0
75,Christie,4,4,1,True,2026-09-12T14:00:00Z,2,2,24,0,0,0,0,0,0,0,0,0,0,0,7,6.6,14.4,4.0,2.5,50,542,3640,1116,574,5.0
75,Christie,5,14,2,True,2026-09-20T13:00:00Z,0,1,74,0,0,0,1,0,0,0,0,0,0,0,0,0.0,2.4,27.0,2.4,50,-118,3511,541,659,5.0
76,Tóth.A,1,15,1,False,2026-08-23T13:00:00Z,2,1,15,0,0,0,2,0,0,0,0,0,0,0,5,2.8,0.6,0.0,0.3,50,0,1238,0,0,5.0
76,Tóth.A,2,9,0,True,2026-08-29T14:00:00Z,1,1,0,0,0,0,0,0,0,0,0,0,0,0,0,0.0,0.0,0.0,0.0,50,-46,1576,100,146,5.0
76,Tóth.A,3,17,0,False,2026-09-05T11:30:00Z,2,2,0,0,0,0,0,0,0,0,0,0,0,0,0,0.0,0.0,0.0,0.0,50,-108,1563,123,231,5.0
76,Tóth.A,4,4,0,True,2026-09-12T14:00:00Z,2,2,0,0,0,0,0,0,0,0,0,0,0,0,0,0.0,0.0,0.0,0.0,50,-138,1498,72,210,5.0
76,Tóth.A,5,14,1,True,2026-09-20T13:00:00Z,0,1,2,0,0,0,0,0,0,0,0,0,0,0,3,0.2,0.1,0.0,0.0,49,-80,1445,62,142,4.9
77,Adli,1,15,0,False,2026-08-23T13:00:00Z,2,1,0,0,0,0,0,0,0,0,0,0,0,0,0,0.0,0.0,0.0,0.0,50,0,3087,0,0,5.0
77,Adli,2,9,0,True,2026-08-29T14:00:00Z,1,1,0,0,0,0,0,0,0,0,0,0,0,0,0,0.0,0.0,0.0,0.0,50,-922,2226,54,976,5.0
77,Adli,3,17,0,False,2026-09-05T11:30:00Z,2,2,0,0,0,0,0,0,0,0,0,0,0,0,0,0.0,0.0,0.0,0.0,49,-491,1803,136,627,4.9
77,Adli,4,4,0,True,2026-09-12T14:00:00Z,2,2,0,0,0,0,0,0,0,0,0,0,0,0,0,0.0,0.0,0.0,0.0,49,-275,1557,54,329,4.9
77,Adli,5,14,0,True,2026-09-20T13:00:00Z,0,1,0,0,0,0,0,0,0,0,0,0,0,0,0,0.0,0.0,0.0,0.0,49,-184,1387,25,209,4.9
78,Kroupi.Jr,1,15,0,False,2026-08-23T13:00:00Z,2,1,0,0,0,0,0,0,0,0,0,0,0,0,0,0.0,0.0,0.0,0.0,75,0,42378,0,0,7.5
78,Kroupi.Jr,2,9,0,True,2026-08-29T14:00:00Z,1,1,0,0,0,0,0,0,0,0,0,0,0,0,0,0.0,0.0,0.0,0.0,75,-12946,30734,462,13408,7.5
78,Kroupi.Jr,3,17,0,False,2026-09-05T11:30:00Z,2,2,0,0,0,0,0,0,0,0,0,0,0,0,0,0.0,0.0,0.0,0.0,74,-7714,23655,246,7960,7.4
78,Kroupi.Jr,4,4,0,True,2026-09-12T14:00:00Z,2,2,0,0,0,0,0,0,0,0,0,0,0,0,0,0.0,0.0,0.0,0.0,74,-3124,21026,197,3321,7.4
78,Kroupi.Jr,5,14,0,True,2026-09-20T13:00:00Z,0,1,0,0,0,0,0,0,0,0,0,0,0,0,0,0.0,0.0,0.0,0.0,74,-1688,19554,141,1829,7.4
79,Evanilson,1,15,4,False,2026-08-23T13:00:00Z,2,1,74,0,1,1,0,0,0,0,1,0,0,0,17,19.4,11.9,2.0,3.3,60,0,200122,0,0,6.0
79,Evanilson,2,9,5,True,2026-08-29T14:00:00Z,1,1,80,0,1,1,0,0,0,0,0,0,0,0,11,15.0,22.2,22.0,5.9,60,53599,300527,72625,19026,6.0
79,Evanilson,3,17,2,False,2026-09-05T11:30:00Z,2,2,90,0,0,0,2,0,0,0,0,0,0,0,4,3.2,5.1,21.0,2.9,60,26119,336364,69571,43452,6.0
79,Evanilson,4,4,5,True,2026-09-12T14:00:00Z,2,2,90,0,1,0,2,0,0,0,0,0,0,0,22,22.8,40.0,4.0,6.7,60,3494,349369,48861,45367,6.0
79,Evanilson,5,14,2,True,2026-09-20T13:00:00Z,0,1,90,0,0,0,1,0,0,0,0,0,0,0,12,11.0,3.4,50.0,6.4,60,-2578,350510,44404,46982,6.0
80,Enes Ünal,1,15,0,False,2026-08-23T13:00:00Z,2,1,0,0,0,0,0,0,0,0,0,0,0,0,0,0.0,0.0,0.0,0.0,55,0,3581,0,0,5.5
80,Enes Ünal,2,9,0,True,2026-08-29T14:00:00Z,1,1,0,0,0,0,0,0,0,0,0,0,0,0,0,0.0,0.0,0.0,0.0,55,-1070,2487,0,1070,5.5
80,Enes Ünal,3,17,0,False,2026-09-05T11:30:00Z,2,2,0,0,0,0,0,0,0,0,0,0,0,0,0,0.0,0.0,0.0,0.0,55,-522,1977,0,522,5.5
80,Enes Ünal,4,4,0,True,2026-09-12T14:00:00Z,2,2,0,0,0,0,0,0,0,0,0,0,0,0,0,0.0,0.0,0.0,0.0,55,-219,1781,0,219,5.5
80,Enes Ünal,5,14,0,True,2026-09-20T13:00:00Z,0,1,0,0,0,0,0,0,0,0,0,0,0,0,0,0.0,0.0,0.0,0.0,55,-121,1665,0,121,5.5
81,Rodríguez,1,15,0,False,2026-08-23T13:00:00Z,2,1,0,0,0,0,0,0,0,0,0,0,0,0,0,0.0,0.0,0.0,0.0,60,0,9051,0,0,6.0
81,Rodríguez,2,9,1,True,2026-08-29T14:00:00Z,1,1,9,0,0,0,1,0,0,0,0,0,0,0,4,0.0,0.0,0.0,0.0,60,-182,11569,1000,1182,6.0
81,Rodríguez,3,17,0,False,2026-09-05T11:30:00Z,2,2,0,0,0,0,0,0,0,0,0,0,0,0,0,0.0,0.0,0.0,0.0,60,-398,12281,1521,1919,6.0
81,Rodríguez,4,4,1,True,2026-09-12T14:00:00Z,2,2,1,0,0,0,0,0,0,0,0,0,0,0,3,0.0,0.5,0.0,0.1,60,-409,12593,1247,1656,6.0
81,Rodríguez,5,14,0,True,2026-09-20T13:00:00Z,0,1,0,0,0,0,0,0,0,0,0,0,0,0,0,0.0,0.0,0.0,0.0,60,-435,12687,939,1374,6.0
566,Silva,1,15,2,False,2026-08-23T13:00:00Z,2,1,90,0,0,0,2,0,0,0,1,0,0,0,5,31.4,0.3,0.0,3.2,50,0,23702,0,0,5.0
566,Silva,2,9,4,True,2026-08-29T14:00:00Z,1,1,90,0,0,0,1,0,0,0,0,0,0,0,11,18.6,1.8,13.0,3.3,50,5175,36812,7365,2190,5.0
566,Silva,3,17,1,False,2026-09-05T11:30:00Z,2,2,90,0,0,0,2,0,0,0,0,0,0,0,8,23.8,1.2,17.0,4.2,50,3048,43269,9722,6674,5.0
566,Silva,4,4,3,True,2026-09-12T14:00:00Z,2,2,90,0,0,0,2,0,0,0,0,0,0,0,-2,18.0,5.3,11.0,3.4,50,-299,44292,5703,6002,5.0
566,Silva,5,14,3,True,2026-09-20T13:00:00Z,0,1,90,0,0,0,1,0,0,0,1,0,0,0,8,32.8,1.5,2.0,3.6,50,-3903,40509,2672,6575,5.0
573,Sanchez,1,15,0,False,2026-08-23T13:00:00Z,2,1,0,0,0,0,0,0,0,0,0,0,0,0,0,0.0,0.0,0.0,0.0,45,0,18342,0,0,4.5
573,Sanchez,2,9,0,True,2026-08-29T14:00:00Z,1,1,0,0,0,0,0,0,0,0,0,0,0,0,0,0.0,0.0,0.0,0.0,45,-1013,21445,452,1465,4.5
573,Sanchez,3,17,0,False,2026-09-05T11:30:00Z,2,2,0,0,0,0,0,0,0,0,0,0,0,0,0,0.0,0.0,0.0,0.0,45,-1920,19900,369,2289,4.5
573,Sanchez,4,4,0,True,2026-09-12T14:00:00Z,2,2,0,0,0,0,0,0,0,0,0,0,0,0,0,0.0,0.0,0.0,0.0,45,-1322,18893,285,1607,4.5
573,Sanchez,5,14,0,True,2026-09-20T13:00:00Z,0,1,0,0,0,0,0,0,0,0,0,0,0,0,0,0.0,0.0,0.0,0.0,44,-982,18099,314,1296,4.4
608,Jebbison,1,15,1,False,2026-08-23T13:00:00Z,2,1,15,0,0,0,2,0,0,0,0,0,0,0,6,3.4,0.8,17.0,2.1,50,0,0,0,0,5.0
608,Jebbison,2,9,0,True,2026-08-29T14:00:00Z,1,1,0,0,0,0,0,0,0,0,0,0,0,0,0,0.0,0.0,0.0,0.0,50,2056,4738,2477,421,5.0
608,Jebbison,3,17,1,False,2026-09-05T11:30:00Z,2,2,1,0,0,0,0,0,0,0,0,0,0,0,4,0.0,0.0,0.0,0.0,50,2512,9237,4510,1998,5.0
608,Jebbison,4,4,0,True,2026-09-12T14:00:00Z,2,2,0,0,0,0,0,0,0,0,0,0,0,0,0,0.0,0.0,0.0,0.0,50,1502,11375,3390,1888,5.0
608,Jebbison,5,14,1,True,2026-09-20T13:00:00Z,0,1,15,0,0,0,0,0,0,0,0,0,0,0,3,0.2,0.8,4.0,0.5,50,-62,11675,1986,2048,5.0
615,Di Gregorio,2,9,0,True,2026-08-29T14:00:00Z,1,1,0,0,0,0,0,0,0,0,0,0,0,0,0,0.0,0.0,0.0,0.0,45,214,593,241,27,4.5
615,Di Gregorio,3,17,0,False,2026-09-05T11:30:00Z,2,2,0,0,0,0,0,0,0,0,0,0,0,0,0,0.0,0.0,0.0,0.0,45,949,2932,1404,455,4.5
615,Di Gregorio,4,4,0,True,2026-09-12T14:00:00Z,2,2,0,0,0,0,0,0,0,0,0,0,0,0,0,0.0,0.0,0.0,0.0,45,229,3698,755,526,4.5
615,Di Gregorio,5,14,0,True,2026-09-20T13:00:00Z,0,1,0,0,0,0,0,0,0,0,0,0,0,0,0,0.0,0.0,0.0,0.0,45,-198,3687,343,541,4.5
82,Kelleher,1,19,7,True,2026-08-22T16:30:00Z,3,0,90,0,0,1,0,0,0,0,0,0,4,0,34,31.4,0.0,0.0,3.1,50,0,513912,0,0,5.0
82,Kelleher,2,13,2,False,2026-08-30T13:00:00Z,1,1,90,0,0,0,1,0,0,0,0,0,1,0,7,9.4,0.0,0.0,0.9,50,54510,649790,74434,19924,5.0
82,Kelleher,3,20,2,True,2026-09-05T14:00:00Z,1,1,90,0,0,0,1,0,0,0,0,0,2,0,10,16.8,0.0,0.0,1.7,50,54758,832099,113703,58945,5.0
82,Kelleher,4,3,3,False,2026-09-12T14:00:00Z,2,2,90,0,0,0,2,0,0,0,0,0,8,0,19,44.0,0.0,0.0,4.4,50,-23973,702931,34374,58347,5.0
82,Kelleher,5,6,6,True,2026-09-18T19:00:00Z,3,0,90,0,0,1,0,0,0,0,0,0,2,0,27,16.4,0.0,0.0,1.6,50,-53924,649762,9126,63050,5.0
83,Valdimarsson,1,19,0,True,2026-08-22T16:30:00Z,3,0,0,0,0,0,0,0,0,0,0,0,0,0,0,0.0,0.0,0.0,0.0,45,0,9667,0,0,4.5
83,Valdimarsson,2,13,0,False,2026-08-30T13:00:00Z,1,1,0,0,0,0,0,0,0,0,0,0,0,0,0,0.0,0.0,0.0,0.0,45,-248,10896,642,890,4.5
83,Valdimarsson,3,20,0,True,2026-09-05T14:00:00Z,1,1,0,0,0,0,0,0,0,0,0,0,0,0,0,0.0,0.0,0.0,0.0,45,-432,11246,975,1407,4.5
83,Valdimarsson,4,3,0,False,2026-09-12T14:00:00Z,2,2,0,0,0,0,0,0,0,0,0,0,0,0,0,0.0,0.0,0.0,0.0,45,-438,10856,631,1069,4.5
83,Valdimarsson,5,6,0,True,2026-09-18T19:00:00Z,3,0,0,0,0,0,0,0,0,0,0,0,0,0,0,0.0,0.0,0.0,0.0,45,-567,10440,317,884,4.5
84,Collins,1,19,6,True,2026-08-22T16:30:00Z,3,0,90,0,0,1,0,0,0,0,0,0,0,0,21,11.6,21.5,17.0,5.0,55,0,156847,0,0,5.5
84,Collins,2,13,3,False,2026-08-30T13:00:00Z,1,1,90,0,0,0,1,0,0,0,1,0,0,0,14,28.0,0.9,34.0,6.3,55,15716,207535,25089,9373,5.5
84,Collins,3,20,1,True,2026-09-05T14:00:00Z,1,1,16,0,0,0,0,0,0,0,0,0,0,0,4,1.0,0.0,0.0,0.1,55,11591,271484,32175,20584,5.5
84,Collins,4,3,0,False,2026-09-12T14:00:00Z,2,2,0,0,0,0,0,0,0,0,0,0,0,0,0,0.0,0.0,0.0,0.0,55,-76756,146784,1251,78007,5.5
84,Collins,5,6,0,True,2026-09-18T19:00:00Z,3,0,0,0,0,0,0,0,0,0,0,0,0,0,0,0.0,0.0,0.0,0.0,54,-39288,111916,104,39392,5.4
85,Van den Berg,1,19,0,True,2026-08-22T16:30:00Z,3,0,0,0,0,0,0,0,0,0,0,0,0,0,0,0.0,0.0,0.0,0.0,50,0,14391,0,0,5.0
85,Van den Berg,2,13,0,False,2026-08-30T13:00:00Z,1,1,0,0,0,0,0,0,0,0,0,0,0,0,0,0.0,0.0,0.0,0.0,50,-3978,10710,145,4123,5.0
85,Van den Berg,3,20,0,True,2026-09-05T14:00:00Z,1,1,0,0,0,0,0,0,0,0,0,0,0,0,0,0.0,0.0,0.0,0.0,49,-2342,8510,121,2463,4.9
85,Van den Berg,4,3,0,False,2026-09-12T14:00:00Z,2,2,0,0,0,0,0,0,0,0,0,0,0,0,0,0.0,0.0,0.0,0.0,49,-1184,7443,70,1254,4.9
85,Van den Berg,5,6,0,True,2026-09-18T19:00:00Z,3,0,0,0,0,0,0,0,0,0,0,0,0,0,0,0.0,0.0,0.0,0.0,49,-729,6772,37,766,4.9
86,Lewis-Potter,1,19,10,True,2026-08-22T16:30:00Z,3,0,90,1,0,1,0,0,0,0,0,0,0,2,37,47.2,15.9,19.0,8.2,55,0,38558,0,0,5.5
86,Lewis-Potter,2,13,6,False,2026-08-30T13:00:00Z,1,1,87,0,1,0,1,0,0,0,0,0,0,1,29,38.4,31.6,2.0,7.2,55,45826,116486,52542,6716,5.5
86,Lewis-Potter,3,20,2,True,2026-09-05T14:00:00Z,1,1,90,0,0,0,1,0,0,0,0,0,0,0,4,8.2,45.1,22.0,7.5,55,74882,235201,101209,26327,5.5
86,Lewis-Potter,4,3,1,False,2026-09-12T14:00:00Z,2,2,59,0,0,0,2,0,0,0,0,0,0,0,0,0.8,1.6,6.0,0.8,55,-6193,223550,26643,32836,5.5
86,Lewis-Potter,5,6,3,True,2026-09-18T19:00:00Z,3,0,80,0,0,1,0,0,0,0,0,0,0,0,15,19.0,15.1,24.0,5.8,55,-36251,187862,6251,42502,5.5
87,Ajer,1,19,8,True,2026-08-22T16:30:00Z,3,0,90,0,0,1,0,0,0,0,0,0,0,0,29,20.0,0.9,35.0,5.6,45,0,318142,0,0,4.5
87,Ajer,2,13,3,False,2026-08-30T13:00:00Z,1,1,90,0,0,0,1,0,0,0,1,0,0,0,7,37.8,21.0,2.0,6.1,45,56076,412431,69978,13902,4.5
87,Ajer,3,20,2,True,2026-09-05T14:00:00Z,1,1,90,0,0,0,1,0,0,0,0,0,0,0,8,11.8,0.3,0.0,1.2,45,112523,610187,174453,61930,4.5
87,Ajer,4,3,1,False,2026-09-12T14:00:00Z,2,2,90,0,0,0,2,0,0,0,0,0,0,0,0,15.2,0.5,8.0,2.4,45,-51781,479881,52109,103890,4.5
87,Ajer,5,6,7,True,2026-09-18T19:00:00Z,3,0,90,0,0,1,0,0,0,0,0,0,0,1,29,19.4,11.3,4.0,3.5,45,-65023,417707,8947,73970,4.5
88,Kayode,1,19,13,True,2026-08-22T16:30:00Z,3,0,75,1,0,1,0,0,0,0,0,0,0,1,36,33.8,1.5,46.0,8.1,45,0,282611,0,0,4.5
88,Kayode,2,13,2,False,2026-08-30T13:00:00Z,1,1,87,0,0,0,1,0,0,0,0,0,0,0,9,14.4,16.0,8.0,3.8,46,289643,778776,310803,21160,4.6
88,Kayode,3,20,1,True,2026-09-05T14:00:00Z,1,1,45,0,0,0,0,0,0,0,0,0,0,0,2,7.6,0.3,2.0,1.0,46,121903,1044649,201513,79610,4.6
88,Kayode,4,3,1,False,2026-09-12T14:00:00Z,2,2,19,0,0,0,0,0,0,0,0,0,0,0,5,5.4,14.1,0.0,2.0,46,-58707,934432,52146,110853,4.6
88,Kayode,5,6,6,True,2026-09-18T19:00:00Z,3,0,68,0,0,1,0,0,0,0,0,0,0,0,20,2.6,1.0,0.0,0.4,46,-116375,819720,18236,134611,4.6
89,Henry,1,19,0,True,2026-08-22T16:30:00Z,3,0,0,0,0,0,0,0,0,0,0,0,0,0,0,0.0,0.0,0.0,0.0,45,0,22322,0,0,4.5
89,Henry,2,13,1,False,2026-08-30T13:00:00Z,1,1,2,0,0,0,0,0,0,0,0,0,0,0,3,0.0,0.0,0.0,0.0,45,-1602,24226,544,2146,4.5
89,Henry,3,20,0,True,2026-09-05T14:00:00Z,1,1,0,0,0,0,0,0,0,0,0,0,0,0,0,0.0,0.0,0.0,0.0,45,-1641,22909,561,2202,4.5
89,Henry,4,3,0,False,2026-09-12T14:00:00Z,2,2,0,0,0,0,0,0,0,0,0,0,0,0,0,0.0,0.0,0.0,0.0,45,-1693,21461,309,2002,4.5
89,Henry,5,6,0,True,2026-09-18T19:00:00Z,3,0,0,0,0,0,0,0,0,0,0,0,0,0,0,0.0,0.0,0.0,0.0,44,-1238,20442,410,1648,4.4
90,Hickey,1,19,1,True,2026-08-22T16:30:00Z,3,0,14,0,0,0,0,0,0,0,0,0,0,0,2,0.0,0.3,0.0,0.0,45,0,5416,0,0,4.5
90,Hickey,2,13,1,False,2026-08-30T13:00:00Z,1,1,2,0,0,0,0,0,0,0,0,0,0,0,6,4.0,4.1,0.0,0.8,45,83,7643,623,540,4.5
90,Hickey,3,20,1,True,2026-09-05T14:00:00Z,1,1,45,0,0,0,1,0,0,0,0,0,0,0,0,7.6,1.0,0.0,0.9,45,-239,7835,653,892,4.5
90,Hickey,4,3,1,False,2026-09-12T14:00:00Z,2,2,70,0,0,0,2,0,0,0,0,0,0,0,4,10.0,2.1,6.0,1.8,45,-402,7602,309,711,4.5
90,Hickey,5,6,1,True,2026-09-18T19:00:00Z,3,0,21,0,0,0,0,0,0,0,0,0,0,0,5,11.2,0.3,0.0,1.2,45,-261,7505,329,590,4.5
92,Ji-soo,1,19,0,True,2026-08-22T16:30:00Z,3,0,0,0,0,0,0,0,0,0,0,0,0,0,0,0.0,0.0,0.0,0.0,45,0,1635,0,0,4.5
92,Ji-soo,2,13,0,False,2026-08-30T13:00:00Z,1,1,0,0,0,0,0,0,0,0,0,0,0,0,0,0.0,0.0,0.0,0.0,45,-86,1940,112,198,4.5
92,Ji-soo,3,20,0,True,2026-09-05T14:00:00Z,1,1,0,0,0,0,0,0,0,0,0,0,0,0,0,0.0,0.0,0.0,0.0,45,-133,1937,151,284,4.5
92,Ji-soo,4,3,0,False,2026-09-12T14:00:00Z,2,2,0,0,0,0,0,0,0,0,0,0,0,0,0,0.0,0.0,0.0,0.0,45,-125,1896,102,227,4.5
92,Ji-soo,5,6,0,True,2026-09-18T19:00:00Z,3,0,0,0,0,0,0,0,0,0,0,0,0,0,0,0.0,0.0,0.0,0.0,45,-94,1849,69,163,4.5
93,Schuster,1,19,0,True,2026-08-22T16:30:00Z,3,0,0,0,0,0,0,0,0,0,0,0,0,0,0,0.0,0.0,0.0,0.0,45,0,15125,0,0,4.5
93,Schuster,2,13,0,False,2026-08-30T13:00:00Z,1,1,0,0,0,0,0,0,0,0,0,0,0,0,0,0.0,0.0,0.0,0.0,45,-1064,16511,142,1206,4.5
93,Schuster,3,20,4,True,2026-09-05T14:00:00Z,1,1,73,0,0,0,1,0,0,0,0,0,0,0,11,17.2,0.2,4.0,2.1,45,-1306,15267,166,1472,4.5
93,Schuster,4,3,3,False,2026-09-12T14:00:00Z,2,2,90,0,0,0,2,0,0,0,0,0,0,0,5,22.2,0.5,8.0,3.1,45,170,15722,905,735,4.5
93,Schuster,5,6,14,True,2026-09-18T19:00:00Z,3,0,90,0,1,1,0,0,0,0,0,0,0,3,43,53.0,10.8,4.0,6.8,45,-726,15098,349,1075,4.5
94,Schade,1,19,3,True,2026-08-22T16:30:00Z,3,0,90,0,0,1,0,0,0,0,0,0,0,0,17,14.4,11.8,59.0,8.5,60,0,330810,0,0,6.0
94,Schade,2,13,10,False,2026-08-30T13:00:00Z,1,1,87,1,0,0,1,0,0,0,0,0,0,3,34,45.6,11.1,34.0,9.1,60,-791,344201,24998,25789,6.0
94,Schade,3,20,2,True,2026-09-05T14:00:00Z,1,1,90,0,0,0,1,0,0,0,0,0,0,0,11,4.0,13.3,8.0,2.5,60,92782,492340,140288,47506,6.0
94,Schade,4,3,15,False,2026-09-12T14:00:00Z,2,2,90,2,0,0,2,0,0,0,0,0,0,3,49,70.8,8.3,28.0,10.7,60,-59161,374153,28990,88151,6.0
94,Schade,5,6,9,True,2026-09-18T19:00:00Z,3,0,90,0,2,1,0,0,0,0,0,0,0,0,27,11.4,3.5,31.0,4.6,61,367021,847173,425579,58558,6.1
95,O.Dango,1,19,3,True,2026-08-22T16:30:00Z,3,0,66,0,0,1,0,0,0,0,0,0,0,0,6,1.0,30.8,15.0,4.7,65,0,105835,0,0,6.5
95,O.Dango,2,13,1,False,2026-08-30T13:00:00Z,1,1,29,0,0,0,1,0,0,0,0,0,0,0,16,15.4,15.5,2.0,3.3,65,-3604,110686,7348,10952,6.5
95,O.Dango,3,20,1,True,2026-09-05T14:00:00Z,1,1,45,0,0,0,0,0,0,0,0,0,0,0,6,6.8,11.3,0.0,1.8,65,-24974,85265,4607,29581,6.5
95,O.Dango,4,3,1,False,2026-09-12T14:00:00Z,2,2,30,0,0,0,0,0,0,0,0,0,0,0,4,2.0,1.7,6.0,1.0,64,-22021,64766,1377,23398,6.4
95,O.Dango,5,6,1,True,2026-09-18T19:00:00Z,3,0,9,0,0,0,0,0,0,0,0,0,0,0,2,0.2,0.0,0.0,0.0,63,-13619,52273,1029,14648,6.3
96,Damsgaard,1,19,1,True,2026-08-22T16:30:00Z,3,0,14,0,0,0,0,0,0,0,0,0,0,0,6,7.6,26.3,0.0,3.4,55,0,52929,0,0,5.5
96,Damsgaard,2,13,3,False,2026-08-30T13:00:00Z,1,1,68,0,0,1,0,0,0,0,0,0,0,0,20,16.6,32.4,25.0,7.4,55,-5226,52568,2318,7544,5.5
96,Damsgaard,3,20,8,True,2026-09-05T14:00:00Z,1,1,85,0,1,0,1,0,0,0,0,0,0,3,30,10.0,28.5,6.0,4.5,55,-3734,49863,3933,7667,5.5
96,Damsgaard,4,3,1,False,2026-09-12T14:00:00Z,2,2,30,0,0,0,0,0,0,0,0,0,0,0,3,0.0,7.8,6.0,1.3,55,807,51791,5734,4927,5.5
96,Damsgaard,5,6,3,True,2026-09-18T19:00:00Z,3,0,86,0,0,1,0,0,0,0,0,0,0,0,15,13.2,23.2,5.0,4.1,54,-6452,45391,1526,7978,5.4
97,Jensen,1,19,6,True,2026-08-22T16:30:00Z,3,0,66,0,1,1,0,0,0,0,0,0,0,0,22,12.6,46.2,13.0,7.2,55,0,16245,0,0,5.5
97,Jensen,2,13,0,False,2026-08-30T13:00:00Z,1,1,0,0,0,0,0,0,0,0,0,0,0,0,0,0.0,0.0,0.0,0.0,55,2521,22961,3858,1337,5.5
97,Jensen,3,20,0,True,2026-09-05T14:00:00Z,1,1,0,0,0,0,0,0,0,0,0,0,0,0,0,0.0,0.0,0.0,0.0,55,-6340,16413,569,6909,5.5
97,Jensen,4,3,0,False,2026-09-12T14:00:00Z,2,2,0,0,0,0,0,0,0,0,0,0,0,0,0,0.0,0.0,0.0,0.0,54,-4249,12497,42,4291,5.4
97,Jensen,5,6,0,True,2026-09-18T19:00:00Z,3,0,0,0,0,0,0,0,0,0,0,0,0,0,0,0.0,0.0,0.0,0.0,54,-1881,10766,16,1897,5.4
98,Janelt,1,19,9,True,2026-08-22T16:30:00Z,3,0,90,1,0,1,0,0,0,0,1,0,0,0,35,53.2,38.8,24.0,11.6,50,0,9018,0,0,5.0
98,Janelt,2,13,1,False,2026-08-30T13:00:00Z,1,1,90,0,0,0,1,0,0,0,1,0,0,0,11,16.4,35.4,4.0,5.6,50,29474,49684,33759,4285,5.0
98,Janelt,3,20,11,True,2026-09-05T14:00:00Z,1,1,90,1,0,0,1,0,0,0,1,0,0,3,30,48.0,3.1,17.0,6.8,50,16015,69448,29605,13590,5.0
98,Janelt,4,3,4,False,2026-09-12T14:00:00Z,2,2,90,0,0,0,2,0,0,0,0,0,0,0,20,28.4,14.4,0.0,4.3,50,139007,266936,176461,37454,5.0
98,Janelt,5,6,3,True,2026-09-18T19:00:00Z,3,0,90,0,0,1,0,0,0,0,0,0,0,0,13,18.0,5.8,2.0,2.6,50,13473,273119,47235,33762,5.0
99,Milambo,1,19,0,True,2026-08-22T16:30:00Z,3,0,0,0,0,0,0,0,0,0,0,0,0,0,0,0.0,0.0,0.0,0.0,50,0,187,0,0,5.0
99,Milambo,2,13,0,False,2026-08-30T13:00:00Z,1,1,0,0,0,0,0,0,0,0,0,0,0,0,0,0.0,0.0,0.0,0.0,50,-17,190,28,45,5.0
99,Milambo,3,20,0,True,2026-09-05T14:00:00Z,1,1,0,0,0,0,0,0,0,0,0,0,0,0,0,0.0,0.0,0.0,0.0,50,-8,190,34,42,5.0
99,Milambo,4,3,0,False,2026-09-12T14:00:00Z,2,2,0,0,0,0,0,0,0,0,0,0,0,0,0,0.0,0.0,0.0,0.0,50,-5,201,27,32,5.0
99,Milambo,5,6,0,True,2026-09-18T19:00:00Z,3,0,0,0,0,0,0,0,0,0,0,0,0,0,0,0.0,0.0,0.0,0.0,50,-13,193,20,33,5.0
100,Carvalho,1,19,0,True,2026-08-22T16:30:00Z,3,0,0,0,0,0,0,0,0,0,0,0,0,0,0,0.0,0.0,0.0,0.0,50,0,1459,0,0,5.0
100,Carvalho,2,13,0,False,2026-08-30T13:00:00Z,1,1,0,0,0,0,0,0,0,0,0,0,0,0,0,0.0,0.0,0.0,0.0,50,-91,1624,155,246,5.0
100,Carvalho,3,20,0,True,2026-09-05T14:00:00Z,1,1,0,0,0,0,0,0,0,0,0,0,0,0,0,0.0,0.0,0.0,0.0,50,185,2107,543,358,5.0
100,Carvalho,4,3,0,False,2026-09-12T14:00:00Z,2,2,0,0,0,0,0,0,0,0,0,0,0,0,0,0.0,0.0,0.0,0.0,50,3,2209,335,332,5.0
100,Carvalho,5,6,6,True,2026-09-18T19:00:00Z,3,0,3,1,0,0,0,0,0,0,0,0,0,0,23,33.2,0.3,33.0,6.7,50,-77,2231,265,342,5.0
102,Yarmoliuk,1,19,1,True,2026-08-22T16:30:00Z,3,0,23,0,0,0,0,0,0,0,0,0,0,0,7,2.2,0.8,3.0,0.6,50,0,123741,0,0,5.0
102,Yarmoliuk,2,13,1,False,2026-08-30T13:00:00Z,1,1,21,0,0,0,1,0,0,0,0,0,0,0,4,3.0,12.5,4.0,2.0,50,-12434,112295,745,13179,5.0
102,Yarmoliuk,3,20,0,True,2026-09-05T14:00:00Z,1,1,45,0,0,0,1,0,0,0,1,0,0,0,1,2.4,3.4,2.0,0.8,49,-18230,93335,1076,19306,4.9
102,Yarmoliuk,4,3,4,False,2026-09-12T14:00:00Z,2,2,59,0,1,0,2,0,0,0,0,0,0,0,19,22.0,22.8,4.0,4.9,49,-15709,78222,706,16415,4.9
102,Yarmoliuk,5,6,3,True,2026-09-18T19:00:00Z,3,0,68,0,0,1,0,0,0,0,0,0,0,0,19,23.4,21.0,7.0,5.1,48,-7524,72210,1926,9450,4.8
103,Dasilva,1,19,0,True,2026-08-22T16:30:00Z,3,0,0,0,0,0,0,0,0,0,0,0,0,0,0,0.0,0.0,0.0,0.0,50,0,2396,0,0,5.0
103,Dasilva,2,13,0,False,2026-08-30T13:00:00Z,1,1,0,0,0,0,0,0,0,0,0,0,0,0,0,0.0,0.0,0.0,0.0,50,-189,2549,164,353,5.0
103,Dasilva,3,20,0,True,2026-09-05T14:00:00Z,1,1,0,0,0,0,0,0,0,0,0,0,0,0,0,0.0,0.0,0.0,0.0,50,-369,2280,180,549,5.0
103,Dasilva,4,3,0,False,2026-09-12T14:00:00Z,2,2,0,0,0,0,0,0,0,0,0,0,0,0,0,0.0,0.0,0.0,0.0,49,-614,1675,36,650,4.9
103,Dasilva,5,6,0,True,2026-09-18T19:00:00Z,3,0,0,0,0,0,0,0,0,0,0,0,0,0,0,0.0,0.0,0.0,0.0,49,-282,1428,11,293,4.9
105,Anthony,1,19,1,True,2026-08-22T16:30:00Z,3,0,23,0,0,0,0,0,0,0,0,0,0,0,9,10.6,34.9,1.0,4.7,60,0,14244,0,0,6.0
105,Anthony,2,13,2,False,2026-08-30T13:00:00Z,1,1,60,0,0,1,0,0,0,0,1,0,0,0,4,3.2,25.9,15.0,4.4,60,-433,16949,1958,2391,6.0
105,Anthony,3,20,1,True,2026-09-05T14:00:00Z,1,1,45,0,0,0,1,0,0,0,0,0,0,0,3,0.0,2.2,3.0,0.4,60,-1707,16152,1644,3351,6.0
105,Anthony,4,3,1,False,2026-09-12T14:00:00Z,2,2,59,0,0,0,2,0,0,0,0,0,0,0,12,14.6,15.3,2.0,3.2,60,-1801,14724,761,2562,6.0
105,Anthony,5,6,10,True,2026-09-18T19:00:00Z,3,0,80,1,0,1,0,0,0,0,0,0,0,2,31,36.6,11.0,37.0,8.5,59,-1462,13639,635,2097,5.9
106,Thiago,1,19,0,True,2026-08-22T16:30:00Z,3,0,82,0,0,1,0,0,0,1,0,0,0,0,-3,2.2,4.0,8.0,1.4,80,0,1509299,0,0,8.0
106,Thiago,2,13,2,False,2026-08-30T13:00:00Z,1,1,90,0,0,0,1,0,0,0,0,0,0,0,2,2.4,6.2,55.0,6.4,80,-49395,1635017,91772,141167,8.0
106,Thiago,3,20,2,True,2026-09-05T14:00:00Z,1,1,90,0,0,0,1,0,0,0,0,0,0,0,9,16.0,1.4,43.0,6.0,80,-240730,1462107,72058,312788,8.0
106,Thiago,4,3,1,False,2026-09-12T14:00:00Z,2,2,90,0,0,0,2,0,0,0,1,0,0,0,3,0.0,16.0,10.0,2.4,79,-296868,1129976,24154,321022,7.9
106,Thiago,5,6,5,True,2026-09-18T19:00:00Z,3,0,90,1,0,1,0,0,0,0,1,0,0,0,26,28.2,16.0,30.0,7.4,78,-189492,958105,32439,221931,7.8
107,Furo,1,19,0,True,2026-08-22T16:30:00Z,3,0,0,0,0,0,0,0,0,0,0,0,0,0,0,0.0,0.0,0.0,0.0,45,0,78000,0,0,4.5
107,Furo,2,13,0,False,2026-08-30T13:00:00Z,1,1,0,0,0,0,0,0,0,0,0,0,0,0,0,0.0,0.0,0.0,0.0,45,-252,89302,8191,8443,4.5
107,Furo,3,20,0,True,2026-09-05T14:00:00Z,1,1,0,0,0,0,0,0,0,0,0,0,0,0,0,0.0,0.0,0.0,0.0,45,13495,116698,27280,13785,4.5
107,Furo,4,3,0,False,2026-09-12T14:00:00Z,2,2,0,0,0,0,0,0,0,0,0,0,0,0,0,0.0,0.0,0.0,0.0,45,4526,119195,19067,14541,4.5
107,Furo,5,6,0,True,2026-09-18T19:00:00Z,3,0,0,0,0,0,0,0,0,0,0,0,0,0,0,0.0,0.0,0.0,0.0,45,-13858,104422,6535,20393,4.5
108,Wilson,1,19,1,True,2026-08-22T16:30:00Z,3,0,7,0,0,0,0,0,0,0,0,0,0,0,4,2.2,10.3,5.0,1.8,55,0,30450,0,0,5.5
108,Wilson,2,13,1,False,2026-08-30T13:00:00Z,1,1,2,0,0,0,0,0,0,0,0,0,0,0,3,0.0,0.1,7.0,0.7,55,-457,37634,4351,4808,5.5
108,Wilson,3,20,1,True,2026-09-05T14:00:00Z,1,1,4,0,0,0,0,0,0,0,0,0,0,0,2,1.0,0.0,0.0,0.1,55,-1724,38790,5560,7284,5.5
108,Wilson,4,3,0,False,2026-09-12T14:00:00Z,2,2,0,0,0,0,0,0,0,0,0,0,0,0,0,0.0,0.0,0.0,0.0,55,-3164,36748,2767,5931,5.5
108,Wilson,5,6,0,True,2026-09-18T19:00:00Z,3,0,0,0,0,0,0,0,0,0,0,0,0,0,0,0.0,0.0,0.0,0.0,55,-4371,33179,1671,6042,5.5
565,M.Sangaré,1,19,14,True,2026-08-22T16:30:00Z,3,0,75,0,2,1,0,0,0,0,0,0,0,3,41,31.6,21.8,21.0,7.4,55,0,294770,0,0,5.5
565,M.Sangaré,2,13,4,False,2026-08-30T13:00:00Z,1,1,90,0,0,0,1,0,0,0,0,0,0,0,16,24.4,25.3,11.0,6.1,56,420422,902725,443762,23340,5.6
565,M.Sangaré,3,20,0,True,2026-09-05T14:00:00Z,1,1,45,0,0,0,0,0,0,0,1,0,0,0,0,0.0,1.3,8.0,0.6,57,509396,1631469,639468,130072,5.7
565,M.Sangaré,4,3,4,False,2026-09-12T14:00:00Z,2,2,90,0,0,0,2,0,0,0,0,0,0,0,19,18.2,9.4,0.0,2.8,57,-207682,1351673,106889,314571,5.7
565,M.Sangaré,5,6,0,True,2026-09-18T19:00:00Z,3,0,21,0,0,0,0,0,0,0,1,0,0,0,0,2.2,0.0,0.0,0.2,57,-184737,1186508,29169,213906,5.7
620,Diouf,2,13,0,False,2026-08-30T13:00:00Z,1,1,0,0,0,0,0,0,0,0,0,0,0,0,0,0.0,0.0,0.0,0.0,45,563,817,600,37,4.5
620,Diouf,3,20,0,True,2026-09-05T14:00:00Z,1,1,0,0,0,0,0,0,0,0,0,0,0,0,0,0.0,0.0,0.0,0.0,45,6560,10083,9542,2982,4.5
620,Diouf,4,3,1,False,2026-09-12T14:00:00Z,2,2,30,0,0,0,0,0,0,0,0,0,0,0,4,3.4,1.0,0.0,0.4,45,-31,10030,1940,1971,4.5
620,Diouf,5,6,1,True,2026-09-18T19:00:00Z,3,0,9,0,0,0,0,0,0,0,0,0,0,0,3,2.2,0.3,0.0,0.3,45,-593,9701,1079,1672,4.5
657,Nunes,4,3,0,False,2026-09-12T14:00:00Z,2,2,0,0,0,0,0,0,0,0,0,0,0,0,0,0.0,0.0,0.0,0.0,45,0,0,0,0,4.5
657,Nunes,5,6,0,True,2026-09-18T19:00:00Z,3,0,0,0,0,0,0,0,0,0,0,0,0,0,0,0.0,0.0,0.0,0.0,45,1349,2569,1742,393,4.5
660,Fredrick,5,6,0,True,2026-09-18T19:00:00Z,3,0,0,0,0,0,0,0,0,0,0,0,0,0,0,0.0,0.0,0.0,0.0,40,0,0,0,0,4.0
661,Balcombe,5,6,0,True,2026-09-18T19:00:00Z,3,0,0,0,0,0,0,0,0,0,0,0,0,0,0,0.0,0.0,0.0,0.0,40,0,0,0,0,4.0
109,Verbruggen,1,2,6,True,2026-08-23T13:00:00Z,4,0,90,0,0,1,0,0,0,0,0,0,0,0,25,6.6,0.0,0.0,0.7,45,0,1987586,0,0,4.5
109,Verbruggen,2,6,0,False,2026-08-30T13:00:00Z,4,3,90,0,0,0,4,0,0,0,0,0,1,0,-1,10.2,0.0,0.0,1.0,45,39276,2133814,84756,45480,4.5
109,Verbruggen,3,13,3,True,2026-09-05T14:00:00Z,1,1,90,0,0,0,1,0,0,0,0,0,3,0,17,29.2,3.0,0.0,3.2,45,114050,2293721,270948,156898,4.5
109,Verbruggen,4,7,8,False,2026-09-13T13:00:00Z,0,5,90,0,0,1,0,0,0,0,0,0,6,0,39,47.8,0.0,0.0,4.8,45,51727,2390519,248699,196972,4.5
109,Verbruggen,5,1,6,True,2026-09-19T14:00:00Z,3,0,90,0,0,1,0,0,0,0,0,0,2,0,27,20.0,0.0,0.0,2.0,45,-47432,2292499,89072,136504,4.5
111,Steele,1,2,0,True,2026-08-23T13:00:00Z,4,0,0,0,0,0,0,0,0,0,0,0,0,0,0,0.0,0.0,0.0,0.0,40,0,369830,0,0,4.0
111,Steele,2,6,0,False,2026-08-30T13:00:00Z,4,3,0,0,0,0,0,0,0,0,0,0,0,0,0,0.0,0.0,0.0,0.0,40,-3330,398691,10714,14044,4.0
111,Steele,3,13,0,True,2026-09-05T14:00:00Z,1,1,0,0,0,0,0,0,0,0,0,0,0,0,0,0.0,0.0,0.0,0.0,40,27834,459848,62093,34259,4.0
111,Steele,4,7,0,False,2026-09-13T13:00:00Z,0,5,0,0,0,0,0,0,0,0,0,0,0,0,0,0.0,0.0,0.0,0.0,40,10916,460442,46956,36040,4.0
111,Steele,5,1,0,True,2026-09-19T14:00:00Z,3,0,0,0,0,0,0,0,0,0,0,0,0,0,0,0.0,0.0,0.0,0.0,40,-988,463243,20424,21412,4.0
113,F.Kadıoğlu,1,2,0,True,2026-08-23T13:00:00Z,4,0,0,0,0,0,0,0,0,0,0,0,0,0,0,0.0,0.0,0.0,0.0,45,0,265528,0,0,4.5
113,F.Kadıoğlu,2,6,0,False,2026-08-30T13:00:00Z,4,3,90,0,0,0,4,0,0,0,0,0,0,0,-4,2.8,16.7,8.0,2.8,45,-48824,221172,2580,51404,4.5
113,F.Kadıoğlu,3,13,2,True,2026-09-05T14:00:00Z,1,1,77,0,0,0,1,0,0,0,0,0,0,0,8,12.6,12.5,19.0,4.4,44,-19909,203285,12724,32633,4.4
113,F.Kadıoğlu,4,7,6,False,2026-09-13T13:00:00Z,0,5,90,0,0,1,0,0,0,0,0,0,0,0,24,6.4,15.4,0.0,2.2,44,-18414,186000,6832,25246,4.4
113,F.Kadıoğlu,5,1,5,True,2026-09-19T14:00:00Z,3,0,75,0,0,1,0,0,0,0,1,0,0,0,18,9.4,13.5,5.0,2.8,44,-13983,170937,4277,18260,4.4
114,Boscagli,1,2,6,True,2026-08-23T13:00:00Z,4,0,90,0,0,1,0,0,0,0,0,0,0,0,29,15.2,7.3,6.0,2.9,45,0,19109,0,0,4.5
114,Boscagli,2,6,-1,False,2026-08-30T13:00:00Z,4,3,90,0,0,0,4,0,0,0,1,0,0,0,-2,16.8,26.6,11.0,5.4,45,2544,26909,4103,1559,4.5
114,Boscagli,3,13,2,True,2026-09-05T14:00:00Z,1,1,90,0,0,0,1,0,0,0,0,0,0,0,17,20.6,62.3,0.0,8.3,45,2298,31479,6293,3995,4.5
114,Boscagli,4,7,6,False,2026-09-13T13:00:00Z,0,5,77,0,0,1,0,0,0,0,0,0,0,0,25,11.6,14.3,2.0,2.8,45,-585,30469,2439,3024,4.5
114,Boscagli,5,1,6,True,2026-09-19T14:00:00Z,3,0,90,0,0,1,0,0,0,0,0,0,0,0,24,13.0,5.2,2.0,2.0,45,-1117,28873,1382,2499,4.5
115,De Cuyper,1,2,17,True,2026-08-23T13:00:00Z,4,0,77,1,1,1,0,0,0,0,0,0,0,2,46,40.6,45.3,43.0,12.9,45,0,151636,0,0,4.5
115,De Cuyper,2,6,0,False,2026-08-30T13:00:00Z,4,3,90,0,0,0,4,0,0,0,0,0,0,0,-2,8.8,23.7,5.0,3.8,46,473840,847829,494998,21158,4.6
115,De Cuyper,3,13,4,True,2026-09-05T14:00:00Z,1,1,76,0,1,0,1,0,0,0,1,0,0,0,17,19.6,22.1,2.0,4.4,47,762031,1978466,871841,109810,4.7
115,De Cuyper,4,7,11,False,2026-09-13T13:00:00Z,0,5,90,0,1,1,0,0,0,0,0,0,0,2,41,24.8,46.9,3.0,7.5,48,509874,2489501,640942,131068,4.8
115,De Cuyper,5,1,6,True,2026-09-19T14:00:00Z,3,0,90,0,0,1,0,0,0,0,1,0,0,1,30,14.6,33.8,4.0,5.2,49,287563,2649636,410558,122995,4.9
116,Dunk,1,2,6,True,2026-08-23T13:00:00Z,4,0,90,0,0,1,0,0,0,0,0,0,0,0,24,13.4,6.4,0.0,2.0,45,0,88762,0,0,4.5
116,Dunk,2,6,-1,False,2026-08-30T13:00:00Z,4,3,90,0,0,0,4,0,0,0,1,0,0,0,-4,14.8,2.0,0.0,1.7,45,8033,118436,13343,5310,4.5
116,Dunk,3,13,5,True,2026-09-05T14:00:00Z,1,1,90,0,0,0,1,0,0,0,0,0,0,1,20,30.8,1.9,4.0,3.7,45,6568,133493,20326,13758,4.5
116,Dunk,4,7,12,False,2026-09-13T13:00:00Z,0,5,90,1,0,1,0,0,0,0,0,0,0,0,39,57.2,4.3,7.0,6.9,45,9404,148520,19779,10375,4.5
116,Dunk,5,1,0,True,2026-09-19T14:00:00Z,3,0,0,0,0,0,0,0,0,0,0,0,0,0,0,0.0,0.0,0.0,0.0,45,16492,165566,28113,11621,4.5
117,Coppola,1,2,0,True,2026-08-23T13:00:00Z,4,0,0,0,0,0,0,0,0,0,0,0,0,0,0,0.0,0.0,0.0,0.0,45,0,1583,0,0,4.5
117,Coppola,2,6,0,False,2026-08-30T13:00:00Z,4,3,0,0,0,0,0,0,0,0,0,0,0,0,0,0.0,0.0,0.0,0.0,45,-33,1892,191,224,4.5
117,Coppola,3,13,0,True,2026-09-05T14:00:00Z,1,1,0,0,0,0,0,0,0,0,0,0,0,0,0,0.0,0.0,0.0,0.0,45,-35,2029,261,296,4.5
117,Coppola,4,7,0,False,2026-09-13T13:00:00Z,0,5,0,0,0,0,0,0,0,0,0,0,0,0,0,0.0,0.0,0.0,0.0,45,-50,2061,180,230,4.5
117,Coppola,5,1,0,True,2026-09-19T14:00:00Z,3,0,0,0,0,0,0,0,0,0,0,0,0,0,0,0.0,0.0,0.0,0.0,45,-33,2071,180,213,4.5
118,Igor,1,2,0,True,2026-08-23T13:00:00Z,4,0,0,0,0,0,0,0,0,0,0,0,0,0,0,0.0,0.0,0.0,0.0,45,0,7195,0,0,4.5
118,Igor,2,6,0,False,2026-08-30T13:00:00Z,4,3,0,0,0,0,0,0,0,0,0,0,0,0,0,0.0,0.0,0.0,0.0,45,-404,8240,471,875,4.5
118,Igor,3,13,0,True,2026-09-05T14:00:00Z,1,1,0,0,0,0,0,0,0,0,0,0,0,0,0,0.0,0.0,0.0,0.0,45,-1451,7052,444,1895,4.5
118,Igor,4,7,0,False,2026-09-13T13:00:00Z,0,5,0,0,0,0,0,0,0,0,0,0,0,0,0,0.0,0.0,0.0,0.0,45,-1990,5099,0,1990,4.5
118,Igor,5,1,0,True,2026-09-19T14:00:00Z,3,0,0,0,0,0,0,0,0,0,0,0,0,0,0,0.0,0.0,0.0,0.0,45,-883,4271,0,883,4.5
119,Costinha,1,2,1,True,2026-08-23T13:00:00Z,4,0,26,0,0,0,0,0,0,0,0,0,0,0,7,8.2,1.9,18.0,2.8,45,0,2148,0,0,4.5
119,Costinha,2,6,0,False,2026-08-30T13:00:00Z,4,3,10,0,0,0,0,0,0,0,1,0,0,0,-1,0.0,0.3,0.0,0.0,45,59,3512,285,226,4.5
119,Costinha,3,13,1,True,2026-09-05T14:00:00Z,1,1,12,0,0,0,0,0,0,0,0,0,0,0,7,5.8,14.5,0.0,2.0,45,-72,3762,400,472,4.5
119,Costinha,4,7,1,False,2026-09-13T13:00:00Z,0,5,6,0,0,0,0,0,0,0,0,0,0,0,3,1.2,0.3,0.0,0.2,45,-117,3722,204,321,4.5
119,Costinha,5,1,1,True,2026-09-19T14:00:00Z,3,0,14,0,0,0,0,0,0,0,0,0,0,0,2,1.2,3.0,0.0,0.4,45,-90,3724,216,306,4.5
120,Svoboda,1,2,0,True,2026-08-23T13:00:00Z,4,0,0,0,0,0,0,0,0,0,0,0,0,0,0,0.0,0.0,0.0,0.0,50,0,3997,0,0,5.0
120,Svoboda,2,6,0,False,2026-08-30T13:00:00Z,4,3,0,0,0,0,0,0,0,0,0,0,0,0,0,0.0,0.0,0.0,0.0,50,84,5185,768,684,5.0
120,Svoboda,3,13,0,True,2026-09-05T14:00:00Z,1,1,0,0,0,0,0,0,0,0,0,0,0,0,0,0.0,0.0,0.0,0.0,50,-124,5613,863,987,5.0
120,Svoboda,4,7,0,False,2026-09-13T13:00:00Z,0,5,0,0,0,0,0,0,0,0,0,0,0,0,0,0.0,0.0,0.0,0.0,50,4,5997,898,894,5.0
120,Svoboda,5,1,1,True,2026-09-19T14:00:00Z,3,0,4,0,0,0,0,0,0,0,0,0,0,0,5,2.4,0.0,0.0,0.2,50,-310,5657,647,957,5.0
121,Mitoma,1,2,0,True,2026-08-23T13:00:00Z,4,0,0,0,0,0,0,0,0,0,0,0,0,0,0,0.0,0.0,0.0,0.0,60,0,4360,0,0,6.0
121,Mitoma,2,6,0,False,2026-08-30T13:00:00Z,4,3,0,0,0,0,0,0,0,0,0,0,0,0,0,0.0,0.0,0.0,0.0,60,-1078,4114,159,1237,6.0
121,Mitoma,3,13,0,True,2026-09-05T14:00:00Z,1,1,0,0,0,0,0,0,0,0,0,0,0,0,0,0.0,0.0,0.0,0.0,60,-821,3542,130,951,6.0
121,Mitoma,4,7,0,False,2026-09-13T13:00:00Z,0,5,0,0,0,0,0,0,0,0,0,0,0,0,0,0.0,0.0,0.0,0.0,59,-383,3299,74,457,5.9
121,Mitoma,5,1,0,True,2026-09-19T14:00:00Z,3,0,0,0,0,0,0,0,0,0,0,0,0,0,0,0.0,0.0,0.0,0.0,59,-229,3148,63,292,5.9
122,Minteh,1,2,0,True,2026-08-23T13:00:00Z,4,0,0,0,0,0,0,0,0,0,0,0,0,0,0,0.0,0.0,0.0,0.0,60,0,9337,0,0,6.0
122,Minteh,2,6,0,False,2026-08-30T13:00:00Z,4,3,0,0,0,0,0,0,0,0,0,0,0,0,0,0.0,0.0,0.0,0.0,60,-3381,6199,140,3521,6.0
122,Minteh,3,13,0,True,2026-09-05T14:00:00Z,1,1,0,0,0,0,0,0,0,0,0,0,0,0,0,0.0,0.0,0.0,0.0,59,-1839,4472,87,1926,5.9
122,Minteh,4,7,0,False,2026-09-13T13:00:00Z,0,5,0,0,0,0,0,0,0,0,0,0,0,0,0,0.0,0.0,0.0,0.0,59,-716,3821,35,751,5.9
122,Minteh,5,1,0,True,2026-09-19T14:00:00Z,3,0,0,0,0,0,0,0,0,0,0,0,0,0,0,0.0,0.0,0.0,0.0,59,-448,3397,28,476,5.9
123,Hinshelwood,1,2,16,True,2026-08-23T13:00:00Z,4,0,63,2,0,1,0,0,0,0,0,0,0,3,54,72.8,13.4,59.0,14.5,60,0,39219,0,0,6.0
123,Hinshelwood,2,6,0,False,2026-08-30T13:00:00Z,4,3,0,0,0,0,0,0,0,0,0,0,0,0,0,0.0,0.0,0.0,0.0,60,101743,230171,139828,38085,6.0
123,Hinshelwood,3,13,0,True,2026-09-05T14:00:00Z,1,1,0,0,0,0,0,0,0,0,0,0,0,0,0,0.0,0.0,0.0,0.0,60,-92072,129183,6623,98695,6.0
123,Hinshelwood,4,7,0,False,2026-09-13T13:00:00Z,0,5,0,0,0,0,0,0,0,0,0,0,0,0,0,0.0,0.0,0.0,0.0,60,-44735,91458,1042,45777,6.0
123,Hinshelwood,5,1,0,True,2026-09-19T14:00:00Z,3,0,0,0,0,0,0,0,0,0,0,0,0,0,0,0.0,0.0,0.0,0.0,59,-26541,66553,128,26669,5.9
124,Groß,1,2,2,True,2026-08-23T13:00:00Z,4,0,90,0,0,1,0,0,0,0,1,0,0,0,18,21.0,56.9,8.0,8.6,55,0,1308033,0,0,5.5
124,Groß,2,6,13,False,2026-08-30T13:00:00Z,4,3,90,1,1,0,4,0,0,0,0,0,0,3,46,47.8,33.2,23.0,10.4,55,-81694,1268429,24179,105873,5.5
124,Groß,3,13,1,True,2026-09-05T14:00:00Z,1,1,90,0,0,0,1,0,0,0,1,0,0,0,-1,0.0,16.5,19.0,3.2,55,341111,1691790,448315,107204,5.5
124,Groß,4,7,17,False,2026-09-13T13:00:00Z,0,5,90,1,2,1,0,0,0,0,0,0,0,3,56,83.8,79.1,18.0,18.1,56,72242,1745184,283590,211348,5.6
124,Groß,5,1,14,True,2026-09-19T14:00:00Z,3,0,90,1,1,1,0,0,0,0,0,0,0,3,47,58.4,30.3,16.0,10.5,57,499051,2264407,604409,105358,5.7
125,Georginio,1,2,5,True,2026-08-23T13:00:00Z,4,0,90,0,1,1,0,0,0,0,0,0,0,0,22,19.8,11.4,15.0,4.6,55,0,78765,0,0,5.5
125,Georginio,2,6,0,False,2026-08-30T13:00:00Z,4,3,0,0,0,0,0,0,0,0,0,0,0,0,0,0.0,0.0,0.0,0.0,55,8880,98683,23887,15007,5.5
125,Georginio,3,13,0,True,2026-09-05T14:00:00Z,1,1,0,0,0,0,0,0,0,0,0,0,0,0,0,0.0,0.0,0.0,0.0,55,-21930,74079,4546,26476,5.5
125,Georginio,4,7,0,False,2026-09-13T13:00:00Z,0,5,0,0,0,0,0,0,0,0,0,0,0,0,0,0.0,0.0,0.0,0.0,54,-17412,58474,1249,18661,5.4
125,Georginio,5,1,1,True,2026-09-19T14:00:00Z,3,0,14,0,0,0,0,0,0,0,0,0,0,0,2,0.4,0.3,4.0,0.5,54,-10169,49762,2315,12484,5.4
126,O'Riley,1,2,0,True,2026-08-23T13:00:00Z,4,0,0,0,0,0,0,0,0,0,0,0,0,0,0,0.0,0.0,0.0,0.0,55,0,8249,0,0,5.5
126,O'Riley,2,6,0,False,2026-08-30T13:00:00Z,4,3,0,0,0,0,0,0,0,0,0,0,0,0,0,0.0,0.0,0.0,0.0,55,-696,10143,656,1352,5.5
126,O'Riley,3,13,0,True,2026-09-05T14:00:00Z,1,1,0,0,0,0,0,0,0,0,0,0,0,0,0,0.0,0.0,0.0,0.0,55,-909,10276,1040,1949,5.5
126,O'Riley,4,7,1,False,2026-09-13T13:00:00Z,0,5,6,0,0,0,0,0,0,0,0,0,0,0,4,2.2,10.5,0.0,1.3,55,-515,10605,901,1416,5.5
126,O'Riley,5,1,1,True,2026-09-19T14:00:00Z,3,0,4,0,0,0,0,0,0,0,0,0,0,0,2,6.0,0.0,19.0,2.5,54,-662,10353,577,1239,5.4
127,Gomez,1,2,6,True,2026-08-23T13:00:00Z,4,0,85,0,1,1,0,0,0,0,0,0,0,0,27,33.0,25.1,41.0,9.9,50,0,355972,0,0,5.0
127,Gomez,2,6,5,False,2026-08-30T13:00:00Z,4,3,90,0,1,0,4,0,0,0,0,0,0,0,15,4.6,20.3,42.0,6.7,50,7080,380491,23952,16872,5.0
127,Gomez,3,13,2,True,2026-09-05T14:00:00Z,1,1,90,0,0,0,1,0,0,0,0,0,0,0,13,15.2,26.4,30.0,7.2,50,117389,525464,177501,60112,5.0
127,Gomez,4,7,3,False,2026-09-13T13:00:00Z,0,5,83,0,0,1,0,0,0,0,0,0,0,0,6,2.4,9.0,9.0,2.0,50,5076,522783,107677,102601,5.0
127,Gomez,5,1,8,True,2026-09-19T14:00:00Z,3,0,85,0,1,1,0,0,0,0,0,0,0,0,19,29.0,22.6,4.0,5.6,50,-68669,439801,13377,82046,5.0
128,Buonanotte,1,2,0,True,2026-08-23T13:00:00Z,4,0,0,0,0,0,0,0,0,0,0,0,0,0,0,0.0,0.0,0.0,0.0,50,0,528,0,0,5.0
128,Buonanotte,2,6,0,False,2026-08-30T13:00:00Z,4,3,0,0,0,0,0,0,0,0,0,0,0,0,0,0.0,0.0,0.0,0.0,50,-173,346,0,173,5.0
128,Buonanotte,3,13,0,True,2026-09-05T14:00:00Z,1,1,0,0,0,0,0,0,0,0,0,0,0,0,0,0.0,0.0,0.0,0.0,50,-94,257,0,94,5.0
128,Buonanotte,4,7,0,False,2026-09-13T13:00:00Z,0,5,0,0,0,0,0,0,0,0,0,0,0,0,0,0.0,0.0,0.0,0.0,50,-39,223,0,39,5.0
128,Buonanotte,5,1,0,True,2026-09-19T14:00:00Z,3,0,0,0,0,0,0,0,0,0,0,0,0,0,0,0.0,0.0,0.0,0.0,50,-17,206,0,17,5.0
129,Ayari,1,2,2,True,2026-08-23T13:00:00Z,4,0,63,0,0,1,0,0,0,0,1,0,0,0,8,0.0,15.0,6.0,1.7,55,0,61091,0,0,5.5
129,Ayari,2,6,0,False,2026-08-30T13:00:00Z,4,3,0,0,0,0,0,0,0,0,0,0,0,0,0,0.0,0.0,0.0,0.0,55,-4277,62632,3334,7611,5.5
129,Ayari,3,13,2,True,2026-09-05T14:00:00Z,1,1,90,0,0,0,1,0,0,0,0,0,0,0,18,11.4,14.8,18.0,4.4,54,-19892,42114,1443,21335,5.4
129,Ayari,4,7,8,False,2026-09-13T13:00:00Z,0,5,90,1,0,1,0,0,0,0,0,0,0,0,38,39.0,6.8,27.0,7.3,54,-4206,39911,2011,6217,5.4
129,Ayari,5,1,3,True,2026-09-19T14:00:00Z,3,0,90,0,0,1,0,0,0,0,0,0,0,0,7,5.6,12.3,17.0,3.5,54,-939,39428,3453,4392,5.4
130,Wieffer,1,2,7,True,2026-08-23T13:00:00Z,4,0,77,0,0,1,0,0,0,0,0,0,0,1,32,16.6,26.3,6.0,4.9,50,0,22925,0,0,5.0
130,Wieffer,2,6,0,False,2026-08-30T13:00:00Z,4,3,79,0,0,0,4,0,0,0,0,0,0,0,6,20.4,9.2,4.0,3.4,50,10371,43921,13428,3057,5.0
130,Wieffer,3,13,0,True,2026-09-05T14:00:00Z,1,1,0,0,0,0,0,0,0,0,0,0,0,0,0,0.0,0.0,0.0,0.0,50,-473,46414,12362,12835,5.0
130,Wieffer,4,7,0,False,2026-09-13T13:00:00Z,0,5,0,0,0,0,0,0,0,0,0,0,0,0,0,0.0,0.0,0.0,0.0,50,-18513,26541,68,18581,5.0
130,Wieffer,5,1,0,True,2026-09-19T14:00:00Z,3,0,0,0,0,0,0,0,0,0,0,0,0,0,0,0.0,0.0,0.0,0.0,49,-6902,20558,57,6959,4.9
132,Howell,1,2,0,True,2026-08-23T13:00:00Z,4,0,0,0,0,0,0,0,0,0,0,0,0,0,0,0.0,0.0,0.0,0.0,45,0,6770,0,0,4.5
132,Howell,2,6,0,False,2026-08-30T13:00:00Z,4,3,0,0,0,0,0,0,0,0,0,0,0,0,0,0.0,0.0,0.0,0.0,45,-1532,5161,0,1532,4.5
132,Howell,3,13,0,True,2026-09-05T14:00:00Z,1,1,0,0,0,0,0,0,0,0,0,0,0,0,0,0.0,0.0,0.0,0.0,45,-976,4183,0,976,4.5
132,Howell,4,7,0,False,2026-09-13T13:00:00Z,0,5,0,0,0,0,0,0,0,0,0,0,0,0,0,0.0,0.0,0.0,0.0,45,-575,3658,0,575,4.5
132,Howell,5,1,0,True,2026-09-19T14:00:00Z,3,0,0,0,0,0,0,0,0,0,0,0,0,0,0,0.0,0.0,0.0,0.0,45,-395,3291,0,395,4.5
133,Watson,1,2,0,True,2026-08-23T13:00:00Z,4,0,0,0,0,0,0,0,0,0,0,0,0,0,0,0.0,0.0,0.0,0.0,50,0,241,0,0,5.0
133,Watson,2,6,0,False,2026-08-30T13:00:00Z,4,3,0,0,0,0,0,0,0,0,0,0,0,0,0,0.0,0.0,0.0,0.0,50,-56,182,0,56,5.0
133,Watson,3,13,0,True,2026-09-05T14:00:00Z,1,1,0,0,0,0,0,0,0,0,0,0,0,0,0,0.0,0.0,0.0,0.0,50,-46,139,0,46,5.0
133,Watson,4,7,0,False,2026-09-13T13:00:00Z,0,5,0,0,0,0,0,0,0,0,0,0,0,0,0,0.0,0.0,0.0,0.0,50,-19,122,0,19,5.0
133,Watson,5,1,0,True,2026-09-19T14:00:00Z,3,0,0,0,0,0,0,0,0,0,0,0,0,0,0,0.0,0.0,0.0,0.0,50,-10,112,0,10,5.0
134,Oriola,1,2,0,True,2026-08-23T13:00:00Z,4,0,0,0,0,0,0,0,0,0,0,0,0,0,0,0.0,0.0,0.0,0.0,45,0,24725,0,0,4.5
134,Oriola,2,6,0,False,2026-08-30T13:00:00Z,4,3,0,0,0,0,0,0,0,0,0,0,0,0,0,0.0,0.0,0.0,0.0,45,-1072,27277,1708,2780,4.5
134,Oriola,3,13,0,True,2026-09-05T14:00:00Z,1,1,0,0,0,0,0,0,0,0,0,0,0,0,0,0.0,0.0,0.0,0.0,45,-147,29432,3612,3759,4.5
134,Oriola,4,7,0,False,2026-09-13T13:00:00Z,0,5,0,0,0,0,0,0,0,0,0,0,0,0,0,0.0,0.0,0.0,0.0,45,-1093,28553,2194,3287,4.5
134,Oriola,5,1,0,True,2026-09-19T14:00:00Z,3,0,0,0,0,0,0,0,0,0,0,0,0,0,0,0.0,0.0,0.0,0.0,45,-2152,26306,890,3042,4.5
135,Yohanna,1,2,1,True,2026-08-23T13:00:00Z,4,0,12,0,0,0,0,0,0,0,0,0,0,0,3,0.2,1.3,0.0,0.2,50,0,6623,0,0,5.0
135,Yohanna,2,6,0,False,2026-08-30T13:00:00Z,4,3,0,0,0,0,0,0,0,0,0,0,0,0,0,0.0,0.0,0.0,0.0,50,-506,6909,373,879,5.0
135,Yohanna,3,13,0,True,2026-09-05T14:00:00Z,1,1,0,0,0,0,0,0,0,0,0,0,0,0,0,0.0,0.0,0.0,0.0,50,-1062,6108,517,1579,5.0
135,Yohanna,4,7,0,False,2026-09-13T13:00:00Z,0,5,0,0,0,0,0,0,0,0,0,0,0,0,0,0.0,0.0,0.0,0.0,49,-1135,5076,318,1453,4.9
135,Yohanna,5,1,0,True,2026-09-19T14:00:00Z,3,0,0,0,0,0,0,0,0,0,0,0,0,0,0,0.0,0.0,0.0,0.0,49,-1161,3954,35,1196,4.9
137,Tzimas,1,2,0,True,2026-08-23T13:00:00Z,4,0,0,0,0,0,0,0,0,0,0,0,0,0,0,0.0,0.0,0.0,0.0,55,0,879,0,0,5.5
137,Tzimas,2,6,0,False,2026-08-30T13:00:00Z,4,3,0,0,0,0,0,0,0,0,0,0,0,0,0,0.0,0.0,0.0,0.0,55,-168,839,84,252,5.5
137,Tzimas,3,13,0,True,2026-09-05T14:00:00Z,1,1,0,0,0,0,0,0,0,0,0,0,0,0,0,0.0,0.0,0.0,0.0,55,-130,754,80,210,5.5
137,Tzimas,4,7,0,False,2026-09-13T13:00:00Z,0,5,0,0,0,0,0,0,0,0,0,0,0,0,0,0.0,0.0,0.0,0.0,55,-82,705,70,152,5.5
137,Tzimas,5,1,0,True,2026-09-19T14:00:00Z,3,0,0,0,0,0,0,0,0,0,0,0,0,0,0,0.0,0.0,0.0,0.0,54,-21,710,63,84,5.4
138,Kostoulas,1,2,1,True,2026-08-23T13:00:00Z,4,0,26,0,0,0,0,0,0,0,0,0,0,0,-1,0.0,0.4,10.0,0.9,55,0,19339,0,0,5.5
138,Kostoulas,2,6,5,False,2026-08-30T13:00:00Z,4,3,79,0,1,0,4,0,0,0,0,0,0,0,17,5.0,15.1,17.0,3.7,55,-767,22097,1384,2151,5.5
138,Kostoulas,3,13,2,True,2026-09-05T14:00:00Z,1,1,90,0,0,0,1,0,0,0,0,0,0,0,9,9.6,5.3,24.0,3.9,55,23615,52785,29733,6118,5.5
138,Kostoulas,4,7,10,False,2026-09-13T13:00:00Z,0,5,83,1,1,1,0,0,0,0,0,0,0,1,40,33.0,7.0,38.0,7.8,55,7254,59839,16416,9162,5.5
138,Kostoulas,5,1,10,True,2026-09-19T14:00:00Z,3,0,75,1,1,1,0,0,0,0,1,0,0,2,40,48.2,11.3,38.0,9.8,55,42079,105077,57158,15079,5.5
139,Ferguson,1,2,0,True,2026-08-23T13:00:00Z,4,0,0,0,0,0,0,0,0,0,0,0,0,0,0,0.0,0.0,0.0,0.0,50,0,2877,0,0,5.0
139,Ferguson,2,6,0,False,2026-08-30T13:00:00Z,4,3,0,0,0,0,0,0,0,0,0,0,0,0,0,0.0,0.0,0.0,0.0,50,-305,3163,318,623,5.0
139,Ferguson,3,13,0,True,2026-09-05T14:00:00Z,1,1,0,0,0,0,0,0,0,0,0,0,0,0,0,0.0,0.0,0.0,0.0,50,-173,3252,545,718,5.0
139,Ferguson,4,7,0,False,2026-09-13T13:00:00Z,0,5,0,0,0,0,0,0,0,0,0,0,0,0,0,0.0,0.0,0.0,0.0,50,-178,3222,346,524,5.0
139,Ferguson,5,1,0,True,2026-09-19T14:00:00Z,3,0,0,0,0,0,0,0,0,0,0,0,0,0,0,0.0,0.0,0.0,0.0,50,-162,3174,242,404,5.0
328,Struijk,1,2,0,True,2026-08-23T13:00:00Z,4,0,0,0,0,0,0,0,0,0,0,0,0,0,0,0.0,0.0,0.0,0.0,50,0,19933,0,0,5.0
328,Struijk,2,6,0,False,2026-08-30T13:00:00Z,4,3,0,0,0,0,0,0,0,0,0,0,0,0,0,0.0,0.0,0.0,0.0,50,-1138,22519,1416,2554,5.0
328,Struijk,3,13,1,True,2026-09-05T14:00:00Z,1,1,1,0,0,0,0,0,0,0,0,0,0,0,3,0.2,0.1,0.0,0.0,50,-2128,21218,1548,3676,5.0
328,Struijk,4,7,1,False,2026-09-13T13:00:00Z,0,5,12,0,0,0,0,0,0,0,0,0,0,0,4,11.2,0.8,0.0,1.2,50,-1007,20832,1494,2501,5.0
328,Struijk,5,1,5,True,2026-09-19T14:00:00Z,3,0,85,0,0,1,0,0,0,0,1,0,0,0,24,20.8,0.6,7.0,2.8,49,-1949,18865,571,2520,4.9
504,Vuskovic,1,2,6,True,2026-08-23T13:00:00Z,4,0,90,0,0,1,0,0,0,0,0,0,0,0,19,12.4,4.5,12.0,2.9,50,0,221596,0,0,5.0
504,Vuskovic,2,6,0,False,2026-08-30T13:00:00Z,4,3,90,0,0,0,4,0,0,0,0,0,0,0,-2,22.8,8.3,5.0,3.6,50,8839,250629,21186,12347,5.0
504,Vuskovic,3,13,12,True,2026-09-05T14:00:00Z,1,1,90,1,0,0,1,0,0,0,0,0,0,2,27,56.2,1.8,40.0,9.8,50,-9735,244648,22843,32578,5.0
504,Vuskovic,4,7,6,False,2026-09-13T13:00:00Z,0,5,77,0,0,1,0,0,0,0,0,0,0,0,27,16.2,1.8,13.0,3.1,50,86436,369539,131383,44947,5.0
504,Vuskovic,5,1,8,True,2026-09-19T14:00:00Z,3,0,90,0,0,1,0,0,0,0,0,0,0,0,27,20.6,1.6,2.0,2.4,50,-7252,332297,27688,34940,5.0
594,David,1,2,0,True,2026-08-23T13:00:00Z,4,0,0,0,0,0,0,0,0,0,0,0,0,0,0,0.0,0.0,0.0,0.0,60,0,20944,0,0,6.0
594,David,2,6,1,False,2026-08-30T13:00:00Z,4,3,10,0,0,0,0,0,0,0,0,0,0,0,3,0.0,3.7,0.0,0.4,60,-1622,25435,2519,4141,6.0
594,David,3,13,0,True,2026-09-05T14:00:00Z,1,1,13,0,0,0,0,0,0,0,1,0,0,0,-7,0.0,0.0,4.0,0.0,60,-1278,25799,4444,5722,6.0
594,David,4,7,0,False,2026-09-13T13:00:00Z,0,5,0,0,0,0,0,0,0,0,0,0,0,0,0,0.0,0.0,0.0,0.0,60,-2415,24399,2799,5214,6.0
594,David,5,1,0,True,2026-09-19T14:00:00Z,3,0,0,0,0,0,0,0,0,0,0,0,0,0,0,0.0,0.0,0.0,0.0,60,-3096,21728,2100,5196,6.0
600,Osman,1,2,1,True,2026-08-23T13:00:00Z,4,0,12,0,0,0,0,0,0,0,0,0,0,0,7,4.2,15.4,4.0,2.4,50,0,633,0,0,5.0
600,Osman,2,6,1,False,2026-08-30T13:00:00Z,4,3,16,0,0,0,1,0,0,0,0,0,0,0,6,3.0,1.3,2.0,0.6,50,75,1521,218,143,5.0
600,Osman,3,13,0,True,2026-09-05T14:00:00Z,1,1,0,0,0,0,0,0,0,0,0,0,0,0,0,0.0,0.0,0.0,0.0,50,30,1841,312,282,5.0
600,Osman,4,7,1,False,2026-09-13T13:00:00Z,0,5,12,0,0,0,0,0,0,0,0,0,0,0,2,0.0,1.1,13.0,1.2,50,-148,1793,153,301,5.0
600,Osman,5,1,0,True,2026-09-19T14:00:00Z,3,0,0,0,0,0,0,0,0,0,0,0,0,0,0,0.0,0.0,0.0,0.0,50,-93,1757,148,241,5.0
605,Yalcouyé,1,2,1,True,2026-08-23T13:00:00Z,4,0,4,0,0,0,0,0,0,0,0,0,0,0,3,0.6,2.7,0.0,0.3,45,0,0,0,0,4.5
605,Yalcouyé,2,6,8,False,2026-08-30T13:00:00Z,4,3,73,1,0,0,3,0,0,0,0,0,0,1,39,50.8,20.1,42.0,11.3,45,3387,9806,4339,952,4.5
605,Yalcouyé,3,13,2,True,2026-09-05T14:00:00Z,1,1,90,0,0,0,1,0,0,0,0,0,0,0,16,8.2,24.4,20.0,5.3,45,174780,252653,208413,33633,4.5
605,Yalcouyé,4,7,8,False,2026-09-13T13:00:00Z,0,5,64,1,0,1,0,0,0,0,0,0,0,0,29,47.4,12.8,43.0,10.3,45,125140,374976,185444,60304,4.5
605,Yalcouyé,5,1,1,True,2026-09-19T14:00:00Z,3,0,5,0,0,0,0,0,0,0,0,0,0,0,9,2.2,10.3,6.0,1.9,45,87628,450411,130693,43065,4.5
614,Hadjam,2,6,0,False,2026-08-30T13:00:00Z,4,3,0,0,0,0,0,0,0,0,0,0,0,0,0,0.0,0.0,0.0,0.0,45,952,1839,1006,54,4.5
614,Hadjam,3,13,0,True,2026-09-05T14:00:00Z,1,1,0,0,0,0,0,0,0,0,0,0,0,0,0,0.0,0.0,0.0,0.0,45,1310,4150,1795,485,4.5
614,Hadjam,4,7,0,False,2026-09-13T13:00:00Z,0,5,0,0,0,0,0,0,0,0,0,0,0,0,0,0.0,0.0,0.0,0.0,45,-135,4155,425,560,4.5
614,Hadjam,5,1,0,True,2026-09-19T14:00:00Z,3,0,0,0,0,0,0,0,0,0,0,0,0,0,0,0.0,0.0,0.0,0.0,45,-93,4264,513,606,4.5
624,Cozier-Duberry,2,6,0,False,2026-08-30T13:00:00Z,4,3,0,0,0,0,0,0,0,0,0,0,0,0,0,0.0,0.0,0.0,0.0,50,0,0,0,0,5.0
624,Cozier-Duberry,3,13,0,True,2026-09-05T14:00:00Z,1,1,0,0,0,0,0,0,0,0,0,0,0,0,0,0.0,0.0,0.0,0.0,50,61,111,117,56,5.0
624,Cozier-Duberry,4,7,0,False,2026-09-13T13:00:00Z,0,5,0,0,0,0,0,0,0,0,0,0,0,0,0,0.0,0.0,0.0,0.0,50,-40,61,0,40,5.0
624,Cozier-Duberry,5,1,0,True,2026-09-19T14:00:00Z,3,0,0,0,0,0,0,0,0,0,0,0,0,0,0,0.0,0.0,0.0,0.0,50,-12,51,0,12,5.0
639,Andrés,3,13,0,True,2026-09-05T14:00:00Z,1,1,0,0,0,0,0,0,0,0,0,0,0,0,0,0.0,0.0,0.0,0.0,55,219,345,261,42,5.5
639,Andrés,4,7,4,False,2026-09-13T13:00:00Z,0,5,25,0,1,0,0,0,0,0,0,0,0,0,10,18.8,13.1,2.0,3.4,55,318,812,513,195,5.5
639,Andrés,5,1,8,True,2026-09-19T14:00:00Z,3,0,84,1,0,1,0,0,0,0,0,0,0,0,27,33.4,4.8,37.0,7.5,55,239,1188,470,231,5.5
652,Azeez,3,13,0,True,2026-09-05T14:00:00Z,1,1,0,0,0,0,0,0,0,0,0,0,0,0,0,0.0,0.0,0.0,0.0,55,214,256,248,34,5.5
652,Azeez,4,7,0,False,2026-09-13T13:00:00Z,0,5,0,0,0,0,0,0,0,0,0,0,0,0,0,0.0,0.0,0.0,0.0,55,62,315,121,59,5.5
652,Azeez,5,1,0,True,2026-09-19T14:00:00Z,3,0,0,0,0,0,0,0,0,0,0,0,0,0,0,0.0,0.0,0.0,0.0,55,-10,308,54,64,5.5
658,Ibrahim,4,7,0,False,2026-09-13T13:00:00Z,0,5,0,0,0,0,0,0,0,0,0,0,0,0,0,0.0,0.0,0.0,0.0,45,0,0,0,0,4.5
658,Ibrahim,5,1,0,True,2026-09-19T14:00:00Z,3,0,0,0,0,0,0,0,0,0,0,0,0,0,0,0.0,0.0,0.0,0.0,45,895,1545,1163,268,4.5
28,Martinez,1,5,0,False,2026-08-23T13:00:00Z,4,0,0,0,0,0,0,0,0,0,0,0,0,0,0,0.0,0.0,0.0,0.0,50,0,388040,0,0,5.0
28,Martinez,2,5,2,True,2026-08-30T13:00:00Z,4,3,90,0,0,0,3,0,0,0,0,0,4,0,18,36.2,20.0,0.0,5.6,50,-42289,419555,14876,8115,5.0
28,Martinez,3,1,3,False,2026-09-06T15:30:00Z,2,1,90,0,0,0,2,0,0,0,0,0,8,0,26,63.2,0.0,0.0,6.3,50,13115,459337,68378,55263,5.0
28,Martinez,4,11,2,True,2026-09-12T14:00:00Z,2,2,90,0,0,0,2,0,0,0,0,0,3,0,10,19.6,0.0,0.0,2.0,50,68402,564431,119022,50620,5.0
28,Martinez,5,4,2,False,2026-09-18T19:00:00Z,3,0,90,0,0,0,3,0,0,0,0,0,3,0,7,26.0,10.0,0.0,3.6,50,-32803,524629,20981,53784,5.0
40,Rogers,1,10,8,False,2026-08-24T19:00:00Z,2,3,81,1,0,0,2,0,0,0,0,0,0,1,37,48.8,53.5,29.0,13.1,75,0,2178086,0,0,7.5
40,Rogers,2,5,5,True,2026-08-30T13:00:00Z,4,3,90,0,1,0,3,0,0,0,0,0,0,0,28,26.8,46.5,23.0,9.6,75,180102,2607781,251851,71749,7.5
40,Rogers,3,1,6,False,2026-09-06T15:30:00Z,2,1,86,1,0,0,2,0,0,0,1,0,0,0,22,30.2,13.6,16.0,6.0,75,-110434,2472597,211550,321984,7.5
40,Rogers,4,11,8,True,2026-09-12T14:00:00Z,2,2,90,1,0,0,2,0,0,0,0,0,0,1,31,43.2,5.9,42.0,9.1,76,1039938,3834585,1168508,128570,7.6
40,Rogers,5,4,2,False,2026-09-18T19:00:00Z,3,0,90,0,0,0,3,0,0,0,0,0,0,0,17,10.0,20.6,30.0,6.1,77,628130,4380885,697514,69384,7.7
101,Henderson,1,10,0,False,2026-08-24T19:00:00Z,2,3,0,0,0,0,0,0,0,0,0,0,0,0,0,0.0,0.0,0.0,0.0,50,0,3629,0,0,5.0
101,Henderson,2,5,0,True,2026-08-30T13:00:00Z,4,3,0,0,0,0,0,0,0,0,0,0,0,0,0,0.0,0.0,0.0,0.0,50,-477,3715,214,691,5.0
101,Henderson,3,1,0,False,2026-09-06T15:30:00Z,2,1,0,0,0,0,0,0,0,0,0,0,0,0,0,0.0,0.0,0.0,0.0,50,-557,3322,209,766,5.0
101,Henderson,4,11,0,True,2026-09-12T14:00:00Z,2,2,0,0,0,0,0,0,0,0,0,0,0,0,0,0.0,0.0,0.0,0.0,49,-444,3001,145,589,4.9
101,Henderson,5,4,2,False,2026-09-18T19:00:00Z,3,0,90,0,0,0,3,0,0,0,0,0,0,0,16,16.6,10.4,0.0,2.7,49,-383,2692,45,428,4.9
136,Welbeck,1,10,0,False,2026-08-24T19:00:00Z,2,3,0,0,0,0,0,0,0,0,0,0,0,0,0,0.0,0.0,0.0,0.0,60,0,112037,0,0,6.0
136,Welbeck,2,5,0,True,2026-08-30T13:00:00Z,4,3,0,0,0,0,0,0,0,0,0,0,0,0,0,0.0,0.0,0.0,0.0,60,-19289,96753,3136,22425,6.0
136,Welbeck,3,1,1,False,2026-09-06T15:30:00Z,2,1,3,0,0,0,0,0,0,0,0,0,0,0,3,0.0,0.3,2.0,0.2,59,-16503,84671,7873,24376,5.9
136,Welbeck,4,11,1,True,2026-09-12T14:00:00Z,2,2,12,0,0,0,0,0,0,0,0,0,0,0,4,7.2,10.6,4.0,2.2,59,-5112,82997,8018,13130,5.9
136,Welbeck,5,4,2,False,2026-09-18T19:00:00Z,3,0,70,0,0,0,1,0,0,0,0,0,0,0,8,7.2,21.8,8.0,3.7,59,20936,114052,34909,13973,5.9
140,Sánchez,1,10,2,False,2026-08-24T19:00:00Z,2,3,90,0,0,0,2,0,0,0,0,0,4,0,6,21.4,0.0,0.0,2.1,50,0,207899,0,0,5.0
140,Sánchez,2,5,0,True,2026-08-30T13:00:00Z,4,3,0,0,0,0,0,0,0,0,0,0,0,0,0,0.0,0.0,0.0,0.0,50,-18267,217448,8924,27191,5.0
140,Sánchez,3,1,0,False,2026-09-06T15:30:00Z,2,1,0,0,0,0,0,0,0,0,0,0,0,0,0,0.0,0.0,0.0,0.0,49,-82439,130954,1923,84362,4.9
140,Sánchez,4,11,0,True,2026-09-12T14:00:00Z,2,2,0,0,0,0,0,0,0,0,0,0,0,0,0,0.0,0.0,0.0,0.0,49,-44507,93763,0,44507,4.9
140,Sánchez,5,4,0,False,2026-09-18T19:00:00Z,3,0,0,0,0,0,0,0,0,0,0,0,0,0,0,0.0,0.0,0.0,0.0,49,-15548,79688,0,15548,4.9
141,Jörgensen,1,10,0,False,2026-08-24T19:00:00Z,2,3,0,0,0,0,0,0,0,0,0,0,0,0,0,0.0,0.0,0.0,0.0,50,0,1796,0,0,5.0
141,Jörgensen,2,5,0,True,2026-08-30T13:00:00Z,4,3,0,0,0,0,0,0,0,0,0,0,0,0,0,0.0,0.0,0.0,0.0,50,-501,1280,0,501,5.0
141,Jörgensen,3,1,0,False,2026-09-06T15:30:00Z,2,1,0,0,0,0,0,0,0,0,0,0,0,0,0,0.0,0.0,0.0,0.0,50,-270,1022,0,270,5.0
141,Jörgensen,4,11,0,True,2026-09-12T14:00:00Z,2,2,0,0,0,0,0,0,0,0,0,0,0,0,0,0.0,0.0,0.0,0.0,50,-95,933,0,95,5.0
141,Jörgensen,5,4,0,False,2026-09-18T19:00:00Z,3,0,0,0,0,0,0,0,0,0,0,0,0,0,0,0.0,0.0,0.0,0.0,50,-52,889,0,52,5.0
142,James,1,10,0,False,2026-08-24T19:00:00Z,2,3,90,0,0,0,2,0,0,0,1,0,0,0,5,23.4,16.8,19.0,5.9,55,0,879361,0,0,5.5
142,James,2,5,1,True,2026-08-30T13:00:00Z,4,3,22,0,0,0,1,0,0,0,0,0,0,0,-1,0.4,0.4,2.0,0.3,55,-18793,987947,62525,81318,5.5
142,James,3,1,1,False,2026-09-06T15:30:00Z,2,1,90,0,0,0,2,0,0,0,0,0,0,0,9,12.6,15.0,13.0,4.1,55,-184123,810910,27039,211162,5.5
142,James,4,11,1,True,2026-09-12T14:00:00Z,2,2,90,0,0,0,2,0,0,0,0,0,0,0,11,19.8,10.4,15.0,4.5,54,-30934,828525,60443,91377,5.4
142,James,5,4,0,False,2026-09-18T19:00:00Z,3,0,0,0,0,0,0,0,0,0,0,0,0,0,0,0.0,0.0,0.0,0.0,54,-120634,704792,18198,138832,5.4
143,Chalobah,1,10,0,False,2026-08-24T19:00:00Z,2,3,0,0,0,0,0,0,0,0,0,0,0,0,0,0.0,0.0,0.0,0.0,55,0,21121,0,0,5.5
143,Chalobah,2,5,0,True,2026-08-30T13:00:00Z,4,3,0,0,0,0,0,0,0,0,0,0,0,0,0,0.0,0.0,0.0,0.0,55,-8058,12877,0,8058,5.5
143,Chalobah,3,1,0,False,2026-09-06T15:30:00Z,2,1,0,0,0,0,0,0,0,0,0,0,0,0,0,0.0,0.0,0.0,0.0,55,-3529,9527,0,3529,5.5
143,Chalobah,4,11,0,True,2026-09-12T14:00:00Z,2,2,0,0,0,0,0,0,0,0,0,0,0,0,0,0.0,0.0,0.0,0.0,55,-1338,8308,0,1338,5.5
143,Chalobah,5,4,0,False,2026-09-18T19:00:00Z,3,0,0,0,0,0,0,0,0,0,0,0,0,0,0,0.0,0.0,0.0,0.0,55,-705,7643,0,705,5.5
144,Gusto,1,10,1,False,2026-08-24T19:00:00Z,2,3,75,0,0,0,2,0,0,0,0,0,0,0,2,7.2,9.8,6.0,2.3,50,0,98423,0,0,5.0
144,Gusto,2,5,1,True,2026-08-30T13:00:00Z,4,3,90,0,0,0,3,0,0,0,0,0,0,0,-1,7.8,0.7,0.0,0.9,50,2378,122291,13325,10947,5.0
144,Gusto,3,1,1,False,2026-09-06T15:30:00Z,2,1,30,0,0,0,0,0,0,0,0,0,0,0,4,3.0,3.4,1.0,0.7,50,-11595,116347,9926,21521,5.0
144,Gusto,4,11,1,True,2026-09-12T14:00:00Z,2,2,77,0,0,0,2,0,0,0,0,0,0,0,7,14.0,23.3,6.0,4.3,50,-6655,114930,7469,14124,5.0
144,Gusto,5,4,0,False,2026-09-18T19:00:00Z,3,0,0,0,0,0,0,0,0,0,0,0,0,0,0,0.0,0.0,0.0,0.0,50,-9281,107892,4607,13888,5.0
145,Fofana,1,10,0,False,2026-08-24T19:00:00Z,2,3,0,0,0,0,0,0,0,0,0,0,0,0,0,0.0,0.0,0.0,0.0,50,0,1057,0,0,5.0
145,Fofana,2,5,0,True,2026-08-30T13:00:00Z,4,3,67,0,0,0,2,0,0,0,1,0,0,0,-2,19.4,0.9,0.0,2.0,50,552,3489,813,261,5.0
145,Fofana,3,1,3,False,2026-09-06T15:30:00Z,2,1,90,0,0,0,2,0,0,0,0,0,0,0,16,39.8,22.8,0.0,6.3,50,1351,7346,2579,1228,5.0
145,Fofana,4,11,1,True,2026-09-12T14:00:00Z,2,2,85,0,0,0,2,0,0,0,0,0,0,0,10,18.4,4.7,4.0,2.7,50,7374,18473,9377,2003,5.0
145,Fofana,5,4,4,False,2026-09-18T19:00:00Z,3,0,70,0,0,0,1,0,0,0,0,0,0,0,11,22.8,0.8,0.0,2.4,50,-112,18869,3337,3449,5.0
146,B.Badiashile,1,10,0,False,2026-08-24T19:00:00Z,2,3,0,0,0,0,0,0,0,0,0,0,0,0,0,0.0,0.0,0.0,0.0,45,0,2313,0,0,4.5
146,B.Badiashile,2,5,0,True,2026-08-30T13:00:00Z,4,3,0,0,0,0,0,0,0,0,0,0,0,0,0,0.0,0.0,0.0,0.0,45,-568,2126,232,800,4.5
146,B.Badiashile,3,1,0,False,2026-09-06T15:30:00Z,2,1,0,0,0,0,0,0,0,0,0,0,0,0,0,0.0,0.0,0.0,0.0,45,-719,1405,0,719,4.5
146,B.Badiashile,4,11,0,True,2026-09-12T14:00:00Z,2,2,0,0,0,0,0,0,0,0,0,0,0,0,0,0.0,0.0,0.0,0.0,45,-250,1183,0,250,4.5
146,B.Badiashile,5,4,0,False,2026-09-18T19:00:00Z,3,0,0,0,0,0,0,0,0,0,0,0,0,0,0,0.0,0.0,0.0,0.0,45,-128,1061,0,128,4.5
148,Hato,1,10,1,False,2026-08-24T19:00:00Z,2,3,64,0,0,0,2,0,0,0,0,0,0,0,5,8.4,12.3,11.0,3.2,45,0,40724,0,0,4.5
148,Hato,2,5,4,True,2026-08-30T13:00:00Z,4,3,90,0,1,0,3,0,0,0,0,0,0,0,12,30.0,20.7,0.0,5.1,45,-126,47286,4358,4484,4.5
148,Hato,3,1,3,False,2026-09-06T15:30:00Z,2,1,59,0,1,0,2,0,0,0,0,0,0,0,5,34.8,11.2,2.0,4.8,45,12089,65104,22516,10427,4.5
148,Hato,4,11,0,True,2026-09-12T14:00:00Z,2,2,45,0,0,0,2,0,0,0,0,0,0,0,-8,3.8,2.9,2.0,0.9,45,42963,115190,58654,15691,4.5
148,Hato,5,4,0,False,2026-09-18T19:00:00Z,3,0,0,0,0,0,0,0,0,0,0,0,0,0,0,0.0,0.0,0.0,0.0,45,-16858,93559,4867,21725,4.5
149,Colwill,1,10,0,False,2026-08-24T19:00:00Z,2,3,90,0,0,0,2,0,0,0,1,0,0,0,6,6.0,1.6,7.0,1.5,50,0,142918,0,0,5.0
149,Colwill,2,5,1,True,2026-08-30T13:00:00Z,4,3,71,0,0,0,2,0,0,0,0,0,0,0,2,13.2,0.4,0.0,1.4,50,-7208,150119,10571,17779,5.0
149,Colwill,3,1,0,False,2026-09-06T15:30:00Z,2,1,0,0,0,0,0,0,0,0,0,0,0,0,0,0.0,0.0,0.0,0.0,50,-25878,124492,7720,33598,5.0
149,Colwill,4,11,1,True,2026-09-12T14:00:00Z,2,2,90,0,0,0,2,0,0,0,0,0,0,0,8,26.8,12.2,4.0,4.3,49,-17331,112667,5362,22693,4.9
149,Colwill,5,4,1,False,2026-09-18T19:00:00Z,3,0,90,0,0,0,3,0,0,0,0,0,0,0,1,15.6,2.4,2.0,2.0,49,-16952,97080,2003,18955,4.9
150,M.Sarr,1,10,0,False,2026-08-24T19:00:00Z,2,3,0,0,0,0,0,0,0,0,0,0,0,0,0,0.0,0.0,0.0,0.0,45,0,6689,0,0,4.5
150,M.Sarr,2,5,0,True,2026-08-30T13:00:00Z,4,3,0,0,0,0,0,0,0,0,0,0,0,0,0,0.0,0.0,0.0,0.0,45,-544,7741,405,949,4.5
150,M.Sarr,3,1,0,False,2026-09-06T15:30:00Z,2,1,0,0,0,0,0,0,0,0,0,0,0,0,0,0.0,0.0,0.0,0.0,45,-3325,4381,24,3349,4.5
150,M.Sarr,4,11,0,True,2026-09-12T14:00:00Z,2,2,0,0,0,0,0,0,0,0,0,0,0,0,0,0.0,0.0,0.0,0.0,45,-1063,3449,0,1063,4.5
150,M.Sarr,5,4,0,False,2026-09-18T19:00:00Z,3,0,0,0,0,0,0,0,0,0,0,0,0,0,0,0.0,0.0,0.0,0.0,45,-455,3038,0,455,4.5
151,Acheampong,1,10,3,False,2026-08-24T19:00:00Z,2,3,90,0,0,0,2,0,0,0,0,0,0,0,13,33.2,2.2,2.0,3.7,45,0,24066,0,0,4.5
151,Acheampong,2,5,1,True,2026-08-30T13:00:00Z,4,3,22,0,0,0,1,0,0,0,0,0,0,0,-1,6.2,0.1,0.0,0.6,45,4931,37116,8065,3134,4.5
151,Acheampong,3,1,1,False,2026-09-06T15:30:00Z,2,1,90,0,0,0,2,0,0,0,0,0,0,0,-3,2.2,1.8,4.0,0.8,45,-1989,38207,4792,6781,4.5
151,Acheampong,4,11,0,True,2026-09-12T14:00:00Z,2,2,0,0,0,0,0,0,0,0,0,0,0,0,0,0.0,0.0,0.0,0.0,45,1716,42181,6326,4610,4.5
151,Acheampong,5,4,0,False,2026-09-18T19:00:00Z,3,0,19,0,0,0,2,0,0,0,0,0,0,0,-4,1.4,1.4,0.0,0.3,45,-4505,38029,1529,6034,4.5
152,Palestra,1,10,0,False,2026-08-24T19:00:00Z,2,3,0,0,0,0,0,0,0,0,0,0,0,0,0,0.0,0.0,0.0,0.0,55,0,263643,0,0,5.5
152,Palestra,2,5,0,True,2026-08-30T13:00:00Z,4,3,0,0,0,0,0,0,0,0,0,0,0,0,0,0.0,0.0,0.0,0.0,55,-64977,209865,4960,69937,5.5
152,Palestra,3,1,0,False,2026-09-06T15:30:00Z,2,1,0,0,0,0,0,0,0,0,0,0,0,0,0,0.0,0.0,0.0,0.0,54,-79182,121873,821,80003,5.4
152,Palestra,4,11,0,True,2026-09-12T14:00:00Z,2,2,0,0,0,0,0,0,0,0,0,0,0,0,0,0.0,0.0,0.0,0.0,54,-45257,87915,419,45676,5.4
152,Palestra,5,4,0,False,2026-09-18T19:00:00Z,3,0,0,0,0,0,0,0,0,0,0,0,0,0,0,0.0,0.0,0.0,0.0,53,-20665,68735,260,20925,5.3
154,Palmer,1,10,13,False,2026-08-24T19:00:00Z,2,3,82,1,1,0,2,0,0,0,0,0,0,3,60,65.2,41.3,54.0,16.1,95,0,919516,0,0,9.5
154,Palmer,2,5,7,True,2026-08-30T13:00:00Z,4,3,90,1,0,0,3,0,0,0,0,0,0,0,28,40.8,25.3,26.0,9.2,95,344912,1644351,376872,31960,9.5
154,Palmer,3,1,1,False,2026-09-06T15:30:00Z,2,1,90,0,0,0,2,0,0,0,1,0,0,0,11,7.0,15.8,32.0,5.5,96,195102,1912956,387902,192800,9.6
154,Palmer,4,11,5,True,2026-09-12T14:00:00Z,2,2,90,0,1,0,2,0,0,0,0,0,0,0,28,18.6,37.6,12.0,6.8,97,842103,3081598,946062,103959,9.7
154,Palmer,5,4,2,False,2026-09-18T19:00:00Z,3,0,90,0,0,0,3,0,0,0,0,0,0,0,21,19.4,25.3,20.0,6.5,97,25953,2932358,192540,166587,9.7
156,Neto,1,10,1,False,2026-08-24T19:00:00Z,2,3,14,0,0,0,0,0,0,0,0,0,0,0,9,5.2,4.1,4.0,1.3,65,0,116795,0,0,6.5
156,Neto,2,5,7,True,2026-08-30T13:00:00Z,4,3,67,1,0,0,2,0,0,0,0,0,0,0,32,45.2,25.6,38.0,10.9,65,-17727,117566,5635,23362,6.5
156,Neto,3,1,2,False,2026-09-06T15:30:00Z,2,1,80,0,0,0,2,0,0,0,0,0,0,0,10,6.2,23.8,14.0,4.4,65,2299,130367,21878,19579,6.5
156,Neto,4,11,2,True,2026-09-12T14:00:00Z,2,2,85,0,0,0,2,0,0,0,0,0,0,0,17,15.8,31.3,27.0,7.4,65,17123,156595,33627,16504,6.5
156,Neto,5,4,2,False,2026-09-18T19:00:00Z,3,0,86,0,0,0,2,0,0,0,0,0,0,0,13,9.6,7.8,25.0,4.2,65,-6221,151580,15985,22206,6.5
157,Estêvão,1,10,1,False,2026-08-24T19:00:00Z,2,3,7,0,0,0,0,0,0,0,0,0,0,0,3,0.2,0.4,0.0,0.1,65,0,109575,0,0,6.5
157,Estêvão,2,5,0,True,2026-08-30T13:00:00Z,4,3,0,0,0,0,0,0,0,0,0,0,0,0,0,0.0,0.0,0.0,0.0,65,-18220,111448,5564,23784,6.5
157,Estêvão,3,1,1,False,2026-09-06T15:30:00Z,2,1,9,0,0,0,0,0,0,0,0,0,0,0,5,3.2,0.4,17.0,2.1,64,-31266,84845,3486,34752,6.4
157,Estêvão,4,11,1,True,2026-09-12T14:00:00Z,2,2,4,0,0,0,0,0,0,0,0,0,0,0,6,5.0,0.5,21.0,2.7,64,-10183,79584,3867,14050,6.4
157,Estêvão,5,4,1,False,2026-09-18T19:00:00Z,3,0,3,0,0,0,1,0,0,0,0,0,0,0,3,0.2,0.3,0.0,0.1,63,-7152,74742,2997,10149,6.3
158,Gittens,1,10,0,False,2026-08-24T19:00:00Z,2,3,0,0,0,0,0,0,0,0,0,0,0,0,0,0.0,0.0,0.0,0.0,60,0,3231,0,0,6.0
158,Gittens,2,5,0,True,2026-08-30T13:00:00Z,4,3,0,0,0,0,0,0,0,0,0,0,0,0,0,0.0,0.0,0.0,0.0,60,-502,3391,271,773,6.0
158,Gittens,3,1,0,False,2026-09-06T15:30:00Z,2,1,0,0,0,0,0,0,0,0,0,0,0,0,0,0.0,0.0,0.0,0.0,59,-715,2954,260,975,5.9
158,Gittens,4,11,0,True,2026-09-12T14:00:00Z,2,2,0,0,0,0,0,0,0,0,0,0,0,0,0,0.0,0.0,0.0,0.0,59,-225,2962,250,475,5.9
158,Gittens,5,4,0,False,2026-09-18T19:00:00Z,3,0,0,0,0,0,0,0,0,0,0,0,0,0,0,0.0,0.0,0.0,0.0,59,-209,2922,198,407,5.9
159,Caicedo,1,10,0,False,2026-08-24T19:00:00Z,2,3,0,0,0,0,0,0,0,0,0,0,0,0,0,0.0,0.0,0.0,0.0,55,0,347122,0,0,5.5
159,Caicedo,2,5,1,True,2026-08-30T13:00:00Z,4,3,13,0,0,0,0,0,0,0,0,0,0,0,3,0.0,0.1,0.0,0.0,55,-88842,282404,9481,98323,5.5
159,Caicedo,3,1,0,False,2026-09-06T15:30:00Z,2,1,0,0,0,0,0,0,0,0,0,0,0,0,0,0.0,0.0,0.0,0.0,54,-88920,192746,3231,92151,5.4
159,Caicedo,4,11,0,True,2026-09-12T14:00:00Z,2,2,0,0,0,0,0,0,0,0,0,0,0,0,0,0.0,0.0,0.0,0.0,54,-48857,149377,1342,50199,5.4
159,Caicedo,5,4,0,False,2026-09-18T19:00:00Z,3,0,0,0,0,0,0,0,0,0,0,0,0,0,0,0.0,0.0,0.0,0.0,53,-31135,120861,584,31719,5.3
161,Lavia,1,10,1,False,2026-08-24T19:00:00Z,2,3,64,0,0,0,2,0,0,0,1,0,0,0,8,13.6,21.9,33.0,6.9,50,0,4654,0,0,5.0
161,Lavia,2,5,7,True,2026-08-30T13:00:00Z,4,3,67,1,0,0,2,0,0,0,0,0,0,0,32,39.0,0.8,33.0,7.3,50,254,6337,1173,919,5.0
161,Lavia,3,1,1,False,2026-09-06T15:30:00Z,2,1,59,0,0,0,2,0,0,0,0,0,0,0,7,5.8,1.5,0.0,0.7,50,9966,20847,13724,3758,5.0
161,Lavia,4,11,2,True,2026-09-12T14:00:00Z,2,2,68,0,0,0,2,0,0,0,0,0,0,0,14,7.4,4.9,0.0,1.2,50,3527,25157,7547,4020,5.0
161,Lavia,5,4,0,False,2026-09-18T19:00:00Z,3,0,0,0,0,0,0,0,0,0,0,0,0,0,0,0.0,0.0,0.0,0.0,50,-1482,24300,2931,4413,5.0
163,D.Essugo,1,10,0,False,2026-08-24T19:00:00Z,2,3,0,0,0,0,0,0,0,0,0,0,0,0,0,0.0,0.0,0.0,0.0,45,0,18298,0,0,4.5
163,D.Essugo,2,5,0,True,2026-08-30T13:00:00Z,4,3,0,0,0,0,0,0,0,0,0,0,0,0,0,0.0,0.0,0.0,0.0,45,-1635,18847,1252,2887,4.5
163,D.Essugo,3,1,0,False,2026-09-06T15:30:00Z,2,1,0,0,0,0,0,0,0,0,0,0,0,0,0,0.0,0.0,0.0,0.0,45,-3147,16417,1446,4593,4.5
163,D.Essugo,4,11,0,True,2026-09-12T14:00:00Z,2,2,0,0,0,0,0,0,0,0,0,0,0,0,0,0.0,0.0,0.0,0.0,45,-4174,12126,0,4174,4.5
163,D.Essugo,5,4,0,False,2026-09-18T19:00:00Z,3,0,0,0,0,0,0,0,0,0,0,0,0,0,0,0.0,0.0,0.0,0.0,45,-2058,10348,0,2058,4.5
164,Quenda,1,10,1,False,2026-08-24T19:00:00Z,2,3,8,0,0,0,0,0,0,0,0,0,0,0,2,1.2,0.3,2.0,0.4,55,0,3758,0,0,5.5
164,Quenda,2,5,0,True,2026-08-30T13:00:00Z,4,3,0,0,0,0,0,0,0,0,0,0,0,0,0,0.0,0.0,0.0,0.0,55,-589,4061,231,820,5.5
164,Quenda,3,1,0,False,2026-09-06T15:30:00Z,2,1,0,0,0,0,0,0,0,0,0,0,0,0,0,0.0,0.0,0.0,0.0,54,-904,3704,292,1196,5.4
164,Quenda,4,11,0,True,2026-09-12T14:00:00Z,2,2,0,0,0,0,0,0,0,0,0,0,0,0,0,0.0,0.0,0.0,0.0,54,-517,3551,154,671,5.4
164,Quenda,5,4,1,False,2026-09-18T19:00:00Z,3,0,19,0,0,0,2,0,0,0,0,0,0,0,3,0.4,1.8,6.0,0.8,53,-378,3422,155,533,5.3
165,João Pedro,1,10,11,False,2026-08-24T19:00:00Z,2,3,90,1,1,0,2,0,0,0,0,0,0,2,45,51.2,23.0,37.0,11.1,75,0,5764207,0,0,7.5
165,João Pedro,2,5,9,True,2026-08-30T13:00:00Z,4,3,90,1,1,0,3,1,0,0,0,0,0,2,44,52.8,22.5,46.0,12.1,76,377023,6802308,405188,28165,7.6
165,João Pedro,3,1,1,False,2026-09-06T15:30:00Z,2,1,90,0,0,0,2,0,0,0,1,0,0,0,8,0.0,28.8,9.0,3.7,77,255757,7177659,446528,190771,7.7
165,João Pedro,4,11,12,True,2026-09-12T14:00:00Z,2,2,90,1,1,0,2,0,0,0,0,0,0,3,44,54.4,15.7,31.0,10.1,77,296877,7935710,401634,104757,7.7
165,João Pedro,5,4,0,False,2026-09-18T19:00:00Z,3,0,0,0,0,0,0,0,0,0,0,0,0,0,0,0.0,0.0,0.0,0.0,78,-487412,7300631,261391,748803,7.8
168,Marc Guiu,1,10,0,False,2026-08-24T19:00:00Z,2,3,0,0,0,0,0,0,0,0,0,0,0,0,0,0.0,0.0,0.0,0.0,50,0,42801,0,0,5.0
168,Marc Guiu,2,5,0,True,2026-08-30T13:00:00Z,4,3,0,0,0,0,0,0,0,0,0,0,0,0,0,0.0,0.0,0.0,0.0,50,-3968,43955,2178,6146,5.0
168,Marc Guiu,3,1,0,False,2026-09-06T15:30:00Z,2,1,0,0,0,0,0,0,0,0,0,0,0,0,0,0.0,0.0,0.0,0.0,50,-10863,33721,1924,12787,5.0
168,Marc Guiu,4,11,0,True,2026-09-12T14:00:00Z,2,2,0,0,0,0,0,0,0,0,0,0,0,0,0,0.0,0.0,0.0,0.0,50,-8710,25300,0,8710,5.0
168,Marc Guiu,5,4,0,False,2026-09-18T19:00:00Z,3,0,0,0,0,0,0,0,0,0,0,0,0,0,0,0.0,0.0,0.0,0.0,50,-4081,21634,0,4081,5.0
169,Mheuka,1,10,0,False,2026-08-24T19:00:00Z,2,3,0,0,0,0,0,0,0,0,0,0,0,0,0,0.0,0.0,0.0,0.0,45,0,30422,0,0,4.5
169,Mheuka,2,5,0,True,2026-08-30T13:00:00Z,4,3,0,0,0,0,0,0,0,0,0,0,0,0,0,0.0,0.0,0.0,0.0,45,-1480,34265,2929,4409,4.5
169,Mheuka,3,1,0,False,2026-09-06T15:30:00Z,2,1,0,0,0,0,0,0,0,0,0,0,0,0,0,0.0,0.0,0.0,0.0,45,2681,43546,8439,5758,4.5
169,Mheuka,4,11,0,True,2026-09-12T14:00:00Z,2,2,0,0,0,0,0,0,0,0,0,0,0,0,0,0.0,0.0,0.0,0.0,45,1152,44291,6884,5732,4.5
169,Mheuka,5,4,0,False,2026-09-18T19:00:00Z,3,0,0,0,0,0,0,0,0,0,0,0,0,0,0,0.0,0.0,0.0,0.0,45,3579,54118,9469,5890,4.5
170,Emegha,1,10,0,False,2026-08-24T19:00:00Z,2,3,0,0,0,0,0,0,0,0,0,0,0,0,0,0.0,0.0,0.0,0.0,50,0,11724,0,0,5.0
170,Emegha,2,5,0,True,2026-08-30T13:00:00Z,4,3,0,0,0,0,0,0,0,0,0,0,0,0,0,0.0,0.0,0.0,0.0,50,-884,14647,1450,2334,5.0
170,Emegha,3,1,0,False,2026-09-06T15:30:00Z,2,1,0,0,0,0,0,0,0,0,0,0,0,0,0,0.0,0.0,0.0,0.0,50,-539,15735,2709,3248,5.0
170,Emegha,4,11,0,True,2026-09-12T14:00:00Z,2,2,0,0,0,0,0,0,0,0,0,0,0,0,0,0.0,0.0,0.0,0.0,50,-1425,14885,1719,3144,5.0
170,Emegha,5,4,0,False,2026-09-18T19:00:00Z,3,0,0,0,0,0,0,0,0,0,0,0,0,0,0,0.0,0.0,0.0,0.0,50,-2659,12321,122,2781,5.0
200,Lacroix,1,10,6,False,2026-08-24T19:00:00Z,2,3,90,0,1,0,2,0,0,0,0,0,0,0,25,44.2,11.2,2.0,5.7,60,0,792478,0,0,6.0
200,Lacroix,2,5,1,True,2026-08-30T13:00:00Z,4,3,90,0,0,0,3,0,0,0,0,0,0,0,-3,13.0,0.1,6.0,1.9,60,18715,946023,63522,44807,6.0
200,Lacroix,3,1,2,False,2026-09-06T15:30:00Z,2,1,90,0,0,0,2,0,0,0,1,0,0,0,3,26.0,1.3,2.0,2.9,60,-117331,839049,32879,150210,6.0
200,Lacroix,4,11,1,True,2026-09-12T14:00:00Z,2,2,4,0,0,0,0,0,0,0,0,0,0,0,4,3.6,0.0,0.0,0.4,60,-19123,865615,60756,79879,6.0
200,Lacroix,5,4,3,False,2026-09-18T19:00:00Z,3,0,90,0,0,0,3,0,0,0,0,0,0,0,-1,29.4,1.3,4.0,3.5,60,-111183,749577,9497,120680,6.0
560,Penders,1,10,0,False,2026-08-24T19:00:00Z,2,3,0,0,0,0,0,0,0,0,0,0,0,0,0,0.0,0.0,0.0,0.0,45,0,6087,0,0,4.5
560,Penders,2,5,0,True,2026-08-30T13:00:00Z,4,3,0,0,0,0,0,0,0,0,0,0,0,0,0,0.0,0.0,0.0,0.0,45,-370,7073,395,765,4.5
560,Penders,3,1,0,False,2026-09-06T15:30:00Z,2,1,0,0,0,0,0,0,0,0,0,0,0,0,0,0.0,0.0,0.0,0.0,45,-769,6809,363,1132,4.5
560,Penders,4,11,0,True,2026-09-12T14:00:00Z,2,2,0,0,0,0,0,0,0,0,0,0,0,0,0,0.0,0.0,0.0,0.0,44,-482,6637,321,803,4.4
560,Penders,5,4,0,False,2026-09-18T19:00:00Z,3,0,0,0,0,0,0,0,0,0,0,0,0,0,0,0.0,0.0,0.0,0.0,44,76,7232,696,620,4.4
561,Anselmino,1,10,0,False,2026-08-24T19:00:00Z,2,3,0,0,0,0,0,0,0,0,0,0,0,0,0,0.0,0.0,0.0,0.0,45,0,1770,0,0,4.5
561,Anselmino,2,5,0,True,2026-08-30T13:00:00Z,4,3,0,0,0,0,0,0,0,0,0,0,0,0,0,0.0,0.0,0.0,0.0,45,-324,1737,122,446,4.5
561,Anselmino,3,1,0,False,2026-09-06T15:30:00Z,2,1,0,0,0,0,0,0,0,0,0,0,0,0,0,0.0,0.0,0.0,0.0,45,-49,1971,225,274,4.5
561,Anselmino,4,11,0,True,2026-09-12T14:00:00Z,2,2,0,0,0,0,0,0,0,0,0,0,0,0,0,0.0,0.0,0.0,0.0,45,10,2091,222,212,4.5
561,Anselmino,5,4,0,False,2026-09-18T19:00:00Z,3,0,0,0,0,0,0,0,0,0,0,0,0,0,0,0.0,0.0,0.0,0.0,45,-28,2152,188,216,4.5
568,Barco,1,10,0,False,2026-08-24T19:00:00Z,2,3,0,0,0,0,0,0,0,0,0,0,0,0,0,0.0,0.0,0.0,0.0,55,0,12041,0,0,5.5
568,Barco,2,5,1,True,2026-08-30T13:00:00Z,4,3,8,0,0,0,1,0,0,0,0,0,0,0,1,0.0,0.0,4.0,0.2,55,-1133,13561,528,1661,5.5
568,Barco,3,1,0,False,2026-09-06T15:30:00Z,2,1,0,0,0,0,0,0,0,0,0,0,0,0,0,0.0,0.0,0.0,0.0,55,-1018,13655,1055,2073,5.5
568,Barco,4,11,0,True,2026-09-12T14:00:00Z,2,2,21,0,0,0,0,0,0,0,1,0,0,0,7,1.6,2.9,2.0,0.7,55,-591,13757,863,1454,5.5
568,Barco,5,4,2,False,2026-09-18T19:00:00Z,3,0,86,0,0,0,2,0,0,0,0,0,0,0,21,11.2,4.3,5.0,2.1,54,-902,13260,477,1379,5.4
583,Chavarria,1,10,1,False,2026-08-24T19:00:00Z,2,3,25,0,0,0,0,0,0,0,0,0,0,0,3,2.4,0.2,2.0,0.5,50,0,17073,0,0,5.0
583,Chavarria,2,5,1,True,2026-08-30T13:00:00Z,4,3,18,0,0,0,1,0,0,0,0,0,0,0,1,6.4,0.3,0.0,0.7,50,-1477,19574,1081,2558,5.0
583,Chavarria,3,1,1,False,2026-09-06T15:30:00Z,2,1,30,0,0,0,0,0,0,0,0,0,0,0,2,2.4,2.0,4.0,0.8,50,-3413,17402,664,4077,5.0
583,Chavarria,4,11,1,True,2026-09-12T14:00:00Z,2,2,45,0,0,0,0,0,0,0,0,0,0,0,4,2.0,1.7,2.0,0.6,49,-1611,16748,686,2297,4.9
583,Chavarria,5,4,1,False,2026-09-18T19:00:00Z,3,0,90,0,0,0,3,0,0,0,0,0,0,0,7,17.6,27.2,4.0,4.9,49,-1145,16124,529,1674,4.9
662,Nicoll-Jazuli,5,4,1,False,2026-09-18T19:00:00Z,3,0,3,0,0,0,1,0,0,0,0,0,0,0,5,4.6,1.7,0.0,0.6,45,0,0,0,0,4.5
91,Pinnock,1,19,0,True,2026-08-22T16:30:00Z,3,0,0,0,0,0,0,0,0,0,0,0,0,0,0,0.0,0.0,0.0,0.0,45,0,7000,0,0,4.5
91,Pinnock,2,11,1,True,2026-08-29T14:00:00Z,0,1,12,0,0,0,1,0,0,0,0,0,0,0,-1,3.8,0.7,0.0,0.5,45,-397,7757,574,971,4.5
91,Pinnock,3,15,3,False,2026-09-05T14:00:00Z,1,0,90,0,0,0,1,0,0,0,1,0,0,0,3,18.2,0.0,6.0,2.4,45,-811,7182,505,1316,4.5
91,Pinnock,4,5,2,True,2026-09-13T13:00:00Z,0,5,90,0,0,0,5,0,0,0,0,0,0,0,-11,18.0,0.7,4.0,2.3,45,-82,7467,688,770,4.5
91,Pinnock,5,18,8,False,2026-09-19T16:30:00Z,0,1,90,0,0,1,0,0,0,0,0,0,0,0,24,50.8,0.3,0.0,5.1,45,-312,7218,402,714,4.5
104,Onyeka,1,1,2,False,2026-08-21T19:00:00Z,3,0,90,0,0,0,3,0,0,0,0,0,0,0,8,3.6,1.6,0.0,0.5,50,0,13188,0,0,5.0
104,Onyeka,2,11,0,True,2026-08-29T14:00:00Z,0,1,0,0,0,0,0,0,0,0,0,0,0,0,0,0.0,0.0,0.0,0.0,50,856,16442,2456,1600,5.0
104,Onyeka,3,15,2,False,2026-09-05T14:00:00Z,1,0,62,0,0,0,1,0,0,0,0,0,0,0,5,0.4,0.4,0.0,0.1,50,-3826,12452,379,4205,5.0
104,Onyeka,4,5,2,True,2026-09-13T13:00:00Z,0,5,72,0,0,0,3,0,0,0,0,0,0,0,11,6.2,0.9,21.0,2.8,49,-1084,11832,629,1713,4.9
104,Onyeka,5,18,3,False,2026-09-19T16:30:00Z,0,1,90,0,0,1,0,0,0,0,0,0,0,0,10,9.2,1.8,0.0,1.1,49,-1263,10664,346,1609,4.9
110,Rushworth,1,1,1,False,2026-08-21T19:00:00Z,3,0,90,0,0,0,3,0,0,0,0,0,2,0,0,14.2,0.0,0.0,1.4,45,0,100521,0,0,4.5
110,Rushworth,2,11,2,True,2026-08-29T14:00:00Z,0,1,90,0,0,0,1,0,0,0,0,0,1,0,10,10.6,0.0,0.0,1.1,45,7259,122624,11931,4672,4.5
110,Rushworth,3,15,2,False,2026-09-05T14:00:00Z,1,0,90,0,0,0,1,0,0,0,0,0,2,0,13,18.8,0.0,0.0,1.9,45,-16015,95482,2938,18953,4.5
110,Rushworth,4,5,0,True,2026-09-13T13:00:00Z,0,5,90,0,0,0,5,0,0,0,0,0,2,0,-5,18.0,0.0,0.0,1.8,45,-11337,95177,5350,16687,4.5
110,Rushworth,5,18,11,False,2026-09-19T16:30:00Z,0,1,90,0,1,1,0,0,0,0,0,0,2,2,38,29.0,10.0,0.0,3.9,45,-11924,84063,928,12852,4.5
171,Dovin,1,1,0,False,2026-08-21T19:00:00Z,3,0,0,0,0,0,0,0,0,0,0,0,0,0,0,0.0,0.0,0.0,0.0,40,0,142267,0,0,4.0
171,Dovin,2,11,0,True,2026-08-29T14:00:00Z,0,1,0,0,0,0,0,0,0,0,0,0,0,0,0,0.0,0.0,0.0,0.0,40,-3777,152756,2634,6411,4.0
171,Dovin,3,15,0,False,2026-09-05T14:00:00Z,1,0,0,0,0,0,0,0,0,0,0,0,0,0,0,0.0,0.0,0.0,0.0,40,-12005,141466,6290,18295,4.0
171,Dovin,4,5,0,True,2026-09-13T13:00:00Z,0,5,0,0,0,0,0,0,0,0,0,0,0,0,0,0.0,0.0,0.0,0.0,40,-18083,122705,0,18083,4.0
171,Dovin,5,18,0,False,2026-09-19T16:30:00Z,0,1,0,0,0,0,0,0,0,0,0,0,0,0,0,0.0,0.0,0.0,0.0,40,-10379,112931,0,10379,4.0
172,Wilson,1,1,0,False,2026-08-21T19:00:00Z,3,0,0,0,0,0,0,0,0,0,0,0,0,0,0,0.0,0.0,0.0,0.0,45,0,42690,0,0,4.5
172,Wilson,2,11,0,True,2026-08-29T14:00:00Z,0,1,0,0,0,0,0,0,0,0,0,0,0,0,0,0.0,0.0,0.0,0.0,45,-3213,45549,227,3440,4.5
172,Wilson,3,15,0,False,2026-09-05T14:00:00Z,1,0,0,0,0,0,0,0,0,0,0,0,0,0,0,0.0,0.0,0.0,0.0,45,-3942,41782,265,4207,4.5
172,Wilson,4,5,0,True,2026-09-13T13:00:00Z,0,5,0,0,0,0,0,0,0,0,0,0,0,0,0,0.0,0.0,0.0,0.0,45,-2072,40175,242,2314,4.5
172,Wilson,5,18,0,False,2026-09-19T16:30:00Z,0,1,0,0,0,0,0,0,0,0,0,0,0,0,0,0.0,0.0,0.0,0.0,44,-1300,39278,436,1736,4.4
173,Thomas,1,1,3,False,2026-08-21T19:00:00Z,3,0,90,0,0,0,3,0,0,0,0,0,0,0,11,23.2,11.2,1.0,3.5,40,0,721945,0,0,4.0
173,Thomas,2,11,8,True,2026-08-29T14:00:00Z,0,1,77,0,0,1,0,0,0,0,0,0,0,2,28,17.0,0.7,0.0,1.8,40,14221,791028,38111,23890,4.0
173,Thomas,3,15,4,False,2026-09-05T14:00:00Z,1,0,90,0,0,0,1,0,0,0,0,0,0,0,19,20.6,20.8,24.0,6.5,40,44441,883716,114108,69667,4.0
173,Thomas,4,5,0,True,2026-09-13T13:00:00Z,0,5,90,0,0,0,5,0,0,0,0,0,0,0,-17,6.8,0.4,23.0,3.0,40,70975,1003377,154241,83266,4.0
173,Thomas,5,18,9,False,2026-09-19T16:30:00Z,0,1,90,0,0,1,0,0,0,0,0,0,0,1,37,27.2,0.6,8.0,3.6,40,-45227,932075,30974,76201,4.0
174,Kitching,1,1,0,False,2026-08-21T19:00:00Z,3,0,0,0,0,0,0,0,0,0,0,0,0,0,0,0.0,0.0,0.0,0.0,40,0,60272,0,0,4.0
174,Kitching,2,11,0,True,2026-08-29T14:00:00Z,0,1,0,0,0,0,0,0,0,0,0,0,0,0,0,0.0,0.0,0.0,0.0,40,-4266,64130,520,4786,4.0
174,Kitching,3,15,0,False,2026-09-05T14:00:00Z,1,0,0,0,0,0,0,0,0,0,0,0,0,0,0,0.0,0.0,0.0,0.0,40,-9976,53997,461,10437,4.0
174,Kitching,4,5,0,True,2026-09-13T13:00:00Z,0,5,0,0,0,0,0,0,0,0,0,0,0,0,0,0.0,0.0,0.0,0.0,40,-10533,43580,0,10533,4.0
174,Kitching,5,18,0,False,2026-09-19T16:30:00Z,0,1,0,0,0,0,0,0,0,0,0,0,0,0,0,0.0,0.0,0.0,0.0,40,-5337,38582,0,5337,4.0
175,van Ewijk,1,1,1,False,2026-08-21T19:00:00Z,3,0,90,0,0,0,3,0,0,0,0,0,0,0,-8,10.6,2.0,2.0,1.5,40,0,1257228,0,0,4.0
175,van Ewijk,2,11,2,True,2026-08-29T14:00:00Z,0,1,90,0,0,0,1,0,0,0,0,0,0,0,15,15.4,33.9,6.0,5.5,40,-15407,1295672,34451,49858,4.0
175,van Ewijk,3,15,3,False,2026-09-05T14:00:00Z,1,0,90,0,0,0,1,0,0,0,1,0,0,0,5,16.8,5.2,2.0,2.4,40,-80255,1209039,41712,121967,4.0
175,van Ewijk,4,5,0,True,2026-09-13T13:00:00Z,0,5,90,0,0,0,5,0,0,0,0,0,0,0,-5,18.8,11.6,4.0,3.4,40,-106326,1124770,32583,138909,4.0
175,van Ewijk,5,18,0,False,2026-09-19T16:30:00Z,0,1,0,0,0,0,0,0,0,0,0,0,0,0,0,0.0,0.0,0.0,0.0,40,-100781,1016866,13159,113940,4.0
176,Dasilva,1,1,1,False,2026-08-21T19:00:00Z,3,0,90,0,0,0,3,0,0,0,0,0,0,0,-4,13.8,3.8,0.0,1.8,40,0,73424,0,0,4.0
176,Dasilva,2,11,2,True,2026-08-29T14:00:00Z,0,1,90,0,0,0,1,0,0,0,0,0,0,0,15,15.2,7.3,17.0,4.0,40,-830,82832,3224,4054,4.0
176,Dasilva,3,15,2,False,2026-09-05T14:00:00Z,1,0,84,0,0,0,1,0,0,0,0,0,0,0,10,21.8,14.9,0.0,3.7,40,-4522,79293,2664,7186,4.0
176,Dasilva,4,5,0,True,2026-09-13T13:00:00Z,0,5,90,0,0,0,5,0,0,0,0,0,0,0,-7,12.8,26.0,0.0,3.9,40,-2321,77723,2492,4813,4.0
176,Dasilva,5,18,15,False,2026-09-19T16:30:00Z,0,1,90,1,0,1,0,0,0,0,0,0,0,3,40,47.0,15.7,18.0,8.1,40,-4010,73323,903,4913,4.0
177,Kesler-Hayden,1,1,0,False,2026-08-21T19:00:00Z,3,0,0,0,0,0,0,0,0,0,0,0,0,0,0,0.0,0.0,0.0,0.0,40,0,6032,0,0,4.0
177,Kesler-Hayden,2,11,0,True,2026-08-29T14:00:00Z,0,1,0,0,0,0,0,0,0,0,0,0,0,0,0,0.0,0.0,0.0,0.0,40,-582,5764,168,750,4.0
177,Kesler-Hayden,3,15,0,False,2026-09-05T14:00:00Z,1,0,0,0,0,0,0,0,0,0,0,0,0,0,0,0.0,0.0,0.0,0.0,40,-1131,4676,131,1262,4.0
177,Kesler-Hayden,4,5,0,True,2026-09-13T13:00:00Z,0,5,0,0,0,0,0,0,0,0,0,0,0,0,0,0.0,0.0,0.0,0.0,40,-596,4121,114,710,4.0
177,Kesler-Hayden,5,18,0,False,2026-09-19T16:30:00Z,0,1,0,0,0,0,0,0,0,0,0,0,0,0,0,0.0,0.0,0.0,0.0,40,-317,3839,186,503,4.0
178,Bidwell,1,1,0,False,2026-08-21T19:00:00Z,3,0,0,0,0,0,0,0,0,0,0,0,0,0,0,0.0,0.0,0.0,0.0,40,0,7091,0,0,4.0
178,Bidwell,2,11,0,True,2026-08-29T14:00:00Z,0,1,0,0,0,0,0,0,0,0,0,0,0,0,0,0.0,0.0,0.0,0.0,40,-238,8500,506,744,4.0
178,Bidwell,3,15,0,False,2026-09-05T14:00:00Z,1,0,0,0,0,0,0,0,0,0,0,0,0,0,0,0.0,0.0,0.0,0.0,40,-315,8763,663,978,4.0
178,Bidwell,4,5,0,True,2026-09-13T13:00:00Z,0,5,0,0,0,0,0,0,0,0,0,0,0,0,0,0.0,0.0,0.0,0.0,40,-160,8754,645,805,4.0
178,Bidwell,5,18,0,False,2026-09-19T16:30:00Z,0,1,0,0,0,0,0,0,0,0,0,0,0,0,0,0.0,0.0,0.0,0.0,40,-211,8565,493,704,4.0
179,Latibeaudiere,1,1,0,False,2026-08-21T19:00:00Z,3,0,0,0,0,0,0,0,0,0,0,0,0,0,0,0.0,0.0,0.0,0.0,40,0,3977,0,0,4.0
179,Latibeaudiere,2,11,0,True,2026-08-29T14:00:00Z,0,1,0,0,0,0,0,0,0,0,0,0,0,0,0,0.0,0.0,0.0,0.0,40,-260,3984,160,420,4.0
179,Latibeaudiere,3,15,0,False,2026-09-05T14:00:00Z,1,0,0,0,0,0,0,0,0,0,0,0,0,0,0,0.0,0.0,0.0,0.0,40,-161,4150,319,480,4.0
179,Latibeaudiere,4,5,0,True,2026-09-13T13:00:00Z,0,5,0,0,0,0,0,0,0,0,0,0,0,0,0,0.0,0.0,0.0,0.0,40,-101,4073,277,378,4.0
179,Latibeaudiere,5,18,1,False,2026-09-19T16:30:00Z,0,1,1,0,0,0,0,0,0,0,0,0,0,0,3,7.0,0.0,0.0,0.7,40,-170,3922,155,325,4.0
180,Woolfenden,1,1,0,False,2026-08-21T19:00:00Z,3,0,0,0,0,0,0,0,0,0,0,0,0,0,0,0.0,0.0,0.0,0.0,40,0,16501,0,0,4.0
180,Woolfenden,2,11,0,True,2026-08-29T14:00:00Z,0,1,0,0,0,0,0,0,0,0,0,0,0,0,0,0.0,0.0,0.0,0.0,40,-1282,16943,946,2228,4.0
180,Woolfenden,3,15,0,False,2026-09-05T14:00:00Z,1,0,0,0,0,0,0,0,0,0,0,0,0,0,0,0.0,0.0,0.0,0.0,40,-2522,15091,659,3181,4.0
180,Woolfenden,4,5,0,True,2026-09-13T13:00:00Z,0,5,0,0,0,0,0,0,0,0,0,0,0,0,0,0.0,0.0,0.0,0.0,40,-1447,13479,375,1822,4.0
180,Woolfenden,5,18,0,False,2026-09-19T16:30:00Z,0,1,0,0,0,0,0,0,0,0,0,0,0,0,0,0.0,0.0,0.0,0.0,40,-1023,12244,255,1278,4.0
181,Brau,1,1,0,False,2026-08-21T19:00:00Z,3,0,0,0,0,0,0,0,0,0,0,0,0,0,0,0.0,0.0,0.0,0.0,40,0,3736,0,0,4.0
181,Brau,2,11,0,True,2026-08-29T14:00:00Z,0,1,0,0,0,0,0,0,0,0,0,0,0,0,0,0.0,0.0,0.0,0.0,40,-82,4079,256,338,4.0
181,Brau,3,15,0,False,2026-09-05T14:00:00Z,1,0,0,0,0,0,0,0,0,0,0,0,0,0,0,0.0,0.0,0.0,0.0,40,-956,3074,19,975,4.0
181,Brau,4,5,0,True,2026-09-13T13:00:00Z,0,5,0,0,0,0,0,0,0,0,0,0,0,0,0,0.0,0.0,0.0,0.0,40,-477,2631,0,477,4.0
181,Brau,5,18,0,False,2026-09-19T16:30:00Z,0,1,0,0,0,0,0,0,0,0,0,0,0,0,0,0.0,0.0,0.0,0.0,40,-280,2378,0,280,4.0
182,Amenda,1,1,1,False,2026-08-21T19:00:00Z,3,0,90,0,0,0,3,0,0,0,0,0,0,0,1,28.8,0.8,0.0,3.0,40,0,75420,0,0,4.0
182,Amenda,2,11,1,True,2026-08-29T14:00:00Z,0,1,90,0,0,0,1,0,0,0,1,0,0,0,4,11.4,2.1,5.0,1.9,40,-1183,84795,3328,4511,4.0
182,Amenda,3,15,2,False,2026-09-05T14:00:00Z,1,0,90,0,0,0,1,0,0,0,0,0,0,0,4,4.4,1.3,6.0,1.2,40,-4953,81029,3124,8077,4.0
182,Amenda,4,5,0,True,2026-09-13T13:00:00Z,0,5,90,0,0,0,5,0,0,0,0,0,0,0,-12,18.2,10.3,4.0,3.3,40,-2035,81299,3596,5631,4.0
182,Amenda,5,18,0,False,2026-09-19T16:30:00Z,0,1,0,0,0,0,0,0,0,0,0,0,0,0,0,0.0,0.0,0.0,0.0,40,-7286,71956,1397,8683,4.0
183,Rudoni,1,1,1,False,2026-08-21T19:00:00Z,3,0,20,0,0,0,0,0,0,0,0,0,0,0,3,5.6,3.8,17.0,2.6,50,0,13002,0,0,5.0
183,Rudoni,2,11,3,True,2026-08-29T14:00:00Z,0,1,70,0,0,1,0,0,0,0,0,0,0,0,12,6.8,27.7,4.0,3.9,50,-49,14191,1250,1299,5.0
183,Rudoni,3,15,2,False,2026-09-05T14:00:00Z,1,0,62,0,0,0,1,0,0,0,0,0,0,0,9,14.4,28.5,33.0,7.6,50,-1863,12234,706,2569,5.0
183,Rudoni,4,5,2,True,2026-09-13T13:00:00Z,0,5,72,0,0,0,3,0,0,0,0,0,0,0,11,10.8,55.5,25.0,9.1,50,-812,11698,965,1777,5.0
183,Rudoni,5,18,5,False,2026-09-19T16:30:00Z,0,1,73,0,0,1,0,0,0,0,0,0,0,0,16,13.6,25.3,1.0,4.0,49,-1195,10665,549,1744,4.9
184,Grimes,1,1,2,False,2026-08-21T19:00:00Z,3,0,90,0,0,0,3,0,0,0,0,0,0,0,14,13.4,3.7,0.0,1.7,50,0,17412,0,0,5.0
184,Grimes,2,11,2,True,2026-08-29T14:00:00Z,0,1,90,0,0,0,1,0,0,0,0,0,0,0,14,14.2,20.9,2.0,3.7,50,674,20154,2290,1616,5.0
184,Grimes,3,15,2,False,2026-09-05T14:00:00Z,1,0,90,0,0,0,1,0,0,0,0,0,0,0,8,18.6,2.3,1.0,2.2,50,-3443,16127,481,3924,5.0
184,Grimes,4,5,2,True,2026-09-13T13:00:00Z,0,5,83,0,0,0,4,0,0,0,0,0,0,0,9,5.6,5.8,2.0,1.3,50,-2101,14585,532,2633,5.0
184,Grimes,5,18,3,False,2026-09-19T16:30:00Z,0,1,90,0,0,1,0,0,0,0,0,0,0,0,17,12.6,15.3,1.0,2.9,49,-1624,13370,594,2218,4.9
185,Sakamoto,1,1,0,False,2026-08-21T19:00:00Z,3,0,0,0,0,0,0,0,0,0,0,0,0,0,0,0.0,0.0,0.0,0.0,50,0,10294,0,0,5.0
185,Sakamoto,2,11,1,True,2026-08-29T14:00:00Z,0,1,31,0,0,0,1,0,0,0,0,0,0,0,8,6.2,5.9,7.0,1.9,50,-1318,9710,137,1455,5.0
185,Sakamoto,3,15,0,False,2026-09-05T14:00:00Z,1,0,0,0,0,0,0,0,0,0,0,0,0,0,0,0.0,0.0,0.0,0.0,49,-1339,8559,404,1743,4.9
185,Sakamoto,4,5,0,True,2026-09-13T13:00:00Z,0,5,0,0,0,0,0,0,0,0,0,0,0,0,0,0.0,0.0,0.0,0.0,49,-975,7657,207,1182,4.9
185,Sakamoto,5,18,0,False,2026-09-19T16:30:00Z,0,1,0,0,0,0,0,0,0,0,0,0,0,0,0,0.0,0.0,0.0,0.0,48,-850,6925,142,992,4.8
186,Mason-Clark,1,1,0,False,2026-08-21T19:00:00Z,3,0,0,0,0,0,0,0,0,0,0,0,0,0,0,0.0,0.0,0.0,0.0,55,0,11314,0,0,5.5
186,Mason-Clark,2,11,1,True,2026-08-29T14:00:00Z,0,1,57,0,0,0,0,0,0,0,0,0,0,0,4,4.2,16.0,0.0,2.0,55,-1089,12149,489,1578,5.5
186,Mason-Clark,3,15,2,False,2026-09-05T14:00:00Z,1,0,70,0,0,0,1,0,0,0,0,0,0,0,4,0.0,0.8,2.0,0.1,54,-1860,10318,228,2088,5.4
186,Mason-Clark,4,5,1,True,2026-09-13T13:00:00Z,0,5,59,0,0,0,2,0,0,0,0,0,0,0,5,6.0,1.0,44.0,5.1,54,-780,9746,222,1002,5.4
186,Mason-Clark,5,18,1,False,2026-09-19T16:30:00Z,0,1,45,0,0,0,0,0,0,0,0,0,0,0,6,5.2,33.8,6.0,4.5,54,-836,8948,100,936,5.4
187,Eccles,1,1,0,False,2026-08-21T19:00:00Z,3,0,0,0,0,0,0,0,0,0,0,0,0,0,0,0.0,0.0,0.0,0.0,50,0,1503,0,0,5.0
187,Eccles,2,11,0,True,2026-08-29T14:00:00Z,0,1,0,0,0,0,0,0,0,0,0,0,0,0,0,0.0,0.0,0.0,0.0,50,-230,1391,69,299,5.0
187,Eccles,3,15,0,False,2026-09-05T14:00:00Z,1,0,0,0,0,0,0,0,0,0,0,0,0,0,0,0.0,0.0,0.0,0.0,49,30,1547,434,404,4.9
187,Eccles,4,5,0,True,2026-09-13T13:00:00Z,0,5,0,0,0,0,0,0,0,0,0,0,0,0,0,0.0,0.0,0.0,0.0,49,-249,1294,93,342,4.9
187,Eccles,5,18,0,False,2026-09-19T16:30:00Z,0,1,0,0,0,0,0,0,0,0,0,0,0,0,0,0.0,0.0,0.0,0.0,49,-314,1002,17,331,4.9
188,Torp,1,1,1,False,2026-08-21T19:00:00Z,3,0,28,0,0,0,0,0,0,0,0,0,0,0,8,6.8,16.4,0.0,2.3,55,0,15509,0,0,5.5
188,Torp,2,11,1,True,2026-08-29T14:00:00Z,0,1,19,0,0,0,1,0,0,0,0,0,0,0,2,0.0,3.6,0.0,0.3,55,-1275,16221,549,1824,5.5
188,Torp,3,15,0,False,2026-09-05T14:00:00Z,1,0,0,0,0,0,0,0,0,0,0,0,0,0,0,0.0,0.0,0.0,0.0,54,-2872,13303,100,2972,5.4
188,Torp,4,5,1,True,2026-09-13T13:00:00Z,0,5,6,0,0,0,1,0,0,0,0,0,0,0,3,0.4,0.4,0.0,0.1,54,-1542,11943,52,1594,5.4
188,Torp,5,18,0,False,2026-09-19T16:30:00Z,0,1,0,0,0,0,0,0,0,0,0,0,0,0,0,0.0,0.0,0.0,0.0,54,-1090,10920,52,1142,5.4
189,Shepherd,1,1,0,False,2026-08-21T19:00:00Z,3,0,0,0,0,0,0,0,0,0,0,0,0,0,0,0.0,0.0,0.0,0.0,45,0,28435,0,0,4.5
189,Shepherd,2,11,0,True,2026-08-29T14:00:00Z,0,1,0,0,0,0,0,0,0,0,0,0,0,0,0,0.0,0.0,0.0,0.0,45,-2158,28459,1013,3171,4.5
189,Shepherd,3,15,0,False,2026-09-05T14:00:00Z,1,0,0,0,0,0,0,0,0,0,0,0,0,0,0,0.0,0.0,0.0,0.0,45,-2042,27151,1697,3739,4.5
189,Shepherd,4,5,0,True,2026-09-13T13:00:00Z,0,5,0,0,0,0,0,0,0,0,0,0,0,0,0,0.0,0.0,0.0,0.0,45,-1700,25735,1302,3002,4.5
189,Shepherd,5,18,0,False,2026-09-19T16:30:00Z,0,1,0,0,0,0,0,0,0,0,0,0,0,0,0,0.0,0.0,0.0,0.0,44,-251,30329,2708,2959,4.4
190,Tchaouna,1,1,2,False,2026-08-21T19:00:00Z,3,0,81,0,0,0,3,0,0,0,0,0,0,0,11,1.8,6.0,3.0,1.1,55,0,12321,0,0,5.5
190,Tchaouna,2,11,1,True,2026-08-29T14:00:00Z,0,1,58,0,0,0,0,0,0,0,0,0,0,0,7,7.0,18.5,5.0,3.1,55,1311,16325,2762,1451,5.5
190,Tchaouna,3,15,1,False,2026-09-05T14:00:00Z,1,0,27,0,0,0,0,0,0,0,0,0,0,0,9,8.2,24.8,21.0,5.4,55,-3624,12425,128,3752,5.5
190,Tchaouna,4,5,0,True,2026-09-13T13:00:00Z,0,5,0,0,0,0,0,0,0,0,0,0,0,0,0,0.0,0.0,0.0,0.0,54,-1390,11417,187,1577,5.4
190,Tchaouna,5,18,1,False,2026-09-19T16:30:00Z,0,1,45,0,0,0,0,0,0,0,0,0,0,0,5,8.4,1.2,17.0,2.7,54,-1058,10419,39,1097,5.4
191,Borges Rodrigues,1,1,0,False,2026-08-21T19:00:00Z,3,0,0,0,0,0,0,0,0,0,0,0,0,0,0,0.0,0.0,0.0,0.0,45,0,16813,0,0,4.5
191,Borges Rodrigues,2,11,0,True,2026-08-29T14:00:00Z,0,1,0,0,0,0,0,0,0,0,0,0,0,0,0,0.0,0.0,0.0,0.0,45,-1193,16655,680,1873,4.5
191,Borges Rodrigues,3,15,0,False,2026-09-05T14:00:00Z,1,0,0,0,0,0,0,0,0,0,0,0,0,0,0,0.0,0.0,0.0,0.0,45,-2425,14534,1263,3688,4.5
191,Borges Rodrigues,4,5,0,True,2026-09-13T13:00:00Z,0,5,0,0,0,0,0,0,0,0,0,0,0,0,0,0.0,0.0,0.0,0.0,45,-3328,11101,0,3328,4.5
191,Borges Rodrigues,5,18,0,False,2026-09-19T16:30:00Z,0,1,0,0,0,0,0,0,0,0,0,0,0,0,0,0.0,0.0,0.0,0.0,45,-1935,9331,0,1935,4.5
192,Andrews,1,1,0,False,2026-08-21T19:00:00Z,3,0,0,0,0,0,0,0,0,0,0,0,0,0,0,0.0,0.0,0.0,0.0,45,0,62690,0,0,4.5
192,Andrews,2,11,0,True,2026-08-29T14:00:00Z,0,1,0,0,0,0,0,0,0,0,0,0,0,0,0,0.0,0.0,0.0,0.0,45,-4618,62913,2576,7194,4.5
192,Andrews,3,15,0,False,2026-09-05T14:00:00Z,1,0,0,0,0,0,0,0,0,0,0,0,0,0,0,0.0,0.0,0.0,0.0,45,-17623,44026,142,17765,4.5
192,Andrews,4,5,0,True,2026-09-13T13:00:00Z,0,5,0,0,0,0,0,0,0,0,0,0,0,0,0,0.0,0.0,0.0,0.0,45,-8343,36602,0,8343,4.5
192,Andrews,5,18,0,False,2026-09-19T16:30:00Z,0,1,0,0,0,0,0,0,0,0,0,0,0,0,0,0.0,0.0,0.0,0.0,45,-5803,31304,0,5803,4.5
193,Wright,1,1,0,False,2026-08-21T19:00:00Z,3,0,0,0,0,0,0,0,0,0,0,0,0,0,0,0.0,0.0,0.0,0.0,55,0,18871,0,0,5.5
193,Wright,2,11,0,True,2026-08-29T14:00:00Z,0,1,0,0,0,0,0,0,0,0,0,0,0,0,0,0.0,0.0,0.0,0.0,55,-5318,13634,107,5425,5.5
193,Wright,3,15,0,False,2026-09-05T14:00:00Z,1,0,0,0,0,0,0,0,0,0,0,0,0,0,0,0.0,0.0,0.0,0.0,54,-3102,10607,246,3348,5.4
193,Wright,4,5,0,True,2026-09-13T13:00:00Z,0,5,0,0,0,0,0,0,0,0,0,0,0,0,0,0.0,0.0,0.0,0.0,54,-1789,8935,117,1906,5.4
193,Wright,5,18,0,False,2026-09-19T16:30:00Z,0,1,0,0,0,0,0,0,0,0,0,0,0,0,0,0.0,0.0,0.0,0.0,54,-1150,7895,97,1247,5.4
194,Thomas-Asante,1,1,2,False,2026-08-21T19:00:00Z,3,0,69,0,0,0,3,0,0,0,0,0,0,0,9,4.6,1.1,0.0,0.6,50,0,66198,0,0,5.0
194,Thomas-Asante,2,11,1,True,2026-08-29T14:00:00Z,0,1,32,0,0,0,1,0,0,0,0,0,0,0,5,1.2,2.0,2.0,0.5,50,6706,83366,14594,7888,5.0
194,Thomas-Asante,3,15,1,False,2026-09-05T14:00:00Z,1,0,19,0,0,0,0,0,0,0,0,0,0,0,6,2.2,0.3,2.0,0.5,50,-1110,84492,16389,17499,5.0
194,Thomas-Asante,4,5,1,True,2026-09-13T13:00:00Z,0,5,17,0,0,0,2,0,0,0,0,0,0,0,7,6.0,0.5,26.0,3.3,50,-1520,84195,11154,12674,5.0
194,Thomas-Asante,5,18,4,False,2026-09-19T16:30:00Z,0,1,90,0,0,1,0,0,0,0,0,0,0,0,16,15.8,0.6,19.0,3.5,50,-4476,81447,8488,12964,5.0
195,Simms,1,1,2,False,2026-08-21T19:00:00Z,3,0,69,0,0,0,3,0,0,0,0,0,0,0,7,2.6,12.3,2.0,1.7,50,0,78607,0,0,5.0
195,Simms,2,11,0,True,2026-08-29T14:00:00Z,0,1,0,0,0,0,0,0,0,0,0,0,0,0,0,0.0,0.0,0.0,0.0,50,10333,100916,19936,9603,5.0
195,Simms,3,15,1,False,2026-09-05T14:00:00Z,1,0,19,0,0,0,0,0,0,0,0,0,0,0,3,5.0,10.0,35.0,5.0,50,-11944,88094,10057,22001,5.0
195,Simms,4,5,0,True,2026-09-13T13:00:00Z,0,5,0,0,0,0,0,0,0,0,0,0,0,0,0,0.0,0.0,0.0,0.0,50,-8583,81354,5606,14189,5.0
195,Simms,5,18,1,False,2026-09-19T16:30:00Z,0,1,16,0,0,0,0,0,0,0,0,0,0,0,3,0.2,0.3,0.0,0.1,50,-10520,72122,2905,13425,5.0
196,Markelo,1,1,0,False,2026-08-21T19:00:00Z,3,0,0,0,0,0,0,0,0,0,0,0,0,0,0,0.0,0.0,0.0,0.0,50,0,1827,0,0,5.0
196,Markelo,2,11,0,True,2026-08-29T14:00:00Z,0,1,0,0,0,0,0,0,0,0,0,0,0,0,0,0.0,0.0,0.0,0.0,50,-590,1206,0,590,5.0
196,Markelo,3,15,0,False,2026-09-05T14:00:00Z,1,0,0,0,0,0,0,0,0,0,0,0,0,0,0,0.0,0.0,0.0,0.0,50,-296,929,0,296,5.0
196,Markelo,4,5,0,True,2026-09-13T13:00:00Z,0,5,0,0,0,0,0,0,0,0,0,0,0,0,0,0.0,0.0,0.0,0.0,50,-136,803,0,136,5.0
196,Markelo,5,18,0,False,2026-09-19T16:30:00Z,0,1,0,0,0,0,0,0,0,0,0,0,0,0,0,0.0,0.0,0.0,0.0,50,-105,704,0,105,5.0
197,Bassette,1,1,0,False,2026-08-21T19:00:00Z,3,0,0,0,0,0,0,0,0,0,0,0,0,0,0,0.0,0.0,0.0,0.0,45,0,4620,0,0,4.5
197,Bassette,2,11,0,True,2026-08-29T14:00:00Z,0,1,0,0,0,0,0,0,0,0,0,0,0,0,0,0.0,0.0,0.0,0.0,45,-788,3783,0,788,4.5
197,Bassette,3,15,0,False,2026-09-05T14:00:00Z,1,0,0,0,0,0,0,0,0,0,0,0,0,0,0,0.0,0.0,0.0,0.0,45,-548,3200,0,548,4.5
197,Bassette,4,5,0,True,2026-09-13T13:00:00Z,0,5,0,0,0,0,0,0,0,0,0,0,0,0,0,0.0,0.0,0.0,0.0,45,-350,2877,0,350,4.5
197,Bassette,5,18,0,False,2026-09-19T16:30:00Z,0,1,0,0,0,0,0,0,0,0,0,0,0,0,0,0.0,0.0,0.0,0.0,45,-273,2648,0,273,4.5
492,Awoniyi,1,1,1,False,2026-08-21T19:00:00Z,3,0,20,0,0,0,0,0,0,0,0,0,0,0,4,0.0,1.4,0.0,0.1,55,0,76129,0,0,5.5
492,Awoniyi,2,11,2,True,2026-08-29T14:00:00Z,0,1,90,0,0,0,1,0,0,0,0,0,0,0,6,10.0,23.6,65.0,9.9,55,-639,83094,8654,9293,5.5
492,Awoniyi,3,15,2,False,2026-09-05T14:00:00Z,1,0,70,0,0,0,1,0,0,0,0,0,0,0,6,3.6,10.3,3.0,1.7,55,-13314,69494,4842,18156,5.5
492,Awoniyi,4,5,-2,True,2026-09-13T13:00:00Z,0,5,52,0,0,0,5,0,0,0,0,1,0,0,-5,0.0,10.9,10.0,1.9,55,-3108,69089,7191,10299,5.5
492,Awoniyi,5,18,0,False,2026-09-19T16:30:00Z,0,1,0,0,0,0,0,0,0,0,0,0,0,0,0,0.0,0.0,0.0,0.0,55,-21461,46922,586,22047,5.5
575,Yirenkyi,1,1,1,False,2026-08-21T19:00:00Z,3,0,61,0,0,0,3,0,0,0,1,0,0,0,2,0.0,3.1,0.0,0.0,50,0,23536,0,0,5.0
575,Yirenkyi,2,11,3,True,2026-08-29T14:00:00Z,0,1,70,0,0,1,0,0,0,0,0,0,0,0,17,9.4,16.0,7.0,3.2,50,-1578,23711,997,2575,5.0
575,Yirenkyi,3,15,1,False,2026-09-05T14:00:00Z,1,0,27,0,0,0,0,0,0,0,0,0,0,0,4,1.0,0.3,0.0,0.1,50,-3438,20321,778,4216,5.0
575,Yirenkyi,4,5,1,True,2026-09-13T13:00:00Z,0,5,17,0,0,0,2,0,0,0,0,0,0,0,3,0.0,10.5,0.0,1.0,49,-2489,18325,641,3130,4.9
575,Yirenkyi,5,18,3,False,2026-09-19T16:30:00Z,0,1,90,0,0,1,0,0,0,0,0,0,0,0,10,5.0,11.7,0.0,1.7,49,-2510,15964,236,2746,4.9
584,Hamer,1,1,1,False,2026-08-21T19:00:00Z,3,0,8,0,0,0,0,0,0,0,0,0,0,0,3,0.4,0.3,0.0,0.1,55,0,12932,0,0,5.5
584,Hamer,2,11,1,True,2026-08-29T14:00:00Z,0,1,19,0,0,0,1,0,0,0,0,0,0,0,2,0.2,1.5,0.0,0.2,55,-1042,13996,386,1428,5.5
584,Hamer,3,15,1,False,2026-09-05T14:00:00Z,1,0,5,0,0,0,0,0,0,0,0,0,0,0,1,0.0,0.0,0.0,0.0,55,-2126,11896,153,2279,5.5
584,Hamer,4,5,0,True,2026-09-13T13:00:00Z,0,5,0,0,0,0,0,0,0,0,0,0,0,0,0,0.0,0.0,0.0,0.0,54,-1142,10937,147,1289,5.4
584,Hamer,5,18,0,False,2026-09-19T16:30:00Z,0,1,0,0,0,0,0,0,0,0,0,0,0,0,0,0.0,0.0,0.0,0.0,54,-947,10051,64,1011,5.4
599,Cherif,1,1,0,False,2026-08-21T19:00:00Z,3,0,0,0,0,0,0,0,0,0,0,0,0,0,0,0.0,0.0,0.0,0.0,50,0,7348,0,0,5.0
599,Cherif,2,11,0,True,2026-08-29T14:00:00Z,0,1,0,0,0,0,0,0,0,0,0,0,0,0,0,0.0,0.0,0.0,0.0,50,330,9736,1724,1394,5.0
599,Cherif,3,15,0,False,2026-09-05T14:00:00Z,1,0,0,0,0,0,0,0,0,0,0,0,0,0,0,0.0,0.0,0.0,0.0,50,-134,10406,2227,2361,5.0
599,Cherif,4,5,1,True,2026-09-13T13:00:00Z,0,5,30,0,0,0,3,0,0,0,0,0,0,0,3,1.0,0.2,0.0,0.1,50,-281,10369,1323,1604,5.0
599,Cherif,5,18,0,False,2026-09-19T16:30:00Z,0,1,0,0,0,0,0,0,0,0,0,0,0,0,0,0.0,0.0,0.0,0.0,50,173,10975,1653,1480,5.0
623,Bentley,2,11,0,True,2026-08-29T14:00:00Z,0,1,0,0,0,0,0,0,0,0,0,0,0,0,0,0.0,0.0,0.0,0.0,40,0,0,0,0,4.0
623,Bentley,3,15,0,False,2026-09-05T14:00:00Z,1,0,0,0,0,0,0,0,0,0,0,0,0,0,0,0.0,0.0,0.0,0.0,40,17253,29804,20080,2827,4.0
623,Bentley,4,5,0,True,2026-09-13T13:00:00Z,0,5,0,0,0,0,0,0,0,0,0,0,0,0,0,0.0,0.0,0.0,0.0,40,25889,56982,36983,11094,4.0
623,Bentley,5,18,0,False,2026-09-19T16:30:00Z,0,1,0,0,0,0,0,0,0,0,0,0,0,0,0,0.0,0.0,0.0,0.0,40,10344,66230,13315,2971,4.0
655,Gboho,4,5,0,True,2026-09-13T13:00:00Z,0,5,0,0,0,0,0,0,0,0,0,0,0,0,0,0.0,0.0,0.0,0.0,55,58,72,65,7,5.5
655,Gboho,5,18,0,False,2026-09-19T16:30:00Z,0,1,0,0,0,0,0,0,0,0,0,0,0,0,0,0.0,0.0,0.0,0.0,55,91,195,133,42,5.5
656,Mfuni,4,5,0,True,2026-09-13T13:00:00Z,0,5,0,0,0,0,0,0,0,0,0,0,0,0,0,0.0,0.0,0.0,0.0,40,2544,7468,2811,267,4.0
656,Mfuni,5,18,6,False,2026-09-19T16:30:00Z,0,1,90,0,0,1,0,0,0,0,0,0,0,0,27,17.6,0.7,4.0,2.2,40,3967,10713,5501,1534,4.0
42,Guessand,1,9,1,False,2026-08-22T14:00:00Z,2,0,27,0,0,0,0,0,0,0,0,0,0,0,3,3.2,1.8,7.0,1.2,55,0,3238,0,0,5.5
42,Guessand,2,15,1,True,2026-08-28T19:00:00Z,1,4,27,0,0,0,1,0,0,0,0,0,0,0,3,2.2,0.3,0.0,0.3,55,-140,4594,483,623,5.5
42,Guessand,3,10,0,False,2026-09-05T14:00:00Z,2,3,0,0,0,0,0,0,0,0,0,0,0,0,0,0.0,0.0,0.0,0.0,55,-422,4367,556,978,5.5
42,Guessand,4,12,0,True,2026-09-12T14:00:00Z,2,3,0,0,0,0,0,0,0,0,0,0,0,0,0,0.0,0.0,0.0,0.0,55,-33,4659,935,968,5.5
42,Guessand,5,13,0,False,2026-09-20T13:00:00Z,0,0,0,0,0,0,0,0,0,0,0,0,0,0,0,0.0,0.0,0.0,0.0,54,-483,4188,319,802,5.4
153,Disasi,1,10,0,False,2026-08-24T19:00:00Z,2,3,0,0,0,0,0,0,0,0,0,0,0,0,0,0.0,0.0,0.0,0.0,45,0,5243,0,0,4.5
153,Disasi,2,15,1,True,2026-08-28T19:00:00Z,1,4,16,0,0,0,1,0,0,0,0,0,0,0,-2,1.2,0.0,0.0,0.1,45,-323,6037,525,848,4.5
153,Disasi,3,10,3,False,2026-09-05T14:00:00Z,2,3,90,0,0,0,2,0,0,0,0,0,0,0,14,31.4,13.3,2.0,4.7,45,503,7480,1511,1008,4.5
153,Disasi,4,12,-3,True,2026-09-12T14:00:00Z,2,3,33,0,0,0,3,0,0,0,0,1,0,0,-18,2.2,0.1,0.0,0.2,45,4721,14882,7208,2487,4.5
153,Disasi,5,13,0,False,2026-09-20T13:00:00Z,0,0,0,0,0,0,0,0,0,0,0,0,0,0,0,0.0,0.0,0.0,0.0,45,-5081,7522,157,5238,4.5
198,Henderson,1,9,2,False,2026-08-22T14:00:00Z,2,0,90,0,0,0,2,0,0,0,0,0,3,0,14,28.2,0.0,0.0,2.8,50,0,171144,0,0,5.0
198,Henderson,2,15,1,True,2026-08-28T19:00:00Z,1,4,90,0,0,0,4,0,0,0,0,0,4,0,4,30.2,0.0,0.0,3.0,50,-7870,182716,5904,13774,5.0
198,Henderson,3,10,2,False,2026-09-05T14:00:00Z,2,3,90,0,0,0,2,0,0,0,0,0,5,0,19,38.4,0.0,0.0,3.8,50,-3328,188350,15007,18335,5.0
198,Henderson,4,12,0,True,2026-09-12T14:00:00Z,2,3,0,0,0,0,0,0,0,0,0,0,0,0,0,0.0,0.0,0.0,0.0,50,17128,234983,34005,16877,5.0
198,Henderson,5,13,0,False,2026-09-20T13:00:00Z,0,0,0,0,0,0,0,0,0,0,0,0,0,0,0,0.0,0.0,0.0,0.0,50,-59712,148996,210,59922,5.0
199,Benitez,1,9,0,False,2026-08-22T14:00:00Z,2,0,0,0,0,0,0,0,0,0,0,0,0,0,0,0.0,0.0,0.0,0.0,45,0,10987,0,0,4.5
199,Benitez,2,15,0,True,2026-08-28T19:00:00Z,1,4,0,0,0,0,0,0,0,0,0,0,0,0,0,0.0,0.0,0.0,0.0,45,-908,11403,468,1376,4.5
199,Benitez,3,10,0,False,2026-09-05T14:00:00Z,2,3,0,0,0,0,0,0,0,0,0,0,0,0,0,0.0,0.0,0.0,0.0,45,-646,11282,648,1294,4.5
199,Benitez,4,12,2,True,2026-09-12T14:00:00Z,2,3,90,0,0,0,3,0,0,0,0,0,3,0,3,18.8,0.0,0.0,1.9,45,-389,11338,563,952,4.5
199,Benitez,5,13,6,False,2026-09-20T13:00:00Z,0,0,90,0,0,1,0,0,0,0,0,0,2,0,26,18.6,0.0,0.0,1.9,45,618,12323,1413,795,4.5
202,Richards,1,9,3,False,2026-08-22T14:00:00Z,2,0,90,0,0,0,2,0,0,0,0,0,0,0,13,42.6,0.7,0.0,4.3,50,0,66477,0,0,5.0
202,Richards,2,15,0,True,2026-08-28T19:00:00Z,1,4,90,0,0,0,4,0,0,0,0,0,0,0,-4,15.0,0.1,17.0,3.2,50,-2246,71981,4208,6454,5.0
202,Richards,3,10,1,False,2026-09-05T14:00:00Z,2,3,90,0,0,0,2,0,0,0,0,0,0,0,8,28.8,0.5,7.0,3.6,50,-5426,68124,5745,11171,5.0
202,Richards,4,12,2,True,2026-09-12T14:00:00Z,2,3,90,0,0,0,3,0,0,0,1,0,0,0,2,22.4,5.9,0.0,2.8,50,497,74063,9105,8608,5.0
202,Richards,5,13,8,False,2026-09-20T13:00:00Z,0,0,90,0,0,1,0,0,0,0,0,0,0,0,29,22.6,0.5,0.0,2.3,50,-7644,63648,1854,9498,5.0
203,Canvot,1,9,1,False,2026-08-22T14:00:00Z,2,0,90,0,0,0,2,0,0,0,0,0,0,0,9,27.4,5.7,5.0,3.8,50,0,30748,0,0,5.0
203,Canvot,2,15,0,True,2026-08-28T19:00:00Z,1,4,90,0,0,0,4,0,0,0,0,0,0,0,-1,22.8,0.5,0.0,2.3,50,-3200,29914,821,4021,5.0
203,Canvot,3,10,1,False,2026-09-05T14:00:00Z,2,3,90,0,0,0,2,0,0,0,0,0,0,0,4,13.0,1.9,0.0,1.5,49,-4057,25628,1708,5765,4.9
203,Canvot,4,12,0,True,2026-09-12T14:00:00Z,2,3,0,0,0,0,0,0,0,0,0,0,0,0,0,0.0,0.0,0.0,0.0,49,-1594,25690,2554,4148,4.9
203,Canvot,5,13,8,False,2026-09-20T13:00:00Z,0,0,90,0,0,1,0,0,0,0,0,0,0,0,26,19.8,17.2,2.0,3.9,49,-4457,20646,259,4716,4.9
204,Mitchell,1,9,1,False,2026-08-22T14:00:00Z,2,0,90,0,0,0,2,0,0,0,0,0,0,0,9,11.6,13.8,2.0,2.7,45,0,580791,0,0,4.5
204,Mitchell,2,15,0,True,2026-08-28T19:00:00Z,1,4,90,0,0,0,4,0,0,0,0,0,0,0,-8,11.6,21.6,7.0,4.0,45,-44374,548942,5965,50339,4.5
204,Mitchell,3,10,15,False,2026-09-05T14:00:00Z,2,3,73,2,0,0,2,0,0,0,0,0,0,2,31,78.0,10.7,47.0,13.6,45,-68532,476563,9051,77583,4.5
204,Mitchell,4,12,1,True,2026-09-12T14:00:00Z,2,3,76,0,0,0,2,0,0,0,0,0,0,0,6,7.8,18.1,0.0,2.6,45,212978,768978,259738,46760,4.5
204,Mitchell,5,13,7,False,2026-09-20T13:00:00Z,0,0,90,0,0,1,0,0,0,0,0,0,0,1,30,19.2,3.7,6.0,2.9,45,-51939,647215,21781,73720,4.5
205,Sosa,1,9,0,False,2026-08-22T14:00:00Z,2,0,0,0,0,0,0,0,0,0,0,0,0,0,0,0.0,0.0,0.0,0.0,45,0,2785,0,0,4.5
205,Sosa,2,15,0,True,2026-08-28T19:00:00Z,1,4,0,0,0,0,0,0,0,0,0,0,0,0,0,0.0,0.0,0.0,0.0,45,-226,3040,126,352,4.5
205,Sosa,3,10,0,False,2026-09-05T14:00:00Z,2,3,0,0,0,0,0,0,0,0,0,0,0,0,0,0.0,0.0,0.0,0.0,45,-594,2568,110,704,4.5
205,Sosa,4,12,0,True,2026-09-12T14:00:00Z,2,3,0,0,0,0,0,0,0,0,0,0,0,0,0,0.0,0.0,0.0,0.0,45,-639,1928,0,639,4.5
205,Sosa,5,13,0,False,2026-09-20T13:00:00Z,0,0,0,0,0,0,0,0,0,0,0,0,0,0,0,0.0,0.0,0.0,0.0,45,-274,1673,0,274,4.5
206,Chadi Riad,1,9,1,False,2026-08-22T14:00:00Z,2,0,72,0,0,0,2,0,0,0,0,0,0,0,7,12.6,1.3,0.0,1.4,45,0,6521,0,0,4.5
206,Chadi Riad,2,15,0,True,2026-08-28T19:00:00Z,1,4,0,0,0,0,0,0,0,0,0,0,0,0,0,0.0,0.0,0.0,0.0,45,-2523,4410,320,2843,4.5
206,Chadi Riad,3,10,0,False,2026-09-05T14:00:00Z,2,3,0,0,0,0,0,0,0,0,0,0,0,0,0,0.0,0.0,0.0,0.0,44,-1423,3064,193,1616,4.4
206,Chadi Riad,4,12,0,True,2026-09-12T14:00:00Z,2,3,0,0,0,0,0,0,0,0,0,0,0,0,0,0.0,0.0,0.0,0.0,44,-651,2510,58,709,4.4
206,Chadi Riad,5,13,0,False,2026-09-20T13:00:00Z,0,0,0,0,0,0,0,0,0,0,0,0,0,0,0,0.0,0.0,0.0,0.0,44,-330,2215,53,383,4.4
207,Mingueza,1,9,0,False,2026-08-22T14:00:00Z,2,0,0,0,0,0,0,0,0,0,0,0,0,0,0,0.0,0.0,0.0,0.0,45,0,7928,0,0,4.5
207,Mingueza,2,15,1,True,2026-08-28T19:00:00Z,1,4,15,0,0,0,1,0,0,0,0,0,0,0,1,2.2,0.1,0.0,0.2,45,-1081,7384,199,1280,4.5
207,Mingueza,3,10,1,False,2026-09-05T14:00:00Z,2,3,1,0,0,0,0,0,0,0,0,0,0,0,4,1.0,0.3,0.0,0.1,44,-541,7148,770,1311,4.4
207,Mingueza,4,12,0,True,2026-09-12T14:00:00Z,2,3,0,0,0,0,0,0,0,0,0,0,0,0,0,0.0,0.0,0.0,0.0,44,-316,7027,691,1007,4.4
207,Mingueza,5,13,0,False,2026-09-20T13:00:00Z,0,0,0,0,0,0,0,0,0,0,0,0,0,0,0,0.0,0.0,0.0,0.0,44,-708,6288,250,958,4.4
208,Sarr,1,9,0,False,2026-08-22T14:00:00Z,2,0,0,0,0,0,0,0,0,0,0,0,0,0,0,0.0,0.0,0.0,0.0,65,0,424225,0,0,6.5
208,Sarr,2,15,0,True,2026-08-28T19:00:00Z,1,4,0,0,0,0,0,0,0,0,0,0,0,0,0,0.0,0.0,0.0,0.0,64,-204476,227391,2102,206578,6.4
208,Sarr,3,10,0,False,2026-09-05T14:00:00Z,2,3,0,0,0,0,0,0,0,0,0,0,0,0,0,0.0,0.0,0.0,0.0,63,-118099,109790,330,118429,6.3
208,Sarr,4,12,0,True,2026-09-12T14:00:00Z,2,3,0,0,0,0,0,0,0,0,0,0,0,0,0,0.0,0.0,0.0,0.0,63,-36877,77747,179,37056,6.3
208,Sarr,5,13,1,False,2026-09-20T13:00:00Z,0,0,8,0,0,0,0,0,0,0,0,0,0,0,3,0.0,0.5,0.0,0.1,62,-10945,67923,1443,12388,6.2
210,Wharton,1,9,4,False,2026-08-22T14:00:00Z,2,0,90,0,0,0,2,0,0,0,0,0,0,0,20,16.8,30.9,0.0,4.8,55,0,75177,0,0,5.5
210,Wharton,2,15,2,True,2026-08-28T19:00:00Z,1,4,90,0,0,0,4,0,0,0,0,0,0,0,21,16.2,24.7,0.0,4.1,55,-1090,88998,6710,7800,5.5
210,Wharton,3,10,2,False,2026-09-05T14:00:00Z,2,3,90,0,0,0,2,0,0,0,0,0,0,0,10,14.8,2.8,2.0,2.0,55,-3644,89835,10076,13720,5.5
210,Wharton,4,12,2,True,2026-09-12T14:00:00Z,2,3,76,0,0,0,2,0,0,0,0,0,0,0,13,5.2,11.8,3.0,2.0,55,-1801,91297,8794,10595,5.5
210,Wharton,5,13,2,False,2026-09-20T13:00:00Z,0,0,90,0,0,1,0,0,0,0,1,0,0,0,13,20.0,26.8,13.0,6.0,55,-9048,82270,2827,11875,5.5
211,Yeremy,1,9,1,False,2026-08-22T14:00:00Z,2,0,35,0,0,0,0,0,0,0,0,0,0,0,4,2.0,6.3,6.0,1.4,55,0,18106,0,0,5.5
211,Yeremy,2,15,5,True,2026-08-28T19:00:00Z,1,4,67,0,1,0,3,0,0,0,0,0,0,0,27,10.8,34.2,9.0,5.4,55,-2144,18326,314,2458,5.5
211,Yeremy,3,10,5,False,2026-09-05T14:00:00Z,2,3,88,0,1,0,2,0,0,0,0,0,0,0,25,8.0,42.6,6.0,5.7,55,2869,22762,5451,2582,5.5
211,Yeremy,4,12,1,True,2026-09-12T14:00:00Z,2,3,36,0,0,0,1,0,0,0,0,0,0,0,4,0.0,2.7,2.0,0.5,55,27655,63756,36851,9196,5.5
211,Yeremy,5,13,2,False,2026-09-20T13:00:00Z,0,0,81,0,0,1,0,0,0,0,1,0,0,0,10,9.4,8.3,10.0,2.8,55,-12233,38017,1928,14161,5.5
212,Hughes,1,9,0,False,2026-08-22T14:00:00Z,2,0,0,0,0,0,0,0,0,0,0,0,0,0,0,0.0,0.0,0.0,0.0,45,0,1093674,0,0,4.5
212,Hughes,2,15,0,True,2026-08-28T19:00:00Z,1,4,0,0,0,0,0,0,0,0,0,0,0,0,0,0.0,0.0,0.0,0.0,45,-69998,1064673,20182,90180,4.5
212,Hughes,3,10,1,False,2026-09-05T14:00:00Z,2,3,16,0,0,0,0,0,0,0,0,0,0,0,3,2.4,0.3,0.0,0.3,45,-96023,969611,37588,133611,4.5
212,Hughes,4,12,1,True,2026-09-12T14:00:00Z,2,3,13,0,0,0,1,0,0,0,0,0,0,0,6,5.6,15.0,0.0,2.1,45,-87271,888879,26618,113889,4.5
212,Hughes,5,13,0,False,2026-09-20T13:00:00Z,0,0,0,0,0,0,0,0,0,0,0,0,0,0,0,0.0,0.0,0.0,0.0,44,-71924,838201,29011,100935,4.4
213,Lerma,1,9,0,False,2026-08-22T14:00:00Z,2,0,0,0,0,0,0,0,0,0,0,0,0,0,0,0.0,0.0,0.0,0.0,50,0,10665,0,0,5.0
213,Lerma,2,15,0,True,2026-08-28T19:00:00Z,1,4,0,0,0,0,0,0,0,0,0,0,0,0,0,0.0,0.0,0.0,0.0,50,-1246,10302,204,1450,5.0
213,Lerma,3,10,0,False,2026-09-05T14:00:00Z,2,3,0,0,0,0,0,0,0,0,0,0,0,0,0,0.0,0.0,0.0,0.0,49,-1246,9259,496,1742,4.9
213,Lerma,4,12,1,True,2026-09-12T14:00:00Z,2,3,6,0,0,0,1,0,0,0,0,0,0,0,3,2.2,0.3,0.0,0.3,49,-806,8598,327,1133,4.9
213,Lerma,5,13,0,False,2026-09-20T13:00:00Z,0,0,45,0,0,0,0,0,0,0,1,0,0,0,3,15.4,0.5,11.0,2.7,49,-677,7985,179,856,4.9
214,Kamada,1,9,3,False,2026-08-22T14:00:00Z,2,0,90,0,0,0,2,0,0,0,1,0,0,0,25,20.4,29.3,0.0,5.0,50,0,24728,0,0,5.0
214,Kamada,2,15,2,True,2026-08-28T19:00:00Z,1,4,90,0,0,0,4,0,0,0,0,0,0,0,21,17.6,2.8,7.0,2.7,50,-1150,27191,1944,3094,5.0
214,Kamada,3,10,5,False,2026-09-05T14:00:00Z,2,3,88,0,1,0,2,0,0,0,0,0,0,0,21,19.6,23.2,6.0,4.9,50,-259,28293,4293,4552,5.0
214,Kamada,4,12,8,True,2026-09-12T14:00:00Z,2,3,83,0,2,0,2,0,0,0,0,0,0,0,30,36.2,21.9,2.0,6.0,50,11985,44888,18109,6124,5.0
214,Kamada,5,13,3,False,2026-09-20T13:00:00Z,0,0,90,0,0,1,0,0,0,0,0,0,0,0,12,1.8,4.0,27.0,3.3,50,14554,59125,22401,7847,5.0
215,Devenny,1,9,0,False,2026-08-22T14:00:00Z,2,0,0,0,0,0,0,0,0,0,0,0,0,0,0,0.0,0.0,0.0,0.0,50,0,1134,0,0,5.0
215,Devenny,2,15,0,True,2026-08-28T19:00:00Z,1,4,0,0,0,0,0,0,0,0,0,0,0,0,0,0.0,0.0,0.0,0.0,50,-107,1141,69,176,5.0
215,Devenny,3,10,0,False,2026-09-05T14:00:00Z,2,3,0,0,0,0,0,0,0,0,0,0,0,0,0,0.0,0.0,0.0,0.0,50,-275,914,63,338,5.0
215,Devenny,4,12,0,True,2026-09-12T14:00:00Z,2,3,0,0,0,0,0,0,0,0,0,0,0,0,0,0.0,0.0,0.0,0.0,50,-276,646,0,276,5.0
215,Devenny,5,13,0,False,2026-09-20T13:00:00Z,0,0,0,0,0,0,0,0,0,0,0,0,0,0,0,0.0,0.0,0.0,0.0,50,-124,537,0,124,5.0
216,Esse,1,9,0,False,2026-08-22T14:00:00Z,2,0,0,0,0,0,0,0,0,0,0,0,0,0,0,0.0,0.0,0.0,0.0,50,0,3728,0,0,5.0
216,Esse,2,15,0,True,2026-08-28T19:00:00Z,1,4,0,0,0,0,0,0,0,0,0,0,0,0,0,0.0,0.0,0.0,0.0,50,-379,3956,211,590,5.0
216,Esse,3,10,0,False,2026-09-05T14:00:00Z,2,3,0,0,0,0,0,0,0,0,0,0,0,0,0,0.0,0.0,0.0,0.0,50,-965,3105,188,1153,5.0
216,Esse,4,12,0,True,2026-09-12T14:00:00Z,2,3,0,0,0,0,0,0,0,0,0,0,0,0,0,0.0,0.0,0.0,0.0,50,-963,2168,0,963,5.0
216,Esse,5,13,0,False,2026-09-20T13:00:00Z,0,0,0,0,0,0,0,0,0,0,0,0,0,0,0,0.0,0.0,0.0,0.0,50,-405,1807,0,405,5.0
217,M.França,1,9,0,False,2026-08-22T14:00:00Z,2,0,0,0,0,0,0,0,0,0,0,0,0,0,0,0.0,0.0,0.0,0.0,50,0,3157,0,0,5.0
217,M.França,2,15,0,True,2026-08-28T19:00:00Z,1,4,0,0,0,0,0,0,0,0,0,0,0,0,0,0.0,0.0,0.0,0.0,50,-697,2546,17,714,5.0
217,M.França,3,10,0,False,2026-09-05T14:00:00Z,2,3,0,0,0,0,0,0,0,0,0,0,0,0,0,0.0,0.0,0.0,0.0,49,-173,2633,933,1106,4.9
217,M.França,4,12,0,True,2026-09-12T14:00:00Z,2,3,0,0,0,0,0,0,0,0,0,0,0,0,0,0.0,0.0,0.0,0.0,49,-730,1885,57,787,4.9
217,M.França,5,13,0,False,2026-09-20T13:00:00Z,0,0,0,0,0,0,0,0,0,0,0,0,0,0,0,0.0,0.0,0.0,0.0,49,-675,1249,0,675,4.9
218,Doucouré,1,9,0,False,2026-08-22T14:00:00Z,2,0,0,0,0,0,0,0,0,0,0,0,0,0,0,0.0,0.0,0.0,0.0,50,0,6199,0,0,5.0
218,Doucouré,2,15,0,True,2026-08-28T19:00:00Z,1,4,0,0,0,0,0,0,0,0,0,0,0,0,0,0.0,0.0,0.0,0.0,50,-811,6115,248,1059,5.0
218,Doucouré,3,10,0,False,2026-09-05T14:00:00Z,2,3,0,0,0,0,0,0,0,0,0,0,0,0,0,0.0,0.0,0.0,0.0,49,-336,6155,984,1320,4.9
218,Doucouré,4,12,0,True,2026-09-12T14:00:00Z,2,3,0,0,0,0,0,0,0,0,0,0,0,0,0,0.0,0.0,0.0,0.0,49,-468,5759,470,938,4.9
218,Doucouré,5,13,0,False,2026-09-20T13:00:00Z,0,0,0,0,0,0,0,0,0,0,0,0,0,0,0,0.0,0.0,0.0,0.0,49,-576,5232,272,848,4.9
219,J.Rak-Sakyi,1,9,0,False,2026-08-22T14:00:00Z,2,0,0,0,0,0,0,0,0,0,0,0,0,0,0,0.0,0.0,0.0,0.0,50,0,550,0,0,5.0
219,J.Rak-Sakyi,2,15,0,True,2026-08-28T19:00:00Z,1,4,0,0,0,0,0,0,0,0,0,0,0,0,0,0.0,0.0,0.0,0.0,50,-51,578,39,90,5.0
219,J.Rak-Sakyi,3,10,0,False,2026-09-05T14:00:00Z,2,3,0,0,0,0,0,0,0,0,0,0,0,0,0,0.0,0.0,0.0,0.0,50,-60,553,51,111,5.0
219,J.Rak-Sakyi,4,12,0,True,2026-09-12T14:00:00Z,2,3,0,0,0,0,0,0,0,0,0,0,0,0,0,0.0,0.0,0.0,0.0,49,-85,492,55,140,4.9
219,J.Rak-Sakyi,5,13,0,False,2026-09-20T13:00:00Z,0,0,0,0,0,0,0,0,0,0,0,0,0,0,0,0.0,0.0,0.0,0.0,49,-101,390,0,101,4.9
220,Cardines,1,9,0,False,2026-08-22T14:00:00Z,2,0,0,0,0,0,0,0,0,0,0,0,0,0,0,0.0,0.0,0.0,0.0,45,0,255,0,0,4.5
220,Cardines,2,15,0,True,2026-08-28T19:00:00Z,1,4,0,0,0,0,0,0,0,0,0,0,0,0,0,0.0,0.0,0.0,0.0,45,-65,187,0,65,4.5
220,Cardines,3,10,0,False,2026-09-05T14:00:00Z,2,3,0,0,0,0,0,0,0,0,0,0,0,0,0,0.0,0.0,0.0,0.0,45,-39,151,0,39,4.5
220,Cardines,4,12,0,True,2026-09-12T14:00:00Z,2,3,0,0,0,0,0,0,0,0,0,0,0,0,0,0.0,0.0,0.0,0.0,45,-13,138,0,13,4.5
220,Cardines,5,13,0,False,2026-09-20T13:00:00Z,0,0,0,0,0,0,0,0,0,0,0,0,0,0,0,0.0,0.0,0.0,0.0,45,-8,132,0,8,4.5
221,Drakes-Thomas,1,9,0,False,2026-08-22T14:00:00Z,2,0,0,0,0,0,0,0,0,0,0,0,0,0,0,0.0,0.0,0.0,0.0,45,0,8076,0,0,4.5
221,Drakes-Thomas,2,15,0,True,2026-08-28T19:00:00Z,1,4,0,0,0,0,0,0,0,0,0,0,0,0,0,0.0,0.0,0.0,0.0,45,-589,8204,399,988,4.5
221,Drakes-Thomas,3,10,0,False,2026-09-05T14:00:00Z,2,3,0,0,0,0,0,0,0,0,0,0,0,0,0,0.0,0.0,0.0,0.0,45,-252,8457,939,1191,4.5
221,Drakes-Thomas,4,12,0,True,2026-09-12T14:00:00Z,2,3,0,0,0,0,0,0,0,0,0,0,0,0,0,0.0,0.0,0.0,0.0,45,-226,8428,850,1076,4.5
221,Drakes-Thomas,5,13,0,False,2026-09-20T13:00:00Z,0,0,0,0,0,0,0,0,0,0,0,0,0,0,0,0.0,0.0,0.0,0.0,45,-630,7788,360,990,4.5
222,Strand Larsen,1,9,1,False,2026-08-22T14:00:00Z,2,0,27,0,0,0,0,0,0,0,0,0,0,0,3,1.0,3.5,17.0,2.2,60,0,50940,0,0,6.0
222,Strand Larsen,2,15,2,True,2026-08-28T19:00:00Z,1,4,62,0,0,0,3,0,0,0,0,0,0,0,13,5.2,0.3,4.0,1.0,60,-6261,50504,1510,7771,6.0
222,Strand Larsen,3,10,1,False,2026-09-05T14:00:00Z,2,3,45,0,0,0,0,0,0,0,0,0,0,0,4,2.4,0.8,0.0,0.3,60,-981,51335,7524,8505,6.0
222,Strand Larsen,4,12,8,True,2026-09-12T14:00:00Z,2,3,83,1,0,0,2,0,0,0,0,0,0,2,39,40.8,12.8,31.0,8.5,60,11360,71789,21000,9640,6.0
222,Strand Larsen,5,13,2,False,2026-09-20T13:00:00Z,0,0,81,0,0,1,0,0,0,0,0,0,0,0,10,13.2,15.1,13.0,4.1,60,4053,69381,15191,11138,6.0
223,Mateta,1,9,2,False,2026-08-22T14:00:00Z,2,0,62,0,0,0,2,0,0,0,0,0,0,0,-3,1.4,12.3,11.0,2.5,65,0,504100,0,0,6.5
223,Mateta,2,15,0,True,2026-08-28T19:00:00Z,1,4,0,0,0,0,0,0,0,0,0,0,0,0,0,0.0,0.0,0.0,0.0,65,-48482,510630,23951,72433,6.5
223,Mateta,3,10,0,False,2026-09-05T14:00:00Z,2,3,0,0,0,0,0,0,0,0,0,0,0,0,0,0.0,0.0,0.0,0.0,64,-269301,236661,1227,270528,6.4
223,Mateta,4,12,0,True,2026-09-12T14:00:00Z,2,3,0,0,0,0,0,0,0,0,0,0,0,0,0,0.0,0.0,0.0,0.0,64,-72649,175573,343,72992,6.4
223,Mateta,5,13,0,False,2026-09-20T13:00:00Z,0,0,0,0,0,0,0,0,0,0,0,0,0,0,0,0.0,0.0,0.0,0.0,63,-29302,148086,232,29534,6.3
224,Nketiah,1,9,1,False,2026-08-22T14:00:00Z,2,0,55,0,0,0,2,0,0,0,0,0,0,0,12,10.4,24.5,23.0,5.8,55,0,43148,0,0,5.5
224,Nketiah,2,15,2,True,2026-08-28T19:00:00Z,1,4,67,0,0,0,3,0,0,0,0,0,0,0,8,2.6,10.6,8.0,2.1,55,-2517,47953,3263,5780,5.5
224,Nketiah,3,10,4,False,2026-09-05T14:00:00Z,2,3,45,0,1,0,2,0,0,0,0,0,0,0,16,21.2,10.7,19.0,5.1,55,3590,55843,11874,8284,5.5
224,Nketiah,4,12,0,True,2026-09-12T14:00:00Z,2,3,0,0,0,0,0,0,0,0,0,0,0,0,0,0.0,0.0,0.0,0.0,55,20214,81943,29818,9604,5.5
224,Nketiah,5,13,1,False,2026-09-20T13:00:00Z,0,0,8,0,0,0,0,0,0,0,0,0,0,0,2,0.0,0.6,0.0,0.0,55,-21953,55856,1026,22979,5.5
225,Uche,1,9,0,False,2026-08-22T14:00:00Z,2,0,0,0,0,0,0,0,0,0,0,0,0,0,0,0.0,0.0,0.0,0.0,50,0,0,0,0,5.0
225,Uche,2,15,0,True,2026-08-28T19:00:00Z,1,4,0,0,0,0,0,0,0,0,0,0,0,0,0,0.0,0.0,0.0,0.0,50,0,0,0,0,5.0
225,Uche,3,10,0,False,2026-09-05T14:00:00Z,2,3,0,0,0,0,0,0,0,0,0,0,0,0,0,0.0,0.0,0.0,0.0,50,0,0,0,0,5.0
225,Uche,4,12,0,True,2026-09-12T14:00:00Z,2,3,0,0,0,0,0,0,0,0,0,0,0,0,0,0.0,0.0,0.0,0.0,50,0,0,0,0,5.0
225,Uche,5,13,0,False,2026-09-20T13:00:00Z,0,0,0,0,0,0,0,0,0,0,0,0,0,0,0,0.0,0.0,0.0,0.0,50,0,0,0,0,5.0
241,McNeil,1,9,2,False,2026-08-22T14:00:00Z,2,0,62,0,0,0,2,0,0,0,0,0,0,0,11,9.6,4.7,2.0,1.6,55,0,15735,0,0,5.5
241,McNeil,2,15,1,True,2026-08-28T19:00:00Z,1,4,22,0,0,0,1,0,0,0,0,0,0,0,2,0.4,0.3,0.0,0.1,55,-1356,16698,472,1828,5.5
241,McNeil,3,10,0,False,2026-09-05T14:00:00Z,2,3,0,0,0,0,0,0,0,0,0,0,0,0,0,0.0,0.0,0.0,0.0,55,-1942,14863,540,2482,5.5
241,McNeil,4,12,0,True,2026-09-12T14:00:00Z,2,3,0,0,0,0,0,0,0,0,0,0,0,0,0,0.0,0.0,0.0,0.0,54,-1350,13782,510,1860,5.4
241,McNeil,5,13,0,False,2026-09-20T13:00:00Z,0,0,0,0,0,0,0,0,0,0,0,0,0,0,0,0.0,0.0,0.0,0.0,54,-1374,12442,185,1559,5.4
555,Matthews,1,9,0,False,2026-08-22T14:00:00Z,2,0,0,0,0,0,0,0,0,0,0,0,0,0,0,0.0,0.0,0.0,0.0,40,0,156141,0,0,4.0
555,Matthews,2,15,0,True,2026-08-28T19:00:00Z,1,4,0,0,0,0,0,0,0,0,0,0,0,0,0,0.0,0.0,0.0,0.0,40,-290,183203,5945,6235,4.0
555,Matthews,3,10,0,False,2026-09-05T14:00:00Z,2,3,0,0,0,0,0,0,0,0,0,0,0,0,0,0.0,0.0,0.0,0.0,40,-1097,188559,7566,8663,4.0
555,Matthews,4,12,0,True,2026-09-12T14:00:00Z,2,3,0,0,0,0,0,0,0,0,0,0,0,0,0,0.0,0.0,0.0,0.0,40,-2537,187175,5212,7749,4.0
555,Matthews,5,13,0,False,2026-09-20T13:00:00Z,0,0,0,0,0,0,0,0,0,0,0,0,0,0,0,0.0,0.0,0.0,0.0,40,-2332,185661,3461,5793,4.0
577,Tomiyasu,1,9,1,False,2026-08-22T14:00:00Z,2,0,18,0,0,0,0,0,0,0,0,0,0,0,3,2.4,2.4,0.0,0.5,45,0,31543,0,0,4.5
577,Tomiyasu,2,15,1,True,2026-08-28T19:00:00Z,1,4,73,0,0,0,3,0,0,0,0,0,0,0,-3,12.6,1.3,2.0,1.6,45,-1838,34647,829,2667,4.5
577,Tomiyasu,3,10,0,False,2026-09-05T14:00:00Z,2,3,0,0,0,0,0,0,0,0,0,0,0,0,0,0.0,0.0,0.0,0.0,45,-2052,33461,1378,3430,4.5
577,Tomiyasu,4,12,0,True,2026-09-12T14:00:00Z,2,3,53,0,0,0,2,0,0,0,0,0,0,0,6,10.2,1.3,4.0,1.6,45,-2574,31339,625,3199,4.5
577,Tomiyasu,5,13,1,False,2026-09-20T13:00:00Z,0,0,45,0,0,0,0,0,0,0,0,0,0,0,4,10.6,10.6,2.0,2.3,44,-2327,29233,497,2824,4.4
588,Khalaili,1,9,1,False,2026-08-22T14:00:00Z,2,0,35,0,0,0,0,0,0,0,0,0,0,0,12,24.0,26.5,4.0,5.5,50,0,8418,0,0,5.0
588,Khalaili,2,15,2,True,2026-08-28T19:00:00Z,1,4,74,0,0,0,3,0,0,0,1,0,0,0,9,26.4,1.5,3.0,3.1,50,-365,10199,462,827,5.0
588,Khalaili,3,10,3,False,2026-09-05T14:00:00Z,2,3,90,0,0,0,2,0,0,0,0,0,0,0,6,21.6,2.3,8.0,3.2,50,2499,13924,4048,1549,5.0
588,Khalaili,4,12,7,True,2026-09-12T14:00:00Z,2,3,90,1,0,0,3,0,0,0,0,0,0,0,4,40.4,16.0,31.0,8.7,50,17022,41054,22369,5347,5.0
588,Khalaili,5,13,6,False,2026-09-20T13:00:00Z,0,0,90,0,0,1,0,0,0,0,0,0,0,0,23,15.8,2.5,2.0,2.0,50,-717,31883,5814,6531,5.0
595,Gozo,1,9,0,False,2026-08-22T14:00:00Z,2,0,0,0,0,0,0,0,0,0,0,0,0,0,0,0.0,0.0,0.0,0.0,50,0,1214,0,0,5.0
595,Gozo,2,15,1,True,2026-08-28T19:00:00Z,1,4,22,0,0,0,1,0,0,0,0,0,0,0,3,1.4,1.3,0.0,0.3,50,-72,1414,101,173,5.0
595,Gozo,3,10,0,False,2026-09-05T14:00:00Z,2,3,0,0,0,0,0,0,0,0,0,0,0,0,0,0.0,0.0,0.0,0.0,50,-66,1444,158,224,5.0
595,Gozo,4,12,1,True,2026-09-12T14:00:00Z,2,3,6,0,0,0,1,0,0,0,0,0,0,0,3,0.0,0.3,0.0,0.0,50,-88,1406,110,198,5.0
595,Gozo,5,13,0,False,2026-09-20T13:00:00Z,0,0,0,0,0,0,0,0,0,0,0,0,0,0,0,0.0,0.0,0.0,0.0,50,-117,1330,81,198,5.0
633,Ahanor,3,10,0,False,2026-09-05T14:00:00Z,2,3,0,0,0,0,0,0,0,0,0,0,0,0,0,0.0,0.0,0.0,0.0,45,185,296,217,32,4.5
633,Ahanor,4,12,3,True,2026-09-12T14:00:00Z,2,3,90,0,0,0,3,0,0,0,0,0,0,0,10,24.6,11.9,4.0,4.1,45,668,1153,848,180,4.5
633,Ahanor,5,13,0,False,2026-09-20T13:00:00Z,0,0,0,0,0,0,0,0,0,0,0,0,0,0,0,0.0,0.0,0.0,0.0,45,470,1692,710,240,4.5
643,Chilwell,3,10,7,False,2026-09-05T14:00:00Z,2,3,16,1,0,0,0,0,0,0,0,0,0,0,20,33.2,0.7,17.0,5.1,45,679,984,763,84,4.5
643,Chilwell,4,12,1,True,2026-09-12T14:00:00Z,2,3,13,0,0,0,1,0,0,0,0,0,0,0,1,0.2,3.5,4.0,0.8,45,32853,62478,38522,5669,4.5
643,Chilwell,5,13,0,False,2026-09-20T13:00:00Z,0,0,0,0,0,0,0,0,0,0,0,0,0,0,0,0.0,0.0,0.0,0.0,45,-6188,50011,3269,9457,4.5
644,Timber,3,10,2,False,2026-09-05T14:00:00Z,2,3,73,0,0,0,2,0,0,0,0,0,0,0,8,4.2,0.2,1.0,0.5,50,556,782,656,100,5.0
644,Timber,4,12,4,True,2026-09-12T14:00:00Z,2,3,90,0,0,0,3,0,0,0,0,0,0,0,24,25.2,4.9,27.0,5.7,50,1293,2570,1757,464,5.0
644,Timber,5,13,3,False,2026-09-20T13:00:00Z,0,0,90,0,0,1,0,0,0,0,0,0,0,0,13,8.4,24.0,6.0,3.8,50,782,3505,1410,628,5.0
647,Osorio,3,10,1,False,2026-09-05T14:00:00Z,2,3,1,0,0,0,0,0,0,0,0,0,0,0,2,2.0,0.3,0.0,0.2,55,411,535,461,50,5.5
647,Osorio,4,12,0,True,2026-09-12T14:00:00Z,2,3,0,0,0,0,0,0,0,0,0,0,0,0,0,0.0,0.0,0.0,0.0,55,263,903,378,115,5.5
647,Osorio,5,13,0,False,2026-09-20T13:00:00Z,0,0,0,0,0,0,0,0,0,0,0,0,0,0,0,0.0,0.0,0.0,0.0,55,-91,833,80,171,5.5
21,Nørgaard,1,8,0,True,2026-08-22T14:00:00Z,2,0,0,0,0,0,0,0,0,0,0,0,0,0,0,0.0,0.0,0.0,0.0,50,0,10920,0,0,5.0
21,Nørgaard,2,3,0,False,2026-08-29T14:00:00Z,1,1,0,0,0,0,0,0,0,0,0,0,0,0,0,0.0,0.0,0.0,0.0,50,-2764,8315,102,2866,5.0
21,Nørgaard,3,16,0,True,2026-09-06T13:00:00Z,2,2,0,0,0,0,0,0,0,0,0,0,0,0,0,0.0,0.0,0.0,0.0,49,-1962,6444,209,2171,4.9
21,Nørgaard,4,19,0,False,2026-09-12T16:30:00Z,0,0,0,0,0,0,0,0,0,0,0,0,0,0,0,0.0,0.0,0.0,0.0,49,-1199,5295,83,1282,4.9
21,Nørgaard,5,12,0,True,2026-09-19T14:00:00Z,1,0,0,0,0,0,0,0,0,0,0,0,0,0,0,0.0,0.0,0.0,0.0,49,-737,4666,46,783,4.9
209,Johnson,1,8,1,True,2026-08-22T14:00:00Z,2,0,6,0,0,0,0,0,0,0,0,0,0,0,3,4.0,0.3,0.0,0.4,60,0,15299,0,0,6.0
209,Johnson,2,3,1,False,2026-08-29T14:00:00Z,1,1,28,0,0,0,0,0,0,0,0,0,0,0,1,1.2,0.0,0.0,0.1,60,-1848,15402,732,2580,6.0
209,Johnson,3,16,1,True,2026-09-06T13:00:00Z,2,2,65,0,0,0,1,0,0,0,1,0,0,0,3,6.6,22.9,9.0,3.9,59,-2691,13119,786,3477,5.9
209,Johnson,4,19,3,False,2026-09-12T16:30:00Z,0,0,74,0,0,1,0,0,0,0,0,0,0,0,13,11.2,29.0,6.0,4.6,59,-1128,12460,1069,2197,5.9
209,Johnson,5,12,3,True,2026-09-19T14:00:00Z,1,0,65,0,0,1,0,0,0,0,0,0,0,0,6,0.0,0.6,10.0,1.0,59,847,13882,2308,1461,5.9
226,Pickford,1,8,7,True,2026-08-22T14:00:00Z,2,0,90,0,0,1,0,0,0,0,0,0,4,0,34,31.8,0.0,0.0,3.2,55,0,698199,0,0,5.5
226,Pickford,2,3,3,False,2026-08-29T14:00:00Z,1,1,90,0,0,0,1,0,0,0,0,0,4,0,22,31.6,0.0,0.0,3.2,55,35349,878157,63539,28190,5.5
226,Pickford,3,16,1,True,2026-09-06T13:00:00Z,2,2,90,0,0,0,2,0,0,0,0,0,1,0,6,9.2,0.0,0.0,0.9,55,-25446,890933,56478,81924,5.5
226,Pickford,4,19,6,False,2026-09-12T16:30:00Z,0,0,90,0,0,1,0,0,0,0,0,0,2,0,25,11.6,0.0,0.0,1.2,55,792,922558,69771,68979,5.5
226,Pickford,5,12,8,True,2026-09-19T14:00:00Z,1,0,90,0,0,1,0,0,0,0,0,0,4,1,34,35.0,0.0,0.0,3.5,55,36703,1016911,77729,41026,5.5
227,Travers,1,8,0,True,2026-08-22T14:00:00Z,2,0,0,0,0,0,0,0,0,0,0,0,0,0,0,0.0,0.0,0.0,0.0,50,0,3019,0,0,5.0
227,Travers,2,3,0,False,2026-08-29T14:00:00Z,1,1,0,0,0,0,0,0,0,0,0,0,0,0,0,0.0,0.0,0.0,0.0,50,-113,3593,290,403,5.0
227,Travers,3,16,0,True,2026-09-06T13:00:00Z,2,2,0,0,0,0,0,0,0,0,0,0,0,0,0,0.0,0.0,0.0,0.0,50,-276,3563,282,558,5.0
227,Travers,4,19,0,False,2026-09-12T16:30:00Z,0,0,0,0,0,0,0,0,0,0,0,0,0,0,0,0.0,0.0,0.0,0.0,50,-29,3798,410,439,5.0
227,Travers,5,12,0,True,2026-09-19T14:00:00Z,1,0,0,0,0,0,0,0,0,0,0,0,0,0,0,0.0,0.0,0.0,0.0,50,114,4152,576,462,5.0
228,King,1,8,0,True,2026-08-22T14:00:00Z,2,0,0,0,0,0,0,0,0,0,0,0,0,0,0,0.0,0.0,0.0,0.0,45,0,3498,0,0,4.5
228,King,2,3,0,False,2026-08-29T14:00:00Z,1,1,0,0,0,0,0,0,0,0,0,0,0,0,0,0.0,0.0,0.0,0.0,45,-136,4235,243,379,4.5
228,King,3,16,0,True,2026-09-06T13:00:00Z,2,2,0,0,0,0,0,0,0,0,0,0,0,0,0,0.0,0.0,0.0,0.0,45,-211,4408,303,514,4.5
228,King,4,19,0,False,2026-09-12T16:30:00Z,0,0,0,0,0,0,0,0,0,0,0,0,0,0,0,0.0,0.0,0.0,0.0,45,-100,4562,278,378,4.5
228,King,5,12,0,True,2026-09-19T14:00:00Z,1,0,0,0,0,0,0,0,0,0,0,0,0,0,0,0.0,0.0,0.0,0.0,45,-53,4710,243,296,4.5
229,Tarkowski,1,8,6,True,2026-08-22T14:00:00Z,2,0,90,0,0,1,0,0,0,0,0,0,0,0,25,15.2,0.8,4.0,2.0,60,0,765229,0,0,6.0
229,Tarkowski,2,3,12,False,2026-08-29T14:00:00Z,1,1,90,1,0,0,1,0,0,0,0,0,0,2,27,54.8,11.3,19.0,8.5,60,5670,861719,42736,37066,6.0
229,Tarkowski,3,16,3,True,2026-09-06T13:00:00Z,2,2,90,0,0,0,2,0,0,0,0,0,0,0,11,24.4,1.0,6.0,3.1,60,126081,1115834,211638,85557,6.0
229,Tarkowski,4,19,8,False,2026-09-12T16:30:00Z,0,0,90,0,0,1,0,0,0,0,0,0,0,2,32,19.2,1.8,0.0,2.1,60,71807,1237976,163569,91762,6.0
229,Tarkowski,5,12,14,True,2026-09-19T14:00:00Z,1,0,90,0,1,1,0,0,0,0,0,0,0,3,43,36.0,10.7,1.0,4.8,61,243664,1610335,292865,49201,6.1
230,Branthwaite,1,8,6,True,2026-08-22T14:00:00Z,2,0,90,0,0,1,0,0,0,0,0,0,0,0,27,18.6,0.8,6.0,2.5,55,0,141420,0,0,5.5
230,Branthwaite,2,3,4,False,2026-08-29T14:00:00Z,1,1,90,0,0,0,1,0,0,0,0,0,0,0,6,22.6,1.5,33.0,5.7,55,10185,183710,19103,8918,5.5
230,Branthwaite,3,16,3,True,2026-09-06T13:00:00Z,2,2,90,0,0,0,2,0,0,0,0,0,0,0,10,41.6,0.6,34.0,7.6,55,-5884,182675,15501,21385,5.5
230,Branthwaite,4,19,6,False,2026-09-12T16:30:00Z,0,0,90,0,0,1,0,0,0,0,0,0,0,0,27,30.0,3.4,0.0,3.3,55,14503,206240,35472,20969,5.5
230,Branthwaite,5,12,8,True,2026-09-19T14:00:00Z,1,0,90,0,0,1,0,0,0,0,0,0,0,0,27,32.6,0.9,0.0,3.4,55,36903,255437,50096,13193,5.5
231,Keane,1,8,0,True,2026-08-22T14:00:00Z,2,0,0,0,0,0,0,0,0,0,0,0,0,0,0,0.0,0.0,0.0,0.0,50,0,151116,0,0,5.0
231,Keane,2,3,0,False,2026-08-29T14:00:00Z,1,1,0,0,0,0,0,0,0,0,0,0,0,0,0,0.0,0.0,0.0,0.0,50,-21625,136213,3260,24885,5.0
231,Keane,3,16,0,True,2026-09-06T13:00:00Z,2,2,0,0,0,0,0,0,0,0,0,0,0,0,0,0.0,0.0,0.0,0.0,49,-30710,105416,2294,33004,4.9
231,Keane,4,19,0,False,2026-09-12T16:30:00Z,0,0,0,0,0,0,0,0,0,0,0,0,0,0,0,0.0,0.0,0.0,0.0,49,-15433,92288,1268,16701,4.9
231,Keane,5,12,0,True,2026-09-19T14:00:00Z,1,0,0,0,0,0,0,0,0,0,0,0,0,0,0,0.0,0.0,0.0,0.0,48,-10126,83228,2083,12209,4.8
232,O'Brien,1,8,0,True,2026-08-22T14:00:00Z,2,0,0,0,0,0,0,0,0,0,0,0,0,0,0,0.0,0.0,0.0,0.0,50,0,44689,0,0,5.0
232,O'Brien,2,3,0,False,2026-08-29T14:00:00Z,1,1,0,0,0,0,0,0,0,0,0,0,0,0,0,0.0,0.0,0.0,0.0,50,-6326,42208,1403,7729,5.0
232,O'Brien,3,16,0,True,2026-09-06T13:00:00Z,2,2,0,0,0,0,0,0,0,0,0,0,0,0,0,0.0,0.0,0.0,0.0,49,-7511,35192,929,8440,4.9
232,O'Brien,4,19,1,False,2026-09-12T16:30:00Z,0,0,15,0,0,0,0,0,0,0,0,0,0,0,2,1.0,0.0,0.0,0.1,49,-3863,31964,666,4529,4.9
232,O'Brien,5,12,1,True,2026-09-19T14:00:00Z,1,0,1,0,0,0,0,0,0,0,0,0,0,0,3,2.0,0.0,0.0,0.2,49,-1516,31104,1257,2773,4.9
233,Mykolenko,1,8,6,True,2026-08-22T14:00:00Z,2,0,90,0,0,1,0,0,0,0,0,0,0,0,27,12.8,13.8,2.0,2.9,45,0,134687,0,0,4.5
233,Mykolenko,2,3,4,False,2026-08-29T14:00:00Z,1,1,90,0,0,0,1,0,0,0,0,0,0,0,7,36.8,1.0,0.0,3.8,45,12714,164056,21784,9070,4.5
233,Mykolenko,3,16,1,True,2026-09-06T13:00:00Z,2,2,90,0,0,0,2,0,0,0,0,0,0,0,8,12.8,2.5,0.0,1.5,45,13864,178705,40120,26256,4.5
233,Mykolenko,4,19,11,False,2026-09-12T16:30:00Z,0,0,90,0,0,1,0,0,0,0,0,0,0,3,38,24.4,11.3,4.0,4.0,45,33677,216365,70682,37005,4.5
233,Mykolenko,5,12,5,True,2026-09-19T14:00:00Z,1,0,90,0,0,1,0,0,0,0,1,0,0,0,29,18.8,7.1,7.0,3.3,45,214484,463207,238606,24122,4.5
234,Patterson,1,8,0,True,2026-08-22T14:00:00Z,2,0,0,0,0,0,0,0,0,0,0,0,0,0,0,0.0,0.0,0.0,0.0,45,0,2948,0,0,4.5
234,Patterson,2,3,0,False,2026-08-29T14:00:00Z,1,1,0,0,0,0,0,0,0,0,0,0,0,0,0,0.0,0.0,0.0,0.0,45,-162,3302,207,369,4.5
234,Patterson,3,16,0,True,2026-09-06T13:00:00Z,2,2,0,0,0,0,0,0,0,0,0,0,0,0,0,0.0,0.0,0.0,0.0,45,-715,2692,164,879,4.5
234,Patterson,4,19,0,False,2026-09-12T16:30:00Z,0,0,0,0,0,0,0,0,0,0,0,0,0,0,0,0.0,0.0,0.0,0.0,45,-744,1949,0,744,4.5
234,Patterson,5,12,0,True,2026-09-19T14:00:00Z,1,0,0,0,0,0,0,0,0,0,0,0,0,0,0,0.0,0.0,0.0,0.0,45,-321,1666,0,321,4.5
235,Aznou,1,8,0,True,2026-08-22T14:00:00Z,2,0,0,0,0,0,0,0,0,0,0,0,0,0,0,0.0,0.0,0.0,0.0,40,0,16732,0,0,4.0
235,Aznou,2,3,0,False,2026-08-29T14:00:00Z,1,1,0,0,0,0,0,0,0,0,0,0,0,0,0,0.0,0.0,0.0,0.0,40,-679,18113,1009,1688,4.0
235,Aznou,3,16,0,True,2026-09-06T13:00:00Z,2,2,0,0,0,0,0,0,0,0,0,0,0,0,0,0.0,0.0,0.0,0.0,40,-3462,14764,719,4181,4.0
235,Aznou,4,19,0,False,2026-09-12T16:30:00Z,0,0,0,0,0,0,0,0,0,0,0,0,0,0,0,0.0,0.0,0.0,0.0,40,-3078,11804,0,3078,4.0
235,Aznou,5,12,0,True,2026-09-19T14:00:00Z,1,0,0,0,0,0,0,0,0,0,0,0,0,0,0,0.0,0.0,0.0,0.0,40,-1647,10301,0,1647,4.0
236,Dewsbury-Hall,1,8,11,True,2026-08-22T14:00:00Z,2,0,90,1,0,1,0,0,0,0,0,0,0,3,40,42.8,28.3,27.0,9.8,65,0,288693,0,0,6.5
236,Dewsbury-Hall,2,3,2,False,2026-08-29T14:00:00Z,1,1,90,0,0,0,1,0,0,0,0,0,0,0,24,19.4,52.3,9.0,8.1,65,105696,473030,132647,26951,6.5
236,Dewsbury-Hall,3,16,2,True,2026-09-06T13:00:00Z,2,2,90,0,0,0,2,0,0,0,0,0,0,0,20,24.0,30.0,33.0,8.7,65,-32072,440536,60861,92933,6.5
236,Dewsbury-Hall,4,19,2,False,2026-09-12T16:30:00Z,0,0,90,0,0,1,0,0,0,0,1,0,0,0,16,15.0,19.0,28.0,6.2,65,41220,497656,141140,99920,6.5
236,Dewsbury-Hall,5,12,3,True,2026-09-19T14:00:00Z,1,0,90,0,0,1,0,0,0,0,0,0,0,0,10,1.6,31.2,28.0,6.1,65,156556,731679,216116,59560,6.5
238,Grealish,1,3,1,True,2026-08-23T13:00:00Z,2,1,8,0,0,0,0,0,0,0,0,0,0,0,2,1.0,0.6,0.0,0.2,65,0,16005,0,0,6.5
238,Grealish,2,8,0,False,2026-08-28T19:00:00Z,1,4,0,0,0,0,0,0,0,0,0,0,0,0,0,0.0,0.0,0.0,0.0,65,-1201,21085,1202,2403,6.5
238,Grealish,3,16,1,True,2026-09-06T13:00:00Z,2,2,24,0,0,0,1,0,0,0,0,0,0,0,8,6.0,12.3,10.0,2.8,65,3989,28839,9521,5532,6.5
238,Grealish,4,19,1,False,2026-09-12T16:30:00Z,0,0,25,0,0,0,0,0,0,0,0,0,0,0,4,3.4,1.2,2.0,0.7,65,9697,42527,16008,6311,6.5
238,Grealish,5,12,3,True,2026-09-19T14:00:00Z,1,0,78,0,0,1,0,0,0,0,0,0,0,0,22,11.2,57.6,8.0,7.7,65,4275,48806,10313,6038,6.5
239,Garner,1,8,1,True,2026-08-22T14:00:00Z,2,0,11,0,0,0,0,0,0,0,0,0,0,0,6,4.8,11.8,2.0,1.9,60,0,11659,0,0,6.0
239,Garner,2,3,1,False,2026-08-29T14:00:00Z,1,1,61,0,0,0,1,0,0,0,1,0,0,0,9,3.4,1.1,0.0,0.5,60,-116,13621,1533,1649,6.0
239,Garner,3,16,2,True,2026-09-06T13:00:00Z,2,2,76,0,0,0,1,0,0,0,0,0,0,0,19,9.6,31.1,0.0,4.1,60,-336,14095,2988,3324,6.0
239,Garner,4,19,4,False,2026-09-12T16:30:00Z,0,0,90,0,0,1,0,0,0,0,1,0,0,0,23,23.6,5.1,7.0,3.6,60,-1024,13037,2679,3703,6.0
239,Garner,5,12,3,True,2026-09-19T14:00:00Z,1,0,90,0,0,1,0,0,0,0,0,0,0,0,14,10.0,19.2,4.0,3.3,60,9028,25087,12252,3224,6.0
242,George,1,8,3,True,2026-08-22T14:00:00Z,2,0,83,0,0,1,0,0,0,0,0,0,0,0,13,7.0,23.4,25.0,5.5,55,0,24527,0,0,5.5
242,George,2,3,2,False,2026-08-29T14:00:00Z,1,1,61,0,0,0,1,0,0,0,0,0,0,0,12,6.0,12.2,16.0,3.4,55,-209,28043,2273,2482,5.5
242,George,3,16,10,True,2026-09-06T13:00:00Z,2,2,90,1,0,0,2,0,0,0,0,0,0,3,35,44.2,34.4,25.0,10.4,55,-3040,25310,1760,4800,5.5
242,George,4,19,3,False,2026-09-12T16:30:00Z,0,0,64,0,0,1,0,0,0,0,0,0,0,0,13,6.4,15.4,5.0,2.7,55,36647,67366,50072,13425,5.5
242,George,5,12,1,True,2026-09-19T14:00:00Z,1,0,11,0,0,0,0,0,0,0,0,0,0,0,4,0.4,0.8,4.0,0.5,55,39603,111866,50560,10957,5.5
243,Alcaraz,1,8,1,True,2026-08-22T14:00:00Z,2,0,1,0,0,0,0,0,0,0,0,0,0,0,7,5.0,0.3,17.0,2.2,50,0,8329,0,0,5.0
243,Alcaraz,2,3,0,False,2026-08-29T14:00:00Z,1,1,4,0,0,0,0,0,0,0,1,0,0,0,-2,0.0,0.5,8.0,0.5,50,-385,9333,753,1138,5.0
243,Alcaraz,3,16,0,True,2026-09-06T13:00:00Z,2,2,0,0,0,0,0,0,0,0,0,0,0,0,0,0.0,0.0,0.0,0.0,50,-1124,8638,815,1939,5.0
243,Alcaraz,4,19,0,False,2026-09-12T16:30:00Z,0,0,0,0,0,0,0,0,0,0,0,0,0,0,0,0.0,0.0,0.0,0.0,49,-731,8215,594,1325,4.9
243,Alcaraz,5,12,0,True,2026-09-19T14:00:00Z,1,0,0,0,0,0,0,0,0,0,0,0,0,0,0,0.0,0.0,0.0,0.0,49,-492,7950,539,1031,4.9
244,Armstrong,1,8,8,True,2026-08-22T14:00:00Z,2,0,90,0,1,1,0,0,0,0,0,0,0,0,25,28.8,14.7,4.0,4.8,50,0,6793,0,0,5.0
244,Armstrong,2,3,2,False,2026-08-29T14:00:00Z,1,1,86,0,0,0,1,0,0,0,0,0,0,0,12,11.2,12.3,0.0,2.4,50,10319,24656,12786,2467,5.0
244,Armstrong,3,16,1,True,2026-09-06T13:00:00Z,2,2,90,0,0,0,2,0,0,0,1,0,0,0,5,5.2,6.7,9.0,2.1,50,12190,41659,21368,9178,5.0
244,Armstrong,4,19,3,False,2026-09-12T16:30:00Z,0,0,90,0,0,1,0,0,0,0,0,0,0,0,6,12.4,4.5,2.0,1.9,50,4105,46365,12956,8851,5.0
244,Armstrong,5,12,2,True,2026-09-19T14:00:00Z,1,0,90,0,0,1,0,0,0,0,1,0,0,0,13,5.0,26.3,4.0,3.5,50,-2908,43182,5950,8858,5.0
245,Dibling,1,8,0,True,2026-08-22T14:00:00Z,2,0,0,0,0,0,0,0,0,0,0,0,0,0,0,0.0,0.0,0.0,0.0,55,0,3592,0,0,5.5
245,Dibling,2,3,0,False,2026-08-29T14:00:00Z,1,1,0,0,0,0,0,0,0,0,0,0,0,0,0,0.0,0.0,0.0,0.0,55,-550,3529,201,751,5.5
245,Dibling,3,16,0,True,2026-09-06T13:00:00Z,2,2,0,0,0,0,0,0,0,0,0,0,0,0,0,0.0,0.0,0.0,0.0,54,-512,3219,356,868,5.4
245,Dibling,4,19,0,False,2026-09-12T16:30:00Z,0,0,0,0,0,0,0,0,0,0,0,0,0,0,0,0.0,0.0,0.0,0.0,54,-295,3002,210,505,5.4
245,Dibling,5,12,1,True,2026-09-19T14:00:00Z,1,0,24,0,0,0,0,0,0,0,0,0,0,0,10,7.2,24.4,26.0,5.8,54,-87,3032,288,375,5.4
246,Röhl,1,8,3,True,2026-08-22T14:00:00Z,2,0,90,0,0,1,0,0,0,0,0,0,0,0,12,13.8,13.0,2.0,2.9,50,0,5179,0,0,5.0
246,Röhl,2,3,2,False,2026-08-29T14:00:00Z,1,1,85,0,0,0,1,0,0,0,0,0,0,0,13,8.4,2.3,0.0,1.1,50,-118,5759,518,636,5.0
246,Röhl,3,16,1,True,2026-09-06T13:00:00Z,2,2,74,0,0,0,1,0,0,0,1,0,0,0,10,4.4,16.8,0.0,2.1,50,-587,5345,580,1167,5.0
246,Röhl,4,19,0,False,2026-09-12T16:30:00Z,0,0,0,0,0,0,0,0,0,0,0,0,0,0,0,0.0,0.0,0.0,0.0,50,-469,5016,572,1041,5.0
246,Röhl,5,12,0,True,2026-09-19T14:00:00Z,1,0,0,0,0,0,0,0,0,0,0,0,0,0,0,0.0,0.0,0.0,0.0,49,-971,4100,285,1256,4.9
247,Hackney,1,8,3,True,2026-08-22T14:00:00Z,2,0,78,0,0,1,0,0,0,0,0,0,0,0,16,8.6,12.2,5.0,2.6,55,0,24410,0,0,5.5
247,Hackney,2,3,1,False,2026-08-29T14:00:00Z,1,1,28,0,0,0,0,0,0,0,0,0,0,0,3,7.8,1.4,2.0,1.1,55,-2358,24628,844,3202,5.5
247,Hackney,3,16,4,True,2026-09-06T13:00:00Z,2,2,15,0,1,0,1,0,0,0,0,0,0,0,14,20.6,25.5,10.0,5.6,55,-3215,21598,499,3714,5.5
247,Hackney,4,19,1,False,2026-09-12T16:30:00Z,0,0,15,0,0,0,0,0,0,0,0,0,0,0,3,3.2,10.8,4.0,1.8,55,-480,21723,1482,1962,5.5
247,Hackney,5,12,1,True,2026-09-19T14:00:00Z,1,0,1,0,0,0,0,0,0,0,0,0,0,0,3,0.2,0.1,0.0,0.0,55,-1236,20687,726,1962,5.5
248,Beto,1,8,1,True,2026-08-22T14:00:00Z,2,0,11,0,0,0,0,0,0,0,0,0,0,0,3,0.0,0.0,2.0,0.2,55,0,249740,0,0,5.5
248,Beto,2,3,1,False,2026-08-29T14:00:00Z,1,1,20,0,0,0,0,0,0,0,0,0,0,0,2,3.0,0.3,3.0,0.6,55,-35102,227543,7709,42811,5.5
248,Beto,3,16,0,True,2026-09-06T13:00:00Z,2,2,0,0,0,0,0,0,0,0,0,0,0,0,0,0.0,0.0,0.0,0.0,54,-73618,153951,8513,82131,5.4
248,Beto,4,19,0,False,2026-09-12T16:30:00Z,0,0,0,0,0,0,0,0,0,0,0,0,0,0,0,0.0,0.0,0.0,0.0,54,-62064,94922,0,62064,5.4
248,Beto,5,12,0,True,2026-09-19T14:00:00Z,1,0,0,0,0,0,0,0,0,0,0,0,0,0,0,0.0,0.0,0.0,0.0,54,-25316,72058,0,25316,5.4
249,Barry,1,8,8,True,2026-08-22T14:00:00Z,2,0,78,1,0,1,0,0,0,0,0,0,0,2,37,38.0,19.0,41.0,9.8,55,0,117327,0,0,5.5
249,Barry,2,3,2,False,2026-08-29T14:00:00Z,1,1,69,0,0,0,1,0,0,0,0,0,0,0,6,10.0,11.7,58.0,8.0,55,127837,352239,150265,22428,5.5
249,Barry,3,16,2,True,2026-09-06T13:00:00Z,2,2,90,0,0,0,2,0,0,0,0,0,0,0,7,0.2,15.0,24.0,3.9,55,104566,501671,195909,91343,5.5
249,Barry,4,19,2,False,2026-09-12T16:30:00Z,0,0,90,0,0,1,0,0,0,0,0,0,0,0,5,3.2,14.0,57.0,7.4,56,153695,666569,273770,120075,5.6
249,Barry,5,12,6,True,2026-09-19T14:00:00Z,1,0,90,1,0,1,0,0,0,0,0,0,0,0,28,34.4,12.3,27.0,7.4,56,177881,908127,262211,84330,5.6
649,Maitland-Niles,3,16,7,True,2026-09-06T13:00:00Z,2,2,13,1,0,0,1,0,0,0,0,0,0,0,13,33.4,0.8,7.0,4.1,45,431,569,559,128,4.5
649,Maitland-Niles,4,19,6,False,2026-09-12T16:30:00Z,0,0,74,0,0,1,0,0,0,0,0,0,0,0,23,10.0,12.0,1.0,2.3,45,14703,30581,18405,3702,4.5
649,Maitland-Niles,5,12,8,True,2026-09-19T14:00:00Z,1,0,90,0,0,1,0,0,0,0,0,0,0,2,39,23.8,26.0,0.0,5.0,45,48006,111542,54068,6062,4.5
654,Graham,3,16,0,True,2026-09-06T13:00:00Z,2,2,0,0,0,0,0,0,0,0,0,0,0,0,0,0.0,0.0,0.0,0.0,45,0,0,0,0,4.5
654,Graham,4,19,0,False,2026-09-12T16:30:00Z,0,0,0,0,0,0,0,0,0,0,0,0,0,0,0,0.0,0.0,0.0,0.0,45,7400,17369,9461,2061,4.5
654,Graham,5,12,0,True,2026-09-19T14:00:00Z,1,0,0,0,0,0,0,0,0,0,0,0,0,0,0,0.0,0.0,0.0,0.0,45,-659,11586,1585,2244,4.5
250,Leno,1,6,2,True,2026-08-24T19:00:00Z,2,3,90,0,0,0,3,0,0,0,0,0,3,0,11,29.6,0.0,0.0,3.0,45,0,272035,0,0,4.5
250,Leno,2,20,3,False,2026-08-30T13:00:00Z,1,0,90,0,0,0,1,0,0,0,0,0,3,0,11,19.2,0.0,0.0,1.9,45,645,300981,12174,11529,4.5
250,Leno,3,8,1,True,2026-09-05T14:00:00Z,2,3,90,0,0,0,3,0,0,0,0,0,2,0,8,18.8,0.0,0.0,1.9,45,14483,339301,41560,27077,4.5
250,Leno,4,14,9,False,2026-09-12T14:00:00Z,0,0,90,0,0,1,0,0,0,0,0,0,3,2,29,25.4,0.0,0.0,2.5,45,-15234,308412,19790,35024,4.5
250,Leno,5,16,3,True,2026-09-20T15:30:00Z,1,1,90,0,0,0,1,0,0,0,0,0,5,0,18,34.6,0.0,0.0,3.5,45,19961,335875,37373,17412,4.5
251,Lecomte,1,6,0,True,2026-08-24T19:00:00Z,2,3,0,0,0,0,0,0,0,0,0,0,0,0,0,0.0,0.0,0.0,0.0,40,0,107540,0,0,4.0
251,Lecomte,2,20,0,False,2026-08-30T13:00:00Z,1,0,0,0,0,0,0,0,0,0,0,0,0,0,0,0.0,0.0,0.0,0.0,40,-2636,117798,1492,4128,4.0
251,Lecomte,3,8,0,True,2026-09-05T14:00:00Z,2,3,0,0,0,0,0,0,0,0,0,0,0,0,0,0.0,0.0,0.0,0.0,40,1599,123475,9450,7851,4.0
251,Lecomte,4,14,0,False,2026-09-12T14:00:00Z,0,0,0,0,0,0,0,0,0,0,0,0,0,0,0,0.0,0.0,0.0,0.0,40,981,123844,8151,7170,4.0
251,Lecomte,5,16,0,True,2026-09-20T15:30:00Z,1,1,0,0,0,0,0,0,0,0,0,0,0,0,0,0.0,0.0,0.0,0.0,40,-651,123460,3635,4286,4.0
252,McNally,1,6,0,True,2026-08-24T19:00:00Z,2,3,0,0,0,0,0,0,0,0,0,0,0,0,0,0.0,0.0,0.0,0.0,40,0,13569,0,0,4.0
252,McNally,2,20,0,False,2026-08-30T13:00:00Z,1,0,0,0,0,0,0,0,0,0,0,0,0,0,0,0.0,0.0,0.0,0.0,40,185,15794,805,620,4.0
252,McNally,3,8,0,True,2026-09-05T14:00:00Z,2,3,0,0,0,0,0,0,0,0,0,0,0,0,0,0.0,0.0,0.0,0.0,40,-805,15288,1784,2589,4.0
252,McNally,4,14,0,False,2026-09-12T14:00:00Z,0,0,0,0,0,0,0,0,0,0,0,0,0,0,0,0.0,0.0,0.0,0.0,40,-1879,13370,0,1879,4.0
252,McNally,5,16,0,True,2026-09-20T15:30:00Z,1,1,0,0,0,0,0,0,0,0,0,0,0,0,0,0.0,0.0,0.0,0.0,40,-908,12542,0,908,4.0
253,Andersen,1,6,0,True,2026-08-24T19:00:00Z,2,3,0,0,0,0,0,0,0,0,0,0,0,0,0,0.0,0.0,0.0,0.0,50,0,3342,0,0,5.0
253,Andersen,2,20,1,False,2026-08-30T13:00:00Z,1,0,90,0,0,0,1,0,0,0,1,0,0,0,4,17.8,12.9,2.0,3.3,50,1684,7735,2314,630,5.0
253,Andersen,3,8,1,True,2026-09-05T14:00:00Z,2,3,90,0,0,0,3,0,0,0,0,0,0,0,8,24.4,22.9,6.0,5.3,50,3704,15474,5842,2138,5.0
253,Andersen,4,14,0,False,2026-09-12T14:00:00Z,0,0,0,0,0,0,0,0,0,0,0,0,0,0,0,0.0,0.0,0.0,0.0,50,-1378,13284,1887,3265,5.0
253,Andersen,5,16,1,True,2026-09-20T15:30:00Z,1,1,10,0,0,0,1,0,0,0,0,0,0,0,0,10.0,0.0,0.0,1.0,50,-246,14092,1831,2077,5.0
254,Robinson,1,6,1,True,2026-08-24T19:00:00Z,2,3,81,0,0,0,3,0,0,0,0,0,0,0,4,21.6,25.2,3.0,5.0,45,0,148513,0,0,4.5
254,Robinson,2,20,2,False,2026-08-30T13:00:00Z,1,0,90,0,0,0,1,0,0,0,0,0,0,0,10,9.8,4.6,0.0,1.4,45,1752,165662,11181,9429,4.5
254,Robinson,3,8,1,True,2026-09-05T14:00:00Z,2,3,78,0,0,0,3,0,0,0,0,0,0,0,7,14.6,24.8,9.0,4.8,45,-2176,173615,15006,17182,4.5
254,Robinson,4,14,6,False,2026-09-12T14:00:00Z,0,0,90,0,0,1,0,0,0,0,0,0,0,0,25,17.6,22.1,6.0,4.6,45,-21356,143996,4729,26085,4.5
254,Robinson,5,16,2,True,2026-09-20T15:30:00Z,1,1,90,0,0,0,1,0,0,0,0,0,0,0,19,30.0,30.0,0.0,6.0,45,290,147666,11569,11279,4.5
255,J.Cuenca,1,6,3,True,2026-08-24T19:00:00Z,2,3,90,0,0,0,3,0,0,0,0,0,0,0,7,32.8,21.3,0.0,5.4,45,0,1787,0,0,4.5
255,J.Cuenca,2,20,0,False,2026-08-30T13:00:00Z,1,0,0,0,0,0,0,0,0,0,0,0,0,0,0,0.0,0.0,0.0,0.0,45,522,3423,781,259,4.5
255,J.Cuenca,3,8,0,True,2026-09-05T14:00:00Z,2,3,0,0,0,0,0,0,0,0,0,0,0,0,0,0.0,0.0,0.0,0.0,45,-183,3459,506,689,4.5
255,J.Cuenca,4,14,0,False,2026-09-12T14:00:00Z,0,0,0,0,0,0,0,0,0,0,0,0,0,0,0,0.0,0.0,0.0,0.0,45,-509,3009,104,613,4.5
255,J.Cuenca,5,16,0,True,2026-09-20T15:30:00Z,1,1,0,0,0,0,0,0,0,0,0,0,0,0,0,0.0,0.0,0.0,0.0,45,-243,2849,89,332,4.5
256,Tete,1,6,0,True,2026-08-24T19:00:00Z,2,3,0,0,0,0,0,0,0,0,0,0,0,0,0,0.0,0.0,0.0,0.0,45,0,24681,0,0,4.5
256,Tete,2,20,0,False,2026-08-30T13:00:00Z,1,0,0,0,0,0,0,0,0,0,0,0,0,0,0,0.0,0.0,0.0,0.0,45,-1723,25956,338,2061,4.5
256,Tete,3,8,0,True,2026-09-05T14:00:00Z,2,3,0,0,0,0,0,0,0,0,0,0,0,0,0,0.0,0.0,0.0,0.0,45,-2586,23617,430,3016,4.5
256,Tete,4,14,0,False,2026-09-12T14:00:00Z,0,0,27,0,0,0,0,0,0,0,1,0,0,0,-1,1.6,0.3,2.0,0.4,44,-2058,21818,237,2295,4.4
256,Tete,5,16,0,True,2026-09-20T15:30:00Z,1,1,0,0,0,0,0,0,0,0,0,0,0,0,0,0.0,0.0,0.0,0.0,44,-1747,20252,326,2073,4.4
257,Bassey,1,6,0,True,2026-08-24T19:00:00Z,2,3,90,0,0,0,3,0,0,0,1,0,0,0,1,13.8,3.8,2.0,2.0,45,0,64737,0,0,4.5
257,Bassey,2,20,2,False,2026-08-30T13:00:00Z,1,0,90,0,0,0,1,0,0,0,0,0,0,0,13,19.4,2.6,0.0,2.2,45,821,75885,6863,6042,4.5
257,Bassey,3,8,1,True,2026-09-05T14:00:00Z,2,3,90,0,0,0,3,0,0,0,0,0,0,0,2,13.8,6.4,0.0,2.0,45,224,79648,8199,7975,4.5
257,Bassey,4,14,6,False,2026-09-12T14:00:00Z,0,0,90,0,0,1,0,0,0,0,0,0,0,0,27,23.4,0.7,21.0,4.5,45,-7922,71722,2294,10216,4.5
257,Bassey,5,16,6,True,2026-09-20T15:30:00Z,1,1,90,0,1,0,1,0,0,0,0,0,0,1,26,26.6,1.8,17.0,4.5,45,-255,72972,3658,3913,4.5
258,Castagne,1,6,6,True,2026-08-24T19:00:00Z,2,3,90,0,2,0,3,0,0,0,1,0,0,0,21,38.0,27.8,23.0,8.9,45,0,26346,0,0,4.5
258,Castagne,2,20,6,False,2026-08-30T13:00:00Z,1,0,67,0,0,1,0,0,0,0,0,0,0,0,18,0.0,0.7,0.0,0.0,45,9481,45933,12096,2615,4.5
258,Castagne,3,8,1,True,2026-09-05T14:00:00Z,2,3,90,0,0,0,3,0,0,0,0,0,0,0,-1,20.6,24.1,30.0,7.5,45,33375,105919,44214,10839,4.5
258,Castagne,4,14,6,False,2026-09-12T14:00:00Z,0,0,71,0,0,1,0,0,0,0,0,0,0,0,23,11.2,0.8,2.0,1.4,45,-11458,83333,6203,17661,4.5
258,Castagne,5,16,1,True,2026-09-20T15:30:00Z,1,1,90,0,0,0,1,0,0,0,1,0,0,0,3,20.6,5.2,2.0,2.8,45,6515,92417,14129,7614,4.5
261,Iwobi,1,6,2,True,2026-08-24T19:00:00Z,2,3,90,0,0,0,3,0,0,0,0,0,0,0,17,12.4,11.3,0.0,2.4,55,0,88413,0,0,5.5
261,Iwobi,2,20,2,False,2026-08-30T13:00:00Z,1,0,90,0,0,0,1,0,0,0,0,0,0,0,20,12.0,35.5,2.0,5.0,55,-3301,95898,6095,9396,5.5
261,Iwobi,3,8,2,True,2026-09-05T14:00:00Z,2,3,82,0,0,0,3,0,0,0,0,0,0,0,15,7.6,23.7,11.0,4.2,55,-9517,88922,7354,16871,5.5
261,Iwobi,4,14,3,False,2026-09-12T14:00:00Z,0,0,76,0,0,1,0,0,0,0,0,0,0,0,15,7.6,33.7,10.0,5.1,54,-14119,75540,2396,16515,5.4
261,Iwobi,5,16,5,True,2026-09-20T15:30:00Z,1,1,70,0,0,1,0,0,0,0,0,0,0,2,27,21.0,63.3,26.0,11.0,54,-6504,70405,3075,9579,5.4
262,Smith Rowe,1,6,0,True,2026-08-24T19:00:00Z,2,3,0,0,0,0,0,0,0,0,0,0,0,0,0,0.0,0.0,0.0,0.0,55,0,35036,0,0,5.5
262,Smith Rowe,2,20,1,False,2026-08-30T13:00:00Z,1,0,14,0,0,0,0,0,0,0,0,0,0,0,5,5.2,22.8,7.0,3.5,55,-3334,36765,1414,4748,5.5
262,Smith Rowe,3,8,1,True,2026-09-05T14:00:00Z,2,3,11,0,0,0,0,0,0,0,0,0,0,0,3,0.2,0.5,2.0,0.3,55,-5101,32334,1425,6526,5.5
262,Smith Rowe,4,14,1,False,2026-09-12T14:00:00Z,0,0,13,0,0,0,0,0,0,0,0,0,0,0,3,1.2,0.5,0.0,0.2,54,-4117,28676,777,4894,5.4
262,Smith Rowe,5,16,0,True,2026-09-20T15:30:00Z,1,1,0,0,0,0,0,0,0,0,0,0,0,0,0,0.0,0.0,0.0,0.0,54,-2909,26201,582,3491,5.4
263,Kevin,1,6,1,True,2026-08-24T19:00:00Z,2,3,17,0,0,0,0,0,0,0,0,0,0,0,2,5.2,1.9,0.0,0.7,55,0,5144,0,0,5.5
263,Kevin,2,20,1,False,2026-08-30T13:00:00Z,1,0,7,0,0,0,0,0,0,0,0,0,0,0,2,0.0,1.5,0.0,0.1,55,-443,5495,419,862,5.5
263,Kevin,3,8,0,True,2026-09-05T14:00:00Z,2,3,0,0,0,0,0,0,0,0,0,0,0,0,0,0.0,0.0,0.0,0.0,54,-789,4945,553,1342,5.4
263,Kevin,4,14,1,False,2026-09-12T14:00:00Z,0,0,18,0,0,0,0,0,0,0,0,0,0,0,4,0.2,3.3,1.0,0.5,54,-826,4241,236,1062,5.4
263,Kevin,5,16,1,True,2026-09-20T15:30:00Z,1,1,19,0,0,0,1,0,0,0,0,0,0,0,6,5.2,0.1,17.0,2.2,53,-75,4353,596,671,5.3
264,Bobb,1,6,2,True,2026-08-24T19:00:00Z,2,3,66,0,0,0,3,0,0,0,0,0,0,0,10,9.8,13.8,6.0,3.0,55,0,26829,0,0,5.5
264,Bobb,2,20,3,False,2026-08-30T13:00:00Z,1,0,67,0,0,1,0,0,0,0,0,0,0,0,8,7.0,12.4,6.0,2.5,55,1523,33606,4520,2997,5.5
264,Bobb,3,8,2,True,2026-09-05T14:00:00Z,2,3,78,0,0,0,3,0,0,0,0,0,0,0,17,11.2,58.8,53.0,12.3,55,-1360,34364,4635,5995,5.5
264,Bobb,4,14,3,False,2026-09-12T14:00:00Z,0,0,62,0,0,1,0,0,0,0,0,0,0,0,12,10.0,30.0,4.0,4.4,55,-4132,30794,2106,6238,5.5
264,Bobb,5,16,3,True,2026-09-20T15:30:00Z,1,1,70,0,0,1,0,0,0,0,0,0,0,0,6,4.0,3.7,8.0,1.6,55,-1134,30671,2742,3876,5.5
265,Berge,1,6,2,True,2026-08-24T19:00:00Z,2,3,72,0,0,0,3,0,0,0,0,0,0,0,14,13.6,23.1,7.0,4.4,50,0,38470,0,0,5.0
265,Berge,2,20,2,False,2026-08-30T13:00:00Z,1,0,82,0,0,0,1,0,0,0,0,0,0,0,14,6.0,27.9,2.0,3.6,50,-1868,38868,1465,3333,5.0
265,Berge,3,8,1,True,2026-09-05T14:00:00Z,2,3,29,0,0,0,1,0,0,0,0,0,0,0,9,3.2,2.9,0.0,0.6,50,-3309,36133,1875,5184,5.0
265,Berge,4,14,3,False,2026-09-12T14:00:00Z,0,0,90,0,0,1,0,0,0,0,0,0,0,0,14,18.6,11.7,6.0,3.6,49,-4295,32007,748,5043,4.9
265,Berge,5,16,3,True,2026-09-20T15:30:00Z,1,1,76,0,0,1,0,0,0,0,0,0,0,0,16,10.0,15.4,7.0,3.2,49,-1553,31167,1643,3196,4.9
266,Cairney,1,6,0,True,2026-08-24T19:00:00Z,2,3,0,0,0,0,0,0,0,0,0,0,0,0,0,0.0,0.0,0.0,0.0,50,0,464,0,0,5.0
266,Cairney,2,20,0,False,2026-08-30T13:00:00Z,1,0,0,0,0,0,0,0,0,0,0,0,0,0,0,0.0,0.0,0.0,0.0,50,-103,379,12,115,5.0
266,Cairney,3,8,0,True,2026-09-05T14:00:00Z,2,3,0,0,0,0,0,0,0,0,0,0,0,0,0,0.0,0.0,0.0,0.0,50,-58,335,24,82,5.0
266,Cairney,4,14,0,False,2026-09-12T14:00:00Z,0,0,0,0,0,0,0,0,0,0,0,0,0,0,0,0.0,0.0,0.0,0.0,50,-3,348,50,53,5.0
266,Cairney,5,16,0,True,2026-09-20T15:30:00Z,1,1,0,0,0,0,0,0,0,0,0,0,0,0,0,0.0,0.0,0.0,0.0,49,-46,305,15,61,4.9
268,King,1,6,7,True,2026-08-24T19:00:00Z,2,3,90,1,0,0,3,0,0,0,0,0,0,0,34,41.6,15.6,41.0,9.8,55,0,14215,0,0,5.5
268,King,2,20,2,False,2026-08-30T13:00:00Z,1,0,90,0,0,0,1,0,0,0,0,0,0,0,8,10.6,4.5,21.0,3.6,55,30519,59498,34683,4164,5.5
268,King,3,8,10,True,2026-09-05T14:00:00Z,2,3,90,1,0,0,3,0,0,0,0,0,0,3,38,44.6,26.0,34.0,10.5,55,9662,76528,23134,13472,5.5
268,King,4,14,3,False,2026-09-12T14:00:00Z,0,0,76,0,0,1,0,0,0,0,0,0,0,0,19,11.4,14.3,37.0,6.3,55,47115,130602,81597,34482,5.5
268,King,5,16,2,True,2026-09-20T15:30:00Z,1,1,79,0,0,1,0,0,0,0,1,0,0,0,10,3.2,6.8,46.0,5.6,55,78271,214660,104721,26450,5.5
269,Sessegnon,1,6,1,True,2026-08-24T19:00:00Z,2,3,17,0,0,0,0,0,0,0,0,0,0,0,7,6.6,0.5,19.0,2.6,45,0,39784,0,0,4.5
269,Sessegnon,2,20,1,False,2026-08-30T13:00:00Z,1,0,22,0,0,0,1,0,0,0,0,0,0,0,3,8.6,11.0,8.0,2.8,45,-2055,41879,959,3014,4.5
269,Sessegnon,3,8,1,True,2026-09-05T14:00:00Z,2,3,11,0,0,0,0,0,0,0,0,0,0,0,3,2.0,14.8,4.0,2.1,45,-3956,37980,887,4843,4.5
269,Sessegnon,4,14,0,False,2026-09-12T14:00:00Z,0,0,0,0,0,0,0,0,0,0,0,0,0,0,0,0.0,0.0,0.0,0.0,44,-4182,34199,369,4551,4.4
269,Sessegnon,5,16,0,True,2026-09-20T15:30:00Z,1,1,0,0,0,0,0,0,0,0,0,0,0,0,0,0.0,0.0,0.0,0.0,44,-5062,29229,228,5290,4.4
270,Reed,1,6,0,True,2026-08-24T19:00:00Z,2,3,0,0,0,0,0,0,0,0,0,0,0,0,0,0.0,0.0,0.0,0.0,45,0,139875,0,0,4.5
270,Reed,2,20,0,False,2026-08-30T13:00:00Z,1,0,0,0,0,0,0,0,0,0,0,0,0,0,0,0.0,0.0,0.0,0.0,45,-8921,141446,5582,14503,4.5
270,Reed,3,8,0,True,2026-09-05T14:00:00Z,2,3,0,0,0,0,0,0,0,0,0,0,0,0,0,0.0,0.0,0.0,0.0,45,-11001,132811,8075,19076,4.5
270,Reed,4,14,0,False,2026-09-12T14:00:00Z,0,0,0,0,0,0,0,0,0,0,0,0,0,0,0,0.0,0.0,0.0,0.0,45,-12381,121271,3620,16001,4.5
270,Reed,5,16,0,True,2026-09-20T15:30:00Z,1,1,0,0,0,0,0,0,0,0,0,0,0,0,0,0.0,0.0,0.0,0.0,44,-430,130240,16215,16645,4.4
271,Muniz,1,6,1,True,2026-08-24T19:00:00Z,2,3,8,0,0,0,0,0,0,0,0,0,0,0,6,6.0,11.5,7.0,2.5,55,0,52452,0,0,5.5
271,Muniz,2,20,0,False,2026-08-30T13:00:00Z,1,0,0,0,0,0,0,0,0,0,0,0,0,0,0,0.0,0.0,0.0,0.0,55,-4078,54718,2812,6890,5.5
271,Muniz,3,8,1,True,2026-09-05T14:00:00Z,2,3,7,0,0,0,0,0,0,0,0,0,0,0,5,3.2,10.1,27.0,4.0,55,-6919,49384,4409,11328,5.5
271,Muniz,4,14,1,False,2026-09-12T14:00:00Z,0,0,13,0,0,0,0,0,0,0,0,0,0,0,4,2.0,0.3,2.0,0.4,54,-4272,46371,3624,7896,5.4
271,Muniz,5,16,0,True,2026-09-20T15:30:00Z,1,1,10,0,0,0,1,0,0,0,1,0,0,0,-1,0.2,0.3,0.0,0.1,54,-2843,44522,3484,6327,5.4
272,Kusi-Asare,1,6,0,True,2026-08-24T19:00:00Z,2,3,0,0,0,0,0,0,0,0,0,0,0,0,0,0.0,0.0,0.0,0.0,45,0,669004,0,0,4.5
272,Kusi-Asare,2,20,0,False,2026-08-30T13:00:00Z,1,0,0,0,0,0,0,0,0,0,0,0,0,0,0,0.0,0.0,0.0,0.0,45,-20589,685336,23688,44277,4.5
272,Kusi-Asare,3,8,0,True,2026-09-05T14:00:00Z,2,3,0,0,0,0,0,0,0,0,0,0,0,0,0,0.0,0.0,0.0,0.0,45,-11359,689011,60586,71945,4.5
272,Kusi-Asare,4,14,0,False,2026-09-12T14:00:00Z,0,0,0,0,0,0,0,0,0,0,0,0,0,0,0,0.0,0.0,0.0,0.0,45,-45728,635399,35011,80739,4.5
272,Kusi-Asare,5,16,0,True,2026-09-20T15:30:00Z,1,1,0,0,0,0,0,0,0,0,0,0,0,0,0,0.0,0.0,0.0,0.0,45,-40658,610960,30186,70844,4.5
569,Gonzalo,1,6,6,True,2026-08-24T19:00:00Z,2,3,90,1,0,0,3,0,0,0,0,0,0,0,33,37.2,4.3,40.0,8.2,60,0,180799,0,0,6.0
569,Gonzalo,2,20,2,False,2026-08-30T13:00:00Z,1,0,90,0,0,0,1,0,0,0,0,0,0,0,2,5.6,2.8,24.0,3.2,60,135011,399587,152218,17207,6.0
569,Gonzalo,3,8,2,True,2026-09-05T14:00:00Z,2,3,90,0,0,0,3,0,0,0,0,0,0,0,10,5.8,14.0,39.0,5.9,60,49426,490355,128611,79185,6.0
569,Gonzalo,4,14,2,False,2026-09-12T14:00:00Z,0,0,76,0,0,1,0,0,0,0,0,0,0,0,5,4.4,10.9,10.0,2.5,60,-70216,405535,38609,108825,6.0
569,Gonzalo,5,16,2,True,2026-09-20T15:30:00Z,1,1,79,0,0,1,0,0,0,0,0,0,0,0,3,0.0,14.8,12.0,2.3,60,-31297,386933,42871,74168,6.0
570,Palacios,1,6,2,True,2026-08-24T19:00:00Z,2,3,72,0,0,0,3,0,0,0,0,0,0,0,10,2.8,7.3,8.0,1.8,55,0,18267,0,0,5.5
570,Palacios,2,20,1,False,2026-08-30T13:00:00Z,1,0,75,0,0,0,1,0,0,0,1,0,0,0,6,3.0,1.3,3.0,0.7,55,-874,20418,910,1784,5.5
570,Palacios,3,8,8,True,2026-09-05T14:00:00Z,2,3,60,1,0,0,2,0,0,0,0,0,0,1,27,33.8,13.7,51.0,9.9,55,-2344,18435,1012,3356,5.5
570,Palacios,4,14,0,False,2026-09-12T14:00:00Z,0,0,0,0,0,0,0,0,0,0,0,0,0,0,0,0.0,0.0,0.0,0.0,55,-683,18348,1449,2132,5.5
570,Palacios,5,16,1,True,2026-09-20T15:30:00Z,1,1,19,0,0,0,1,0,0,0,0,0,0,0,5,5.8,10.3,0.0,1.6,54,-456,18361,1918,2374,5.4
580,Charles,1,6,1,True,2026-08-24T19:00:00Z,2,3,23,0,0,0,0,0,0,0,0,0,0,0,5,3.4,1.3,0.0,0.5,50,0,8110,0,0,5.0
580,Charles,2,20,1,False,2026-08-30T13:00:00Z,1,0,22,0,0,0,1,0,0,0,0,0,0,0,2,0.6,2.8,6.0,0.9,50,-449,8645,359,808,5.0
580,Charles,3,8,2,True,2026-09-05T14:00:00Z,2,3,78,0,0,0,3,0,0,0,0,0,0,0,18,12.4,35.2,8.0,5.6,50,-910,7900,334,1244,5.0
580,Charles,4,14,5,False,2026-09-12T14:00:00Z,0,0,90,0,0,1,0,0,0,0,0,0,0,0,19,29.0,3.4,0.0,3.2,50,-636,7397,295,931,5.0
580,Charles,5,16,4,True,2026-09-20T15:30:00Z,1,1,90,0,0,0,1,0,0,0,0,0,0,0,16,40.0,3.4,0.0,4.3,50,49,7677,742,693,5.0
610,De Fougerolles,1,6,0,True,2026-08-24T19:00:00Z,2,3,0,0,0,0,0,0,0,0,0,0,0,0,0,0.0,0.0,0.0,0.0,40,0,0,0,0,4.0
610,De Fougerolles,2,20,0,False,2026-08-30T13:00:00Z,1,0,0,0,0,0,0,0,0,0,0,0,0,0,0,0.0,0.0,0.0,0.0,40,2577,7950,3051,474,4.0
610,De Fougerolles,3,8,0,True,2026-09-05T14:00:00Z,2,3,0,0,0,0,0,0,0,0,0,0,0,0,0,0.0,0.0,0.0,0.0,40,382,11771,2221,1839,4.0
610,De Fougerolles,4,14,0,False,2026-09-12T14:00:00Z,0,0,0,0,0,0,0,0,0,0,0,0,0,0,0,0.0,0.0,0.0,0.0,40,-750,9207,515,1265,4.0
610,De Fougerolles,5,16,0,True,2026-09-20T15:30:00Z,1,1,0,0,0,0,0,0,0,0,0,0,0,0,0,0.0,0.0,0.0,0.0,40,-1168,7831,0,1168,4.0
626,Zepa,2,20,0,False,2026-08-30T13:00:00Z,1,0,0,0,0,0,0,0,0,0,0,0,0,0,0,0.0,0.0,0.0,0.0,45,0,0,0,0,4.5
626,Zepa,3,8,0,True,2026-09-05T14:00:00Z,2,3,0,0,0,0,0,0,0,0,0,0,0,0,0,0.0,0.0,0.0,0.0,45,17179,40392,22010,4831,4.5
626,Zepa,4,14,0,False,2026-09-12T14:00:00Z,0,0,0,0,0,0,0,0,0,0,0,0,0,0,0,0.0,0.0,0.0,0.0,45,4635,39436,11161,6526,4.5
626,Zepa,5,16,0,True,2026-09-20T15:30:00Z,1,1,0,0,0,0,0,0,0,0,0,0,0,0,0,0.0,0.0,0.0,0.0,45,-3861,32375,996,4857,4.5
635,Larsson,3,8,1,True,2026-09-05T14:00:00Z,2,3,11,0,0,0,0,0,0,0,0,0,0,0,3,3.6,1.3,9.0,1.4,50,261,322,288,27,5.0
635,Larsson,4,14,1,False,2026-09-12T14:00:00Z,0,0,13,0,0,0,0,0,0,0,0,0,0,0,3,0.0,0.5,0.0,0.1,50,185,614,266,81,5.0
635,Larsson,5,16,1,True,2026-09-20T15:30:00Z,1,1,13,0,0,0,1,0,0,0,0,0,0,0,3,3.2,0.1,0.0,0.3,50,66,760,191,125,5.0
636,Ángel,3,8,0,True,2026-09-05T14:00:00Z,2,3,0,0,0,0,0,0,0,0,0,0,0,0,0,0.0,0.0,0.0,0.0,50,106,151,120,14,5.0
636,Ángel,4,14,0,False,2026-09-12T14:00:00Z,0,0,0,0,0,0,0,0,0,0,0,0,0,0,0,0.0,0.0,0.0,0.0,50,79,306,133,54,5.0
636,Ángel,5,16,0,True,2026-09-20T15:30:00Z,1,1,0,0,0,0,0,0,0,0,0,0,0,0,0,0.0,0.0,0.0,0.0,50,10,361,84,74,5.0
650,Affengruber,3,8,0,True,2026-09-05T14:00:00Z,2,3,0,0,0,0,0,0,0,0,0,0,0,0,0,0.0,0.0,0.0,0.0,45,177,317,204,27,4.5
650,Affengruber,4,14,8,False,2026-09-12T14:00:00Z,0,0,90,0,0,1,0,0,0,0,0,0,0,0,23,18.6,3.3,0.0,2.2,45,172,573,274,102,4.5
650,Affengruber,5,16,4,True,2026-09-20T15:30:00Z,1,1,90,0,0,0,1,0,0,0,0,0,0,0,17,32.4,11.3,0.0,4.4,45,1907,2846,2400,493,4.5
240,Iroegbunam,1,8,0,True,2026-08-22T14:00:00Z,2,0,0,0,0,0,0,0,0,0,0,0,0,0,0,0.0,0.0,0.0,0.0,50,0,1417,0,0,5.0
240,Iroegbunam,2,3,1,False,2026-08-29T14:00:00Z,1,1,4,0,0,0,0,0,0,0,0,0,0,0,2,0.0,0.0,0.0,0.0,50,-327,1093,21,348,5.0
240,Iroegbunam,3,2,0,True,2026-09-05T16:30:00Z,0,0,0,0,0,0,0,0,0,0,0,0,0,0,0,0.0,0.0,0.0,0.0,50,122,1385,309,187,5.0
240,Iroegbunam,4,6,0,False,2026-09-12T14:00:00Z,2,2,21,0,0,0,0,0,0,0,1,0,0,0,2,3.0,0.2,0.0,0.3,50,128,1598,334,206,5.0
240,Iroegbunam,5,17,1,False,2026-09-19T14:00:00Z,2,1,45,0,0,0,0,0,0,0,0,0,0,0,6,6.2,11.3,10.0,2.8,50,101,1818,374,273,5.0
273,Phillips,1,16,0,True,2026-08-22T11:30:00Z,2,0,0,0,0,0,0,0,0,0,0,0,0,0,0,0.0,0.0,0.0,0.0,40,0,138196,0,0,4.0
273,Phillips,2,7,0,False,2026-08-29T14:00:00Z,0,1,0,0,0,0,0,0,0,0,0,0,0,0,0,0.0,0.0,0.0,0.0,40,-3979,150763,3115,7094,4.0
273,Phillips,3,2,0,True,2026-09-05T16:30:00Z,0,0,0,0,0,0,0,0,0,0,0,0,0,0,0,0.0,0.0,0.0,0.0,40,-1922,154754,9318,11240,4.0
273,Phillips,4,6,0,False,2026-09-12T14:00:00Z,2,2,0,0,0,0,0,0,0,0,0,0,0,0,0,0.0,0.0,0.0,0.0,40,-1217,154407,8596,9813,4.0
273,Phillips,5,17,0,False,2026-09-19T14:00:00Z,2,1,0,0,0,0,0,0,0,0,0,0,0,0,0,0.0,0.0,0.0,0.0,40,-1640,154014,5096,6736,4.0
274,Butland,1,16,0,True,2026-08-22T11:30:00Z,2,0,0,0,0,0,0,0,0,0,0,0,0,0,0,0.0,0.0,0.0,0.0,45,0,11096,0,0,4.5
274,Butland,2,7,0,False,2026-08-29T14:00:00Z,0,1,0,0,0,0,0,0,0,0,0,0,0,0,0,0.0,0.0,0.0,0.0,45,-1614,9646,124,1738,4.5
274,Butland,3,2,0,True,2026-09-05T16:30:00Z,0,0,0,0,0,0,0,0,0,0,0,0,0,0,0,0.0,0.0,0.0,0.0,45,-1301,8463,166,1467,4.5
274,Butland,4,6,0,False,2026-09-12T14:00:00Z,2,2,0,0,0,0,0,0,0,0,0,0,0,0,0,0.0,0.0,0.0,0.0,45,-669,7924,170,839,4.5
274,Butland,5,17,0,False,2026-09-19T14:00:00Z,2,1,0,0,0,0,0,0,0,0,0,0,0,0,0,0.0,0.0,0.0,0.0,45,-460,7533,109,569,4.5
275,Cartwright,1,16,0,True,2026-08-22T11:30:00Z,2,0,0,0,0,0,0,0,0,0,0,0,0,0,0,0.0,0.0,0.0,0.0,40,0,1022,0,0,4.0
275,Cartwright,2,7,0,False,2026-08-29T14:00:00Z,0,1,0,0,0,0,0,0,0,0,0,0,0,0,0,0.0,0.0,0.0,0.0,40,-111,909,0,111,4.0
275,Cartwright,3,2,0,True,2026-09-05T16:30:00Z,0,0,0,0,0,0,0,0,0,0,0,0,0,0,0,0.0,0.0,0.0,0.0,40,-83,816,0,83,4.0
275,Cartwright,4,6,0,False,2026-09-12T14:00:00Z,2,2,0,0,0,0,0,0,0,0,0,0,0,0,0,0.0,0.0,0.0,0.0,40,-67,751,0,67,4.0
275,Cartwright,5,17,0,False,2026-09-19T14:00:00Z,2,1,0,0,0,0,0,0,0,0,0,0,0,0,0,0.0,0.0,0.0,0.0,40,-41,714,0,41,4.0
276,Lo-Tutala,1,16,0,True,2026-08-22T11:30:00Z,2,0,0,0,0,0,0,0,0,0,0,0,0,0,0,0.0,0.0,0.0,0.0,40,0,3519,0,0,4.0
276,Lo-Tutala,2,7,0,False,2026-08-29T14:00:00Z,0,1,0,0,0,0,0,0,0,0,0,0,0,0,0,0.0,0.0,0.0,0.0,40,-383,3116,0,383,4.0
276,Lo-Tutala,3,2,0,True,2026-09-05T16:30:00Z,0,0,0,0,0,0,0,0,0,0,0,0,0,0,0,0.0,0.0,0.0,0.0,40,-272,2831,0,272,4.0
276,Lo-Tutala,4,6,0,False,2026-09-12T14:00:00Z,2,2,0,0,0,0,0,0,0,0,0,0,0,0,0,0.0,0.0,0.0,0.0,40,-204,2640,0,204,4.0
276,Lo-Tutala,5,17,0,False,2026-09-19T14:00:00Z,2,1,0,0,0,0,0,0,0,0,0,0,0,0,0,0.0,0.0,0.0,0.0,40,-135,2510,0,135,4.0
277,Egan,1,16,8,True,2026-08-22T11:30:00Z,2,0,90,0,0,1,0,0,0,0,0,0,0,0,27,43.4,0.1,2.0,4.6,40,0,134746,0,0,4.0
277,Egan,2,7,9,False,2026-08-29T14:00:00Z,0,1,90,0,0,1,0,0,0,0,0,0,0,1,25,23.8,0.4,0.0,2.4,40,31730,197783,42937,11207,4.0
277,Egan,3,2,6,True,2026-09-05T16:30:00Z,0,0,90,0,0,1,0,0,0,0,0,0,0,0,18,15.4,0.1,0.0,1.6,40,278040,623541,335706,57666,4.0
277,Egan,4,6,2,False,2026-09-12T14:00:00Z,2,2,90,0,0,0,2,0,0,0,1,0,0,0,-1,14.2,0.5,6.0,2.1,41,150184,688208,223735,73551,4.1
277,Egan,5,17,1,False,2026-09-19T14:00:00Z,2,1,77,0,0,0,2,0,0,0,0,0,0,0,2,14.0,0.2,13.0,2.7,41,76284,776181,120781,44497,4.1
278,Hughes,1,16,0,True,2026-08-22T11:30:00Z,2,0,0,0,0,0,0,0,0,0,0,0,0,0,0,0.0,0.0,0.0,0.0,40,0,12660,0,0,4.0
278,Hughes,2,7,0,False,2026-08-29T14:00:00Z,0,1,0,0,0,0,0,0,0,0,0,0,0,0,0,0.0,0.0,0.0,0.0,40,-2221,10606,99,2320,4.0
278,Hughes,3,2,0,True,2026-09-05T16:30:00Z,0,0,0,0,0,0,0,0,0,0,0,0,0,0,0,0.0,0.0,0.0,0.0,40,-1682,9038,138,1820,4.0
278,Hughes,4,6,0,False,2026-09-12T14:00:00Z,2,2,0,0,0,0,0,0,0,0,0,0,0,0,0,0.0,0.0,0.0,0.0,40,-1016,8103,174,1190,4.0
278,Hughes,5,17,0,False,2026-09-19T14:00:00Z,2,1,0,0,0,0,0,0,0,0,0,0,0,0,0,0.0,0.0,0.0,0.0,39,9741,32994,15378,5637,3.9
279,Ajayi,1,16,14,True,2026-08-22T11:30:00Z,2,0,63,1,0,1,0,0,0,0,0,0,0,2,39,44.2,0.2,35.0,7.9,40,0,83256,0,0,4.0
279,Ajayi,2,7,6,False,2026-08-29T14:00:00Z,0,1,90,0,0,1,0,0,0,0,0,0,0,0,24,15.6,0.8,0.0,1.6,40,63813,200860,79406,15593,4.0
279,Ajayi,3,2,5,True,2026-09-05T16:30:00Z,0,0,90,0,0,1,0,0,0,0,1,0,0,0,17,11.0,0.7,0.0,1.2,41,562671,1055220,631920,69249,4.1
279,Ajayi,4,6,1,False,2026-09-12T14:00:00Z,2,2,90,0,0,0,2,0,0,0,0,0,0,0,-6,5.4,1.3,6.0,1.3,42,271450,1350778,349993,78543,4.2
279,Ajayi,5,17,1,False,2026-09-19T14:00:00Z,2,1,90,0,0,0,2,0,0,0,0,0,0,0,5,9.4,1.2,10.0,2.1,42,162949,1547412,250066,87117,4.2
280,Coyle,1,16,6,True,2026-08-22T11:30:00Z,2,0,69,0,0,1,0,0,0,0,0,0,0,0,23,5.8,11.3,0.0,1.7,40,0,59278,0,0,4.0
280,Coyle,2,7,0,False,2026-08-29T14:00:00Z,0,1,45,0,0,0,0,0,0,0,1,0,0,0,2,4.6,0.3,0.0,0.5,40,-2458,62770,2623,5081,4.0
280,Coyle,3,2,6,True,2026-09-05T16:30:00Z,0,0,63,0,0,1,0,0,0,0,0,0,0,0,19,1.4,4.6,0.0,0.6,40,-8654,54378,1532,10186,4.0
280,Coyle,4,6,1,False,2026-09-12T14:00:00Z,2,2,81,0,0,0,2,0,0,0,0,0,0,0,2,5.6,10.9,5.0,2.2,40,5360,65983,9488,4128,4.0
280,Coyle,5,17,1,False,2026-09-19T14:00:00Z,2,1,90,0,0,0,2,0,0,0,0,0,0,0,3,6.6,2.8,6.0,1.5,40,7516,74510,11929,4413,4.0
281,Drameh,1,16,1,True,2026-08-22T11:30:00Z,2,0,20,0,0,0,0,0,0,0,0,0,0,0,4,2.2,0.0,1.0,0.3,40,0,1668,0,0,4.0
281,Drameh,2,7,1,False,2026-08-29T14:00:00Z,0,1,45,0,0,0,0,0,0,0,0,0,0,0,4,4.2,0.4,0.0,0.5,40,695,7175,1108,413,4.0
281,Drameh,3,2,0,True,2026-09-05T16:30:00Z,0,0,0,0,0,0,0,0,0,0,0,0,0,0,0,0.0,0.0,0.0,0.0,40,-663,6824,1010,1673,4.0
281,Drameh,4,6,0,False,2026-09-12T14:00:00Z,2,2,0,0,0,0,0,0,0,0,0,0,0,0,0,0.0,0.0,0.0,0.0,40,-1503,5246,0,1503,4.0
281,Drameh,5,17,0,False,2026-09-19T14:00:00Z,2,1,0,0,0,0,0,0,0,0,0,0,0,0,0,0.0,0.0,0.0,0.0,40,-664,4645,0,664,4.0
282,Giles,1,16,6,True,2026-08-22T11:30:00Z,2,0,84,0,0,1,0,0,0,0,0,0,0,0,24,13.8,18.8,4.0,3.7,40,0,67208,0,0,4.0
282,Giles,2,7,6,False,2026-08-29T14:00:00Z,0,1,90,0,0,1,0,0,0,0,0,0,0,0,21,9.6,15.0,2.0,2.7,40,8701,90479,12892,4191,4.0
282,Giles,3,2,8,True,2026-09-05T16:30:00Z,0,0,90,0,0,1,0,0,0,0,0,0,0,2,30,14.8,26.4,0.0,4.1,40,18469,123114,26812,8343,4.0
282,Giles,4,6,4,False,2026-09-12T14:00:00Z,2,2,90,0,1,0,2,0,0,0,0,0,0,0,20,32.4,33.5,0.0,6.6,40,58990,195043,75912,16922,4.0
282,Giles,5,17,0,False,2026-09-19T14:00:00Z,2,1,90,0,0,0,2,0,0,0,1,0,0,0,-1,12.2,38.8,0.0,5.1,40,118366,326502,141201,22835,4.0
283,Jacob,1,16,0,True,2026-08-22T11:30:00Z,2,0,0,0,0,0,0,0,0,0,0,0,0,0,0,0.0,0.0,0.0,0.0,40,0,1251,0,0,4.0
283,Jacob,2,7,0,False,2026-08-29T14:00:00Z,0,1,0,0,0,0,0,0,0,0,0,0,0,0,0,0.0,0.0,0.0,0.0,40,-171,1177,57,228,4.0
283,Jacob,3,2,0,True,2026-09-05T16:30:00Z,0,0,0,0,0,0,0,0,0,0,0,0,0,0,0,0.0,0.0,0.0,0.0,40,-153,1068,57,210,4.0
283,Jacob,4,6,0,False,2026-09-12T14:00:00Z,2,2,0,0,0,0,0,0,0,0,0,0,0,0,0,0.0,0.0,0.0,0.0,40,-125,927,0,125,4.0
283,Jacob,5,17,0,False,2026-09-19T14:00:00Z,2,1,0,0,0,0,0,0,0,0,0,0,0,0,0,0.0,0.0,0.0,0.0,40,-94,831,0,94,4.0
284,McCarthy,1,16,0,True,2026-08-22T11:30:00Z,2,0,0,0,0,0,0,0,0,0,0,0,0,0,0,0.0,0.0,0.0,0.0,40,0,7616,0,0,4.0
284,McCarthy,2,7,0,False,2026-08-29T14:00:00Z,0,1,0,0,0,0,0,0,0,0,0,0,0,0,0,0.0,0.0,0.0,0.0,40,-284,8232,675,959,4.0
284,McCarthy,3,2,0,True,2026-09-05T16:30:00Z,0,0,0,0,0,0,0,0,0,0,0,0,0,0,0,0.0,0.0,0.0,0.0,40,295,9409,1507,1212,4.0
284,McCarthy,4,6,0,False,2026-09-12T14:00:00Z,2,2,0,0,0,0,0,0,0,0,0,0,0,0,0,0.0,0.0,0.0,0.0,40,-54,9522,986,1040,4.0
284,McCarthy,5,17,0,False,2026-09-19T14:00:00Z,2,1,0,0,0,0,0,0,0,0,0,0,0,0,0,0.0,0.0,0.0,0.0,40,425,10301,1366,941,4.0
285,McNair,1,16,1,True,2026-08-22T11:30:00Z,2,0,26,0,0,0,0,0,0,0,0,0,0,0,3,4.2,0.0,0.0,0.4,40,0,8697,0,0,4.0
285,McNair,2,7,0,False,2026-08-29T14:00:00Z,0,1,0,0,0,0,0,0,0,0,0,0,0,0,0,0.0,0.0,0.0,0.0,40,-44,13083,646,690,4.0
285,McNair,3,2,0,True,2026-09-05T16:30:00Z,0,0,0,0,0,0,0,0,0,0,0,0,0,0,0,0.0,0.0,0.0,0.0,40,-491,13231,1008,1499,4.0
285,McNair,4,6,0,False,2026-09-12T14:00:00Z,2,2,0,0,0,0,0,0,0,0,0,0,0,0,0,0.0,0.0,0.0,0.0,40,-629,12640,574,1203,4.0
285,McNair,5,17,0,False,2026-09-19T14:00:00Z,2,1,0,0,0,0,0,0,0,0,0,0,0,0,0,0.0,0.0,0.0,0.0,40,-192,12664,725,917,4.0
286,Belloumi,1,16,3,True,2026-08-22T11:30:00Z,2,0,90,0,0,1,0,0,0,0,0,0,0,0,8,10.6,2.2,7.0,2.0,50,0,40446,0,0,5.0
286,Belloumi,2,7,6,False,2026-08-29T14:00:00Z,0,1,82,0,1,1,0,0,0,0,0,0,0,0,23,23.2,12.1,11.0,4.6,50,9859,63814,13890,4031,5.0
286,Belloumi,3,2,5,True,2026-09-05T16:30:00Z,0,0,81,0,0,1,0,0,0,0,0,0,0,0,15,22.8,12.4,10.0,4.5,50,16123,88726,26562,10439,5.0
286,Belloumi,4,6,13,False,2026-09-12T14:00:00Z,2,2,59,2,0,0,1,0,0,0,0,0,0,2,43,68.2,11.7,31.0,11.1,50,14908,107667,26566,11658,5.0
286,Belloumi,5,17,4,False,2026-09-19T14:00:00Z,2,1,82,0,1,0,2,0,0,0,1,0,0,0,22,33.0,29.1,41.0,10.3,51,329008,497698,362918,33910,5.1
287,Millar,1,16,0,True,2026-08-22T11:30:00Z,2,0,19,0,0,0,0,0,0,0,1,0,0,0,2,2.0,0.3,2.0,0.4,50,0,6086,0,0,5.0
287,Millar,2,7,6,False,2026-08-29T14:00:00Z,0,1,31,1,0,0,0,0,0,0,0,0,0,0,24,34.0,0.8,13.0,4.8,50,-682,6233,305,987,5.0
287,Millar,3,2,0,True,2026-09-05T16:30:00Z,0,0,0,0,0,0,0,0,0,0,0,0,0,0,0,0.0,0.0,0.0,0.0,50,140,6931,2873,2733,5.0
287,Millar,4,6,0,False,2026-09-12T14:00:00Z,2,2,0,0,0,0,0,0,0,0,0,0,0,0,0,0.0,0.0,0.0,0.0,50,-2492,4292,0,2492,5.0
287,Millar,5,17,0,False,2026-09-19T14:00:00Z,2,1,0,0,0,0,0,0,0,0,0,0,0,0,0,0.0,0.0,0.0,0.0,50,-1008,3415,0,1008,5.0
288,Dowell,1,16,0,True,2026-08-22T11:30:00Z,2,0,0,0,0,0,0,0,0,0,0,0,0,0,0,0.0,0.0,0.0,0.0,45,0,35457,0,0,4.5
288,Dowell,2,7,0,False,2026-08-29T14:00:00Z,0,1,0,0,0,0,0,0,0,0,0,0,0,0,0,0.0,0.0,0.0,0.0,45,-2542,35966,1716,4258,4.5
288,Dowell,3,2,0,True,2026-09-05T16:30:00Z,0,0,0,0,0,0,0,0,0,0,0,0,0,0,0,0.0,0.0,0.0,0.0,45,-165,37923,5767,5932,4.5
288,Dowell,4,6,0,False,2026-09-12T14:00:00Z,2,2,0,0,0,0,0,0,0,0,0,0,0,0,0,0.0,0.0,0.0,0.0,45,-2198,35795,2721,4919,4.5
288,Dowell,5,17,0,False,2026-09-19T14:00:00Z,2,1,0,0,0,0,0,0,0,0,0,0,0,0,0,0.0,0.0,0.0,0.0,45,-2921,33164,1553,4474,4.5
289,Crooks,1,16,2,True,2026-08-22T11:30:00Z,2,0,90,0,0,1,0,0,0,0,1,0,0,0,9,19.0,2.4,0.0,2.1,45,0,57929,0,0,4.5
289,Crooks,2,7,0,False,2026-08-29T14:00:00Z,0,1,0,0,0,0,0,0,0,0,0,0,0,0,0,0.0,0.0,0.0,0.0,45,4451,71261,10141,5690,4.5
289,Crooks,3,2,0,True,2026-09-05T16:30:00Z,0,0,0,0,0,0,0,0,0,0,0,0,0,0,0,0.0,0.0,0.0,0.0,45,-12365,57596,2885,15250,4.5
289,Crooks,4,6,1,False,2026-09-12T14:00:00Z,2,2,68,0,0,0,2,0,0,0,1,0,0,0,2,11.0,0.4,0.0,1.1,45,-6726,52575,2257,8983,4.5
289,Crooks,5,17,0,False,2026-09-19T14:00:00Z,2,1,45,0,0,0,2,0,0,0,1,0,0,0,6,7.8,14.5,0.0,2.2,45,-2230,51411,4076,6306,4.5
290,Slater,1,16,6,True,2026-08-22T11:30:00Z,2,0,90,0,1,1,0,0,0,0,0,0,0,0,20,18.4,19.3,0.0,3.8,45,0,272889,0,0,4.5
290,Slater,2,7,2,False,2026-08-29T14:00:00Z,0,1,90,0,0,1,0,0,0,0,1,0,0,0,6,9.8,2.8,2.0,1.5,45,69997,391444,92371,22374,4.5
290,Slater,3,2,3,True,2026-09-05T16:30:00Z,0,0,90,0,0,1,0,0,0,0,0,0,0,0,10,10.6,12.3,8.0,3.1,45,91326,523606,157568,66242,4.5
290,Slater,4,6,2,False,2026-09-12T14:00:00Z,2,2,90,0,0,0,2,0,0,0,0,0,0,0,22,19.2,26.9,7.0,5.3,45,81497,601956,170308,88811,4.5
290,Slater,5,17,2,False,2026-09-19T14:00:00Z,2,1,77,0,0,0,2,0,0,0,0,0,0,0,9,4.2,23.8,9.0,3.7,45,-886,597244,62686,63572,4.5
291,Matazo,1,16,0,True,2026-08-22T11:30:00Z,2,0,0,0,0,0,0,0,0,0,0,0,0,0,0,0.0,0.0,0.0,0.0,45,0,600,0,0,4.5
291,Matazo,2,7,0,False,2026-08-29T14:00:00Z,0,1,0,0,0,0,0,0,0,0,0,0,0,0,0,0.0,0.0,0.0,0.0,45,-32,625,64,96,4.5
291,Matazo,3,2,0,True,2026-09-05T16:30:00Z,0,0,0,0,0,0,0,0,0,0,0,0,0,0,0,0.0,0.0,0.0,0.0,45,-33,637,103,136,4.5
291,Matazo,4,6,0,False,2026-09-12T14:00:00Z,2,2,0,0,0,0,0,0,0,0,0,0,0,0,0,0.0,0.0,0.0,0.0,45,1,664,117,116,4.5
291,Matazo,5,17,0,False,2026-09-19T14:00:00Z,2,1,0,0,0,0,0,0,0,0,0,0,0,0,0,0.0,0.0,0.0,0.0,45,-23,638,67,90,4.5
292,Ömür,1,16,0,True,2026-08-22T11:30:00Z,2,0,0,0,0,0,0,0,0,0,0,0,0,0,0,0.0,0.0,0.0,0.0,50,0,1546,0,0,5.0
292,Ömür,2,7,0,False,2026-08-29T14:00:00Z,0,1,0,0,0,0,0,0,0,0,0,0,0,0,0,0.0,0.0,0.0,0.0,50,-178,1668,209,387,5.0
292,Ömür,3,2,0,True,2026-09-05T16:30:00Z,0,0,0,0,0,0,0,0,0,0,0,0,0,0,0,0.0,0.0,0.0,0.0,49,-131,1697,323,454,4.9
292,Ömür,4,6,0,False,2026-09-12T14:00:00Z,2,2,0,0,0,0,0,0,0,0,0,0,0,0,0,0.0,0.0,0.0,0.0,49,-30,1763,298,328,4.9
292,Ömür,5,17,0,False,2026-09-19T14:00:00Z,2,1,0,0,0,0,0,0,0,0,0,0,0,0,0,0.0,0.0,0.0,0.0,49,-24,1845,288,312,4.9
293,Kamara,1,16,0,True,2026-08-22T11:30:00Z,2,0,0,0,0,0,0,0,0,0,0,0,0,0,0,0.0,0.0,0.0,0.0,50,0,555,0,0,5.0
293,Kamara,2,7,0,False,2026-08-29T14:00:00Z,0,1,0,0,0,0,0,0,0,0,0,0,0,0,0,0.0,0.0,0.0,0.0,50,-197,353,0,197,5.0
293,Kamara,3,2,0,True,2026-09-05T16:30:00Z,0,0,0,0,0,0,0,0,0,0,0,0,0,0,0,0.0,0.0,0.0,0.0,50,-96,258,0,96,5.0
293,Kamara,4,6,0,False,2026-09-12T14:00:00Z,2,2,0,0,0,0,0,0,0,0,0,0,0,0,0,0.0,0.0,0.0,0.0,50,-47,215,0,47,5.0
293,Kamara,5,17,0,False,2026-09-19T14:00:00Z,2,1,0,0,0,0,0,0,0,0,0,0,0,0,0,0.0,0.0,0.0,0.0,50,-22,193,0,22,5.0
294,Zambrano,1,16,0,True,2026-08-22T11:30:00Z,2,0,0,0,0,0,0,0,0,0,0,0,0,0,0,0.0,0.0,0.0,0.0,45,0,10995,0,0,4.5
294,Zambrano,2,7,0,False,2026-08-29T14:00:00Z,0,1,0,0,0,0,0,0,0,0,0,0,0,0,0,0.0,0.0,0.0,0.0,45,-1658,10090,491,2149,4.5
294,Zambrano,3,2,0,True,2026-09-05T16:30:00Z,0,0,0,0,0,0,0,0,0,0,0,0,0,0,0,0.0,0.0,0.0,0.0,45,-1263,9216,645,1908,4.5
294,Zambrano,4,6,0,False,2026-09-12T14:00:00Z,2,2,0,0,0,0,0,0,0,0,0,0,0,0,0,0.0,0.0,0.0,0.0,45,258,10293,1379,1121,4.5
294,Zambrano,5,17,0,False,2026-09-19T14:00:00Z,2,1,0,0,0,0,0,0,0,0,0,0,0,0,0,0.0,0.0,0.0,0.0,45,63,10217,1214,1151,4.5
295,McBurnie,1,16,5,True,2026-08-22T11:30:00Z,2,0,90,0,1,1,0,0,0,0,0,0,0,0,21,17.2,21.1,52.0,9.0,55,0,113765,0,0,5.5
295,McBurnie,2,7,1,False,2026-08-29T14:00:00Z,0,1,90,0,0,1,0,0,0,0,1,0,0,0,7,0.8,13.3,8.0,2.2,55,66700,219548,82641,15941,5.5
295,McBurnie,3,2,2,True,2026-09-05T16:30:00Z,0,0,90,0,0,1,0,0,0,0,0,0,0,0,2,2.6,11.3,15.0,2.9,55,-9368,211366,40632,50000,5.5
295,McBurnie,4,6,4,False,2026-09-12T14:00:00Z,2,2,81,0,1,0,2,0,0,0,1,0,0,0,17,23.6,10.8,19.0,5.3,55,-18516,198314,22215,40731,5.5
295,McBurnie,5,17,1,False,2026-09-19T14:00:00Z,2,1,90,0,0,0,2,0,0,0,1,0,0,0,5,3.0,12.6,20.0,3.6,55,6823,213941,35498,28675,5.5
296,Akintola,1,16,0,True,2026-08-22T11:30:00Z,2,0,0,0,0,0,0,0,0,0,0,0,0,0,0,0.0,0.0,0.0,0.0,50,0,3400,0,0,5.0
296,Akintola,2,7,0,False,2026-08-29T14:00:00Z,0,1,0,0,0,0,0,0,0,0,0,0,0,0,0,0.0,0.0,0.0,0.0,50,-26,4113,914,940,5.0
296,Akintola,3,2,0,True,2026-09-05T16:30:00Z,0,0,0,0,0,0,0,0,0,0,0,0,0,0,0,0.0,0.0,0.0,0.0,50,-67,4439,1268,1335,5.0
296,Akintola,4,6,0,False,2026-09-12T14:00:00Z,2,2,0,0,0,0,0,0,0,0,0,0,0,0,0,0.0,0.0,0.0,0.0,50,-603,3894,522,1125,5.0
296,Akintola,5,17,0,False,2026-09-19T14:00:00Z,2,1,0,0,0,0,0,0,0,0,0,0,0,0,0,0.0,0.0,0.0,0.0,50,-1213,2690,0,1213,5.0
297,Gyabi,1,16,0,True,2026-08-22T11:30:00Z,2,0,0,0,0,0,0,0,0,0,0,0,0,0,0,0.0,0.0,0.0,0.0,45,0,2774,0,0,4.5
297,Gyabi,2,7,0,False,2026-08-29T14:00:00Z,0,1,0,0,0,0,0,0,0,0,0,0,0,0,0,0.0,0.0,0.0,0.0,45,-462,2377,64,526,4.5
297,Gyabi,3,2,0,True,2026-09-05T16:30:00Z,0,0,0,0,0,0,0,0,0,0,0,0,0,0,0,0.0,0.0,0.0,0.0,45,-302,2158,141,443,4.5
297,Gyabi,4,6,0,False,2026-09-12T14:00:00Z,2,2,0,0,0,0,0,0,0,0,0,0,0,0,0,0.0,0.0,0.0,0.0,45,-159,2036,123,282,4.5
297,Gyabi,5,17,0,False,2026-09-19T14:00:00Z,2,1,0,0,0,0,0,0,0,0,0,0,0,0,0,0.0,0.0,0.0,0.0,45,-156,1875,61,217,4.5
298,Destan,1,16,0,True,2026-08-22T11:30:00Z,2,0,0,0,0,0,0,0,0,0,0,0,0,0,0,0.0,0.0,0.0,0.0,45,0,40958,0,0,4.5
298,Destan,2,7,0,False,2026-08-29T14:00:00Z,0,1,0,0,0,0,0,0,0,0,0,0,0,0,0,0.0,0.0,0.0,0.0,45,-8866,31698,0,8866,4.5
298,Destan,3,2,0,True,2026-09-05T16:30:00Z,0,0,0,0,0,0,0,0,0,0,0,0,0,0,0,0.0,0.0,0.0,0.0,45,-5574,26020,0,5574,4.5
298,Destan,4,6,0,False,2026-09-12T14:00:00Z,2,2,0,0,0,0,0,0,0,0,0,0,0,0,0,0.0,0.0,0.0,0.0,45,-3752,22427,0,3752,4.5
298,Destan,5,17,0,False,2026-09-19T14:00:00Z,2,1,0,0,0,0,0,0,0,0,0,0,0,0,0,0.0,0.0,0.0,0.0,45,-2761,19933,0,2761,4.5
299,Burstow,1,16,0,True,2026-08-22T11:30:00Z,2,0,0,0,0,0,0,0,0,0,0,0,0,0,0,0.0,0.0,0.0,0.0,45,0,6401,0,0,4.5
299,Burstow,2,7,0,False,2026-08-29T14:00:00Z,0,1,0,0,0,0,0,0,0,0,0,0,0,0,0,0.0,0.0,0.0,0.0,45,-1210,5122,0,1210,4.5
299,Burstow,3,2,0,True,2026-09-05T16:30:00Z,0,0,0,0,0,0,0,0,0,0,0,0,0,0,0,0.0,0.0,0.0,0.0,45,-778,4321,0,778,4.5
299,Burstow,4,6,0,False,2026-09-12T14:00:00Z,2,2,0,0,0,0,0,0,0,0,0,0,0,0,0,0.0,0.0,0.0,0.0,45,-497,3872,0,497,4.5
299,Burstow,5,17,0,False,2026-09-19T14:00:00Z,2,1,0,0,0,0,0,0,0,0,0,0,0,0,0,0.0,0.0,0.0,0.0,45,-365,3535,0,365,4.5
340,Gelhardt,1,16,0,True,2026-08-22T11:30:00Z,2,0,0,0,0,0,0,0,0,0,0,0,0,0,0,0.0,0.0,0.0,0.0,50,0,1365,0,0,5.0
340,Gelhardt,2,7,0,False,2026-08-29T14:00:00Z,0,1,0,0,0,0,0,0,0,0,0,0,0,0,0,0.0,0.0,0.0,0.0,50,-243,1160,45,288,5.0
340,Gelhardt,3,2,0,True,2026-09-05T16:30:00Z,0,0,0,0,0,0,0,0,0,0,0,0,0,0,0,0.0,0.0,0.0,0.0,50,-124,1068,99,223,5.0
340,Gelhardt,4,6,0,False,2026-09-12T14:00:00Z,2,2,0,0,0,0,0,0,0,0,0,0,0,0,0,0.0,0.0,0.0,0.0,50,22,1173,185,163,5.0
340,Gelhardt,5,17,1,False,2026-09-19T14:00:00Z,2,1,7,0,0,0,0,0,0,0,0,0,0,0,5,1.6,1.3,12.0,1.5,50,48,1289,281,233,5.0
556,Targett,1,16,1,True,2026-08-22T11:30:00Z,2,0,5,0,0,0,0,0,0,0,0,0,0,0,3,0.4,0.0,0.0,0.0,40,0,218902,0,0,4.0
556,Targett,2,7,0,False,2026-08-29T14:00:00Z,0,1,0,0,0,0,0,0,0,0,0,0,0,0,0,0.0,0.0,0.0,0.0,40,-10048,224749,5393,15441,4.0
556,Targett,3,2,0,True,2026-09-05T16:30:00Z,0,0,0,0,0,0,0,0,0,0,0,0,0,0,0,0.0,0.0,0.0,0.0,40,-12694,218007,10419,23113,4.0
556,Targett,4,6,0,False,2026-09-12T14:00:00Z,2,2,0,0,0,0,0,0,0,0,0,0,0,0,0,0.0,0.0,0.0,0.0,40,-14007,203969,5238,19245,4.0
556,Targett,5,17,0,False,2026-09-19T14:00:00Z,2,1,0,0,0,0,0,0,0,0,0,0,0,0,0,0.0,0.0,0.0,0.0,40,-15803,187250,3674,19477,4.0
563,Morita,1,16,0,True,2026-08-22T11:30:00Z,2,0,0,0,0,0,0,0,0,0,0,0,0,0,0,0.0,0.0,0.0,0.0,50,0,2175,0,0,5.0
563,Morita,2,7,1,False,2026-08-29T14:00:00Z,0,1,45,0,0,0,0,0,0,0,0,0,0,0,6,11.0,13.4,0.0,2.4,50,-210,2129,118,328,5.0
563,Morita,3,2,0,True,2026-09-05T16:30:00Z,0,0,0,0,0,0,0,0,0,0,0,0,0,0,0,0.0,0.0,0.0,0.0,50,104,2482,421,317,5.0
563,Morita,4,6,0,False,2026-09-12T14:00:00Z,2,2,0,0,0,0,0,0,0,0,0,0,0,0,0,0.0,0.0,0.0,0.0,50,-369,2165,141,510,5.0
563,Morita,5,17,0,False,2026-09-19T14:00:00Z,2,1,0,0,0,0,0,0,0,0,0,0,0,0,0,0.0,0.0,0.0,0.0,50,-418,1759,23,441,5.0
572,Tzolakis,1,16,10,True,2026-08-22T11:30:00Z,2,0,90,0,0,1,0,0,0,0,0,0,5,3,41,34.6,0.0,0.0,3.5,45,0,48305,0,0,4.5
572,Tzolakis,2,7,10,False,2026-08-29T14:00:00Z,0,1,90,0,0,1,0,0,0,0,0,0,3,3,32,26.2,0.0,0.0,2.6,45,89555,301344,101970,12415,4.5
572,Tzolakis,3,2,6,True,2026-09-05T16:30:00Z,0,0,90,0,0,1,0,0,0,0,0,0,1,0,25,11.6,0.0,0.0,1.2,46,306909,857252,367782,60873,4.6
572,Tzolakis,4,6,2,False,2026-09-12T14:00:00Z,2,2,90,0,0,0,2,0,0,0,0,0,5,0,15,29.4,0.0,0.0,2.9,46,171110,1074132,238858,67748,4.6
572,Tzolakis,5,17,6,False,2026-09-19T14:00:00Z,2,1,90,0,0,0,2,0,1,0,1,0,3,0,16,48.2,0.0,0.0,4.8,46,108104,1243266,162718,54614,4.6
574,Hjertø-Dahl,1,16,0,True,2026-08-22T11:30:00Z,2,0,0,0,0,0,0,0,0,0,0,0,0,0,0,0.0,0.0,0.0,0.0,50,0,7500,0,0,5.0
574,Hjertø-Dahl,2,7,0,False,2026-08-29T14:00:00Z,0,1,0,0,0,0,0,0,0,0,0,0,0,0,0,0.0,0.0,0.0,0.0,50,-662,7716,307,969,5.0
574,Hjertø-Dahl,3,2,1,True,2026-09-05T16:30:00Z,0,0,8,0,0,0,0,0,0,0,0,0,0,0,4,0.0,0.0,0.0,0.0,50,-1139,6691,321,1460,5.0
574,Hjertø-Dahl,4,6,0,False,2026-09-12T14:00:00Z,2,2,0,0,0,0,0,0,0,0,0,0,0,0,0,0.0,0.0,0.0,0.0,49,-421,6454,444,865,4.9
574,Hjertø-Dahl,5,17,0,False,2026-09-19T14:00:00Z,2,1,0,0,0,0,0,0,0,0,0,0,0,0,0,0.0,0.0,0.0,0.0,49,-537,6046,289,826,4.9
576,Stroud,1,16,3,True,2026-08-22T11:30:00Z,2,0,70,0,0,1,0,0,0,0,0,0,0,0,11,8.4,4.8,0.0,1.3,50,0,6733,0,0,5.0
576,Stroud,2,7,0,False,2026-08-29T14:00:00Z,0,1,58,0,0,0,0,0,0,0,1,0,0,0,-2,0.0,4.3,7.0,0.9,50,833,9465,1430,597,5.0
576,Stroud,3,2,3,True,2026-09-05T16:30:00Z,0,0,62,0,0,1,0,0,0,0,0,0,0,0,5,0.0,11.8,4.0,1.4,50,-916,8900,770,1686,5.0
576,Stroud,4,6,1,False,2026-09-12T14:00:00Z,2,2,59,0,0,0,1,0,0,0,0,0,0,0,3,0.0,1.8,1.0,0.2,50,-410,8779,621,1031,5.0
576,Stroud,5,17,0,False,2026-09-19T14:00:00Z,2,1,0,0,0,0,0,0,0,0,0,0,0,0,0,0.0,0.0,0.0,0.0,50,-208,8823,701,909,5.0
585,Herrington,1,16,1,True,2026-08-22T11:30:00Z,2,0,26,0,0,0,0,0,0,0,0,0,0,0,4,8.0,0.0,0.0,0.8,40,0,53978,0,0,4.0
585,Herrington,2,7,1,False,2026-08-29T14:00:00Z,0,1,31,0,0,0,0,0,0,0,0,0,0,0,3,3.0,0.2,0.0,0.3,40,-831,63919,2771,3602,4.0
585,Herrington,3,2,1,True,2026-09-05T16:30:00Z,0,0,19,0,0,0,0,0,0,0,0,0,0,0,2,6.6,0.1,0.0,0.7,40,-1665,64658,3434,5099,4.0
585,Herrington,4,6,1,False,2026-09-12T14:00:00Z,2,2,31,0,0,0,1,0,0,0,0,0,0,0,-1,1.6,0.4,0.0,0.2,40,-2456,62794,2136,4592,4.0
585,Herrington,5,17,1,False,2026-09-19T14:00:00Z,2,1,90,0,0,0,2,0,0,0,0,0,0,0,11,23.6,22.4,11.0,5.7,40,-136,63742,3458,3594,4.0
586,Mendy,1,16,15,True,2026-08-22T11:30:00Z,2,0,63,1,0,1,0,0,0,0,0,0,0,1,35,51.8,0.6,33.0,8.5,40,0,92688,0,0,4.0
586,Mendy,2,7,1,False,2026-08-29T14:00:00Z,0,1,58,0,0,0,0,0,0,0,0,0,0,0,9,27.6,0.0,7.0,3.5,40,160120,418634,179580,19460,4.0
586,Mendy,3,2,8,True,2026-09-05T16:30:00Z,0,0,70,0,0,1,0,0,0,0,0,0,0,0,22,16.2,0.6,14.0,3.1,40,98035,619201,166798,68763,4.0
586,Mendy,4,6,1,False,2026-09-12T14:00:00Z,2,2,58,0,0,0,1,0,0,0,0,0,0,0,3,12.6,0.2,0.0,1.3,41,246029,895270,316492,70463,4.1
586,Mendy,5,17,0,False,2026-09-19T14:00:00Z,2,1,0,0,0,0,0,0,0,0,0,0,0,0,0,0.0,0.0,0.0,0.0,41,-152875,693276,13422,166297,4.1
589,Gourna-Douath,1,16,0,True,2026-08-22T11:30:00Z,2,0,0,0,0,0,0,0,0,0,0,0,0,0,0,0.0,0.0,0.0,0.0,50,0,2352,0,0,5.0
589,Gourna-Douath,2,7,1,False,2026-08-29T14:00:00Z,0,1,45,0,0,0,0,0,0,0,0,0,0,0,6,12.8,0.9,0.0,1.4,50,-178,2781,135,313,5.0
589,Gourna-Douath,3,2,2,True,2026-09-05T16:30:00Z,0,0,81,0,0,1,0,0,0,0,1,0,0,0,7,13.4,21.6,0.0,3.5,50,-134,2738,213,347,5.0
589,Gourna-Douath,4,6,0,False,2026-09-12T14:00:00Z,2,2,0,0,0,0,0,0,0,0,0,0,0,0,0,0.0,0.0,0.0,0.0,50,-111,2686,172,283,5.0
589,Gourna-Douath,5,17,1,False,2026-09-19T14:00:00Z,2,1,12,0,0,0,0,0,0,0,0,0,0,0,5,3.2,11.0,2.0,1.6,50,-143,2600,149,292,5.0
617,Cho,2,7,1,False,2026-08-29T14:00:00Z,0,1,7,0,0,0,0,0,0,0,0,0,0,0,3,0.4,0.3,0.0,0.1,50,23,49,25,2,5.0
617,Cho,3,2,1,True,2026-09-05T16:30:00Z,0,0,8,0,0,0,0,0,0,0,0,0,0,0,5,3.0,0.0,17.0,2.0,50,482,871,671,189,5.0
617,Cho,4,6,1,False,2026-09-12T14:00:00Z,2,2,30,0,0,0,1,0,0,0,0,0,0,0,3,7.2,18.5,21.0,4.7,50,147,1116,339,192,5.0
617,Cho,5,17,6,False,2026-09-19T14:00:00Z,2,1,27,1,0,0,0,0,0,0,0,0,0,0,25,39.2,25.1,17.0,8.1,50,172,1422,401,229,5.0
632,Ansah,3,2,0,True,2026-09-05T16:30:00Z,0,0,0,0,0,0,0,0,0,0,0,0,0,0,0,0.0,0.0,0.0,0.0,50,2012,2839,2222,210,5.0
632,Ansah,4,6,0,False,2026-09-12T14:00:00Z,2,2,0,0,0,0,0,0,0,0,0,0,0,0,0,0.0,0.0,0.0,0.0,50,1122,4222,2674,1552,5.0
632,Ansah,5,17,0,False,2026-09-19T14:00:00Z,2,1,0,0,0,0,0,0,0,0,0,0,0,0,0,0.0,0.0,0.0,0.0,50,-1167,3032,151,1318,5.0
637,Vaz,3,2,0,True,2026-09-05T16:30:00Z,0,0,0,0,0,0,0,0,0,0,0,0,0,0,0,0.0,0.0,0.0,0.0,50,1405,2077,1607,202,5.0
637,Vaz,4,6,1,False,2026-09-12T14:00:00Z,2,2,8,0,0,0,0,0,0,0,0,0,0,0,3,0.0,0.5,0.0,0.0,50,2411,5168,3312,901,5.0
637,Vaz,5,17,1,False,2026-09-19T14:00:00Z,2,1,12,0,0,0,0,0,0,0,0,0,0,0,5,2.4,11.2,2.0,1.6,50,3868,10422,5586,1718,5.0
638,Norton-Cuffy,3,2,1,True,2026-09-05T16:30:00Z,0,0,26,0,0,0,0,0,0,0,0,0,0,0,3,2.2,0.3,2.0,0.5,40,5681,17629,6454,773,4.0
638,Norton-Cuffy,4,6,0,False,2026-09-12T14:00:00Z,2,2,8,0,0,0,0,0,0,0,1,0,0,0,0,0.0,0.3,7.0,0.7,40,10672,34986,14148,3476,4.0
638,Norton-Cuffy,5,17,0,False,2026-09-19T14:00:00Z,2,1,0,0,0,0,0,0,0,0,0,0,0,0,0,0.0,0.0,0.0,0.0,40,1437,29384,5014,3577,4.0
642,Thomas,3,2,1,True,2026-09-05T16:30:00Z,0,0,27,0,0,0,0,0,0,0,0,0,0,0,5,3.2,10.8,0.0,1.4,55,388,569,446,58,5.5
642,Thomas,4,6,1,False,2026-09-12T14:00:00Z,2,2,30,0,0,0,1,0,0,0,0,0,0,0,6,5.6,14.8,4.0,2.4,55,606,1526,883,277,5.5
642,Thomas,5,17,2,False,2026-09-19T14:00:00Z,2,1,62,0,0,0,2,0,0,0,0,0,0,0,2,0.0,15.3,8.0,2.0,55,761,2637,1275,514,5.5
645,Mouzakitis,3,2,0,True,2026-09-05T16:30:00Z,0,0,0,0,0,0,0,0,0,0,0,0,0,0,0,0.0,0.0,0.0,0.0,50,186,288,210,24,5.0
645,Mouzakitis,4,6,0,False,2026-09-12T14:00:00Z,2,2,0,0,0,0,0,0,0,0,0,0,0,0,0,0.0,0.0,0.0,0.0,50,180,598,270,90,5.0
645,Mouzakitis,5,17,0,False,2026-09-19T14:00:00Z,2,1,0,0,0,0,0,0,0,0,0,0,0,0,0,0.0,0.0,0.0,0.0,50,100,784,212,112,5.0
259,Diop,1,20,2,True,2026-08-22T14:00:00Z,2,1,90,0,0,0,1,0,0,0,0,0,0,0,7,7.2,0.8,2.0,1.0,40,0,1668644,0,0,4.0
259,Diop,2,16,2,False,2026-08-30T15:30:00Z,5,2,90,0,0,0,5,0,0,0,0,0,0,0,7,40.8,0.3,0.0,4.1,40,-44411,1683238,26513,70924,4.0
259,Diop,3,14,3,True,2026-09-04T19:00:00Z,0,2,90,0,0,0,2,0,0,0,0,0,0,0,10,27.2,10.8,0.0,3.8,40,-81636,1603991,43514,125150,4.0
259,Diop,4,8,1,False,2026-09-12T14:00:00Z,2,3,90,0,0,0,2,0,0,0,0,0,0,0,8,15.0,1.8,2.0,1.9,40,-104266,1519556,39336,143602,4.0
259,Diop,5,9,4,False,2026-09-19T14:00:00Z,1,0,90,0,0,0,1,0,0,0,0,0,0,0,13,31.4,10.5,5.0,4.7,40,-93272,1423347,19674,112946,4.0
267,Lukić,1,20,5,True,2026-08-22T14:00:00Z,2,1,90,0,1,0,1,0,0,0,0,0,0,0,22,23.4,14.8,2.0,4.0,50,0,10816,0,0,5.0
267,Lukić,2,16,1,False,2026-08-30T15:30:00Z,5,2,72,0,0,0,4,0,0,0,1,0,0,0,11,17.4,11.9,2.0,3.1,50,-167,12592,1178,1345,5.0
267,Lukić,3,14,2,True,2026-09-04T19:00:00Z,0,2,90,0,0,0,2,0,0,0,0,0,0,0,13,10.4,14.2,0.0,2.5,50,-997,11933,809,1806,5.0
267,Lukić,4,8,1,False,2026-09-12T14:00:00Z,2,3,76,0,0,0,2,0,0,0,1,0,0,0,8,10.2,23.5,2.0,3.6,50,-645,11520,772,1417,5.0
267,Lukić,5,9,2,False,2026-09-19T14:00:00Z,1,0,72,0,0,0,1,0,0,0,0,0,0,0,14,9.6,16.8,0.0,2.6,50,-916,10737,469,1385,5.0
300,Walton,1,20,0,True,2026-08-22T14:00:00Z,2,1,0,0,0,0,0,0,0,0,0,0,0,0,0,0.0,0.0,0.0,0.0,45,0,47085,0,0,4.5
300,Walton,2,16,0,False,2026-08-30T15:30:00Z,5,2,0,0,0,0,0,0,0,0,0,0,0,0,0,0.0,0.0,0.0,0.0,45,-4363,48759,209,4572,4.5
300,Walton,3,14,0,True,2026-09-04T19:00:00Z,0,2,0,0,0,0,0,0,0,0,0,0,0,0,0,0.0,0.0,0.0,0.0,45,-4114,44862,350,4464,4.5
300,Walton,4,8,0,False,2026-09-12T14:00:00Z,2,3,0,0,0,0,0,0,0,0,0,0,0,0,0,0.0,0.0,0.0,0.0,44,-2408,42889,363,2771,4.4
300,Walton,5,9,2,False,2026-09-19T14:00:00Z,1,0,90,0,0,0,1,0,0,0,0,0,1,0,10,12.0,0.0,0.0,1.2,44,-1343,41812,763,2106,4.4
301,Palmer,1,20,0,True,2026-08-22T14:00:00Z,2,1,0,0,0,0,0,0,0,0,0,0,0,0,0,0.0,0.0,0.0,0.0,40,0,426453,0,0,4.0
301,Palmer,2,16,0,False,2026-08-30T15:30:00Z,5,2,0,0,0,0,0,0,0,0,0,0,0,0,0,0.0,0.0,0.0,0.0,40,-9662,442454,7686,17348,4.0
301,Palmer,3,14,0,True,2026-09-04T19:00:00Z,0,2,0,0,0,0,0,0,0,0,0,0,0,0,0,0.0,0.0,0.0,0.0,40,-1187,452044,29680,30867,4.0
301,Palmer,4,8,0,False,2026-09-12T14:00:00Z,2,3,0,0,0,0,0,0,0,0,0,0,0,0,0,0.0,0.0,0.0,0.0,40,-8837,443746,24047,32884,4.0
301,Palmer,5,9,0,False,2026-09-19T14:00:00Z,1,0,0,0,0,0,0,0,0,0,0,0,0,0,0,0.0,0.0,0.0,0.0,40,-10957,432976,9183,20140,4.0
302,Button,1,20,0,True,2026-08-22T14:00:00Z,2,1,0,0,0,0,0,0,0,0,0,0,0,0,0,0.0,0.0,0.0,0.0,40,0,40566,0,0,4.0
302,Button,2,16,0,False,2026-08-30T15:30:00Z,5,2,0,0,0,0,0,0,0,0,0,0,0,0,0,0.0,0.0,0.0,0.0,40,140,44640,1959,1819,4.0
302,Button,3,14,0,True,2026-09-04T19:00:00Z,0,2,0,0,0,0,0,0,0,0,0,0,0,0,0,0.0,0.0,0.0,0.0,40,3716,51311,7597,3881,4.0
302,Button,4,8,0,False,2026-09-12T14:00:00Z,2,3,0,0,0,0,0,0,0,0,0,0,0,0,0,0.0,0.0,0.0,0.0,40,11691,63364,17503,5812,4.0
302,Button,5,9,0,False,2026-09-19T14:00:00Z,1,0,0,0,0,0,0,0,0,0,0,0,0,0,0,0.0,0.0,0.0,0.0,40,611,64291,2951,2340,4.0
303,Kipré,1,20,0,True,2026-08-22T14:00:00Z,2,1,0,0,0,0,0,0,0,0,0,0,0,0,0,0.0,0.0,0.0,0.0,40,0,57775,0,0,4.0
303,Kipré,2,16,0,False,2026-08-30T15:30:00Z,5,2,0,0,0,0,0,0,0,0,0,0,0,0,0,0.0,0.0,0.0,0.0,40,-4615,60443,332,4947,4.0
303,Kipré,3,14,0,True,2026-09-04T19:00:00Z,0,2,0,0,0,0,0,0,0,0,0,0,0,0,0,0.0,0.0,0.0,0.0,40,-4792,56159,632,5424,4.0
303,Kipré,4,8,0,False,2026-09-12T14:00:00Z,2,3,0,0,0,0,0,0,0,0,0,0,0,0,0,0.0,0.0,0.0,0.0,40,-3541,52847,589,4130,4.0
303,Kipré,5,9,0,False,2026-09-19T14:00:00Z,1,0,0,0,0,0,0,0,0,0,0,0,0,0,0,0.0,0.0,0.0,0.0,39,32822,129561,43068,10246,3.9
304,O'Shea,1,20,4,True,2026-08-22T14:00:00Z,2,1,90,0,0,0,1,0,0,0,0,0,0,0,16,48.0,24.5,2.0,7.5,40,0,313565,0,0,4.0
304,O'Shea,2,16,0,False,2026-08-30T15:30:00Z,5,2,90,0,0,0,5,0,0,0,0,0,0,0,-14,0.0,0.8,9.0,0.9,40,1655,338381,15639,13984,4.0
304,O'Shea,3,14,3,True,2026-09-04T19:00:00Z,0,2,90,0,0,0,2,0,0,0,0,0,0,0,5,23.8,4.4,4.0,3.2,40,-15021,330000,22172,37193,4.0
304,O'Shea,4,8,1,False,2026-09-12T14:00:00Z,2,3,90,0,0,0,2,0,0,0,0,0,0,0,5,29.6,30.8,4.0,6.4,40,-22365,317758,18186,40551,4.0
304,O'Shea,5,9,2,False,2026-09-19T14:00:00Z,1,0,90,0,0,0,1,0,0,0,0,0,0,0,12,28.6,10.5,2.0,4.1,40,-14193,302768,7422,21615,4.0
305,Davis,1,20,2,True,2026-08-22T14:00:00Z,2,1,90,0,0,0,1,0,0,0,0,0,0,0,10,15.2,2.3,0.0,1.8,40,0,479363,0,0,4.0
305,Davis,2,16,6,False,2026-08-30T15:30:00Z,5,2,90,1,0,0,5,0,0,0,0,0,0,0,1,47.0,14.7,50.0,11.2,40,-13968,482824,7322,21290,4.0
305,Davis,3,14,1,True,2026-09-04T19:00:00Z,0,2,90,0,0,0,2,0,0,0,0,0,0,0,4,17.4,21.5,19.0,5.8,40,22917,540194,62873,39956,4.0
305,Davis,4,8,14,False,2026-09-12T14:00:00Z,2,3,90,1,2,0,2,0,0,0,0,0,0,1,35,54.8,17.1,39.0,11.1,40,-14896,543743,45631,60527,4.0
305,Davis,5,9,2,False,2026-09-19T14:00:00Z,1,0,90,0,0,0,1,0,0,0,0,0,0,0,2,10.4,6.3,9.0,2.6,40,168534,755615,204377,35843,4.0
306,Greaves,1,20,2,True,2026-08-22T14:00:00Z,2,1,90,0,0,0,1,0,0,0,0,0,0,0,12,16.4,1.3,0.0,1.8,40,0,134129,0,0,4.0
306,Greaves,2,16,-1,False,2026-08-30T15:30:00Z,5,2,90,0,0,0,5,1,0,0,1,0,0,0,-13,18.4,1.3,0.0,2.0,40,-4475,141835,1636,6111,4.0
306,Greaves,3,14,1,True,2026-09-04T19:00:00Z,0,2,90,0,0,0,2,0,0,0,0,0,0,0,6,15.0,12.3,4.0,3.1,40,-8595,134162,2678,11273,4.0
306,Greaves,4,8,1,False,2026-09-12T14:00:00Z,2,3,87,0,0,0,2,0,0,0,0,0,0,0,7,18.8,2.0,0.0,2.1,40,-7666,127747,1996,9662,4.0
306,Greaves,5,9,0,False,2026-09-19T14:00:00Z,1,0,0,0,0,0,0,0,0,0,0,0,0,0,0,0.0,0.0,0.0,0.0,40,-6269,121588,1426,7695,4.0
307,Johnson,1,20,0,True,2026-08-22T14:00:00Z,2,1,0,0,0,0,0,0,0,0,0,0,0,0,0,0.0,0.0,0.0,0.0,40,0,10016,0,0,4.0
307,Johnson,2,16,0,False,2026-08-30T15:30:00Z,5,2,0,0,0,0,0,0,0,0,0,0,0,0,0,0.0,0.0,0.0,0.0,40,-595,10501,427,1022,4.0
307,Johnson,3,14,0,True,2026-09-04T19:00:00Z,0,2,0,0,0,0,0,0,0,0,0,0,0,0,0,0.0,0.0,0.0,0.0,40,-658,10397,710,1368,4.0
307,Johnson,4,8,0,False,2026-09-12T14:00:00Z,2,3,0,0,0,0,0,0,0,0,0,0,0,0,0,0.0,0.0,0.0,0.0,40,-2380,7782,0,2380,4.0
307,Johnson,5,9,0,False,2026-09-19T14:00:00Z,1,0,0,0,0,0,0,0,0,0,0,0,0,0,0,0.0,0.0,0.0,0.0,40,-1177,6704,0,1177,4.0
308,Furlong,1,20,0,True,2026-08-22T14:00:00Z,2,1,0,0,0,0,0,0,0,0,0,0,0,0,0,0.0,0.0,0.0,0.0,40,0,56130,0,0,4.0
308,Furlong,2,16,1,False,2026-08-30T15:30:00Z,5,2,17,0,0,0,1,0,0,0,0,0,0,0,-1,5.0,0.5,0.0,0.6,40,-4147,59266,269,4416,4.0
308,Furlong,3,14,0,True,2026-09-04T19:00:00Z,0,2,0,0,0,0,0,0,0,0,0,0,0,0,0,0.0,0.0,0.0,0.0,40,-3936,55806,612,4548,4.0
308,Furlong,4,8,0,False,2026-09-12T14:00:00Z,2,3,0,0,0,0,0,0,0,0,0,0,0,0,0,0.0,0.0,0.0,0.0,40,-3285,52748,431,3716,4.0
308,Furlong,5,9,0,False,2026-09-19T14:00:00Z,1,0,0,0,0,0,0,0,0,0,0,0,0,0,0,0.0,0.0,0.0,0.0,39,7228,80113,11325,4097,3.9
309,Núñez,1,20,4,True,2026-08-22T14:00:00Z,2,1,79,0,0,0,1,0,0,0,0,0,0,0,26,13.0,7.3,4.0,2.4,50,0,11544,0,0,5.0
309,Núñez,2,16,2,False,2026-08-30T15:30:00Z,5,2,61,0,0,0,3,0,0,0,0,0,0,0,6,11.6,12.1,2.0,2.6,50,-196,14039,1197,1393,5.0
309,Núñez,3,14,0,True,2026-09-04T19:00:00Z,0,2,0,0,0,0,0,0,0,0,0,0,0,0,0,0.0,0.0,0.0,0.0,50,-879,13914,1106,1985,5.0
309,Núñez,4,8,0,False,2026-09-12T14:00:00Z,2,3,0,0,0,0,0,0,0,0,0,0,0,0,0,0.0,0.0,0.0,0.0,50,-1485,12735,377,1862,5.0
309,Núñez,5,9,0,False,2026-09-19T14:00:00Z,1,0,0,0,0,0,0,0,0,0,0,0,0,0,0,0.0,0.0,0.0,0.0,49,-1430,11613,337,1767,4.9
310,Matusiwa,1,20,0,True,2026-08-22T14:00:00Z,2,1,0,0,0,0,0,0,0,0,0,0,0,0,0,0.0,0.0,0.0,0.0,50,0,430,0,0,5.0
310,Matusiwa,2,16,0,False,2026-08-30T15:30:00Z,5,2,0,0,0,0,0,0,0,0,0,0,0,0,0,0.0,0.0,0.0,0.0,50,-104,328,8,112,5.0
310,Matusiwa,3,14,0,True,2026-09-04T19:00:00Z,0,2,0,0,0,0,0,0,0,0,0,0,0,0,0,0.0,0.0,0.0,0.0,50,-55,278,12,67,5.0
310,Matusiwa,4,8,0,False,2026-09-12T14:00:00Z,2,3,0,0,0,0,0,0,0,0,0,0,0,0,0,0.0,0.0,0.0,0.0,49,-6,288,40,46,4.9
310,Matusiwa,5,9,0,False,2026-09-19T14:00:00Z,1,0,0,0,0,0,0,0,0,0,0,0,0,0,0,0.0,0.0,0.0,0.0,49,15,330,51,36,4.9
311,Burns,1,20,0,True,2026-08-22T14:00:00Z,2,1,0,0,0,0,0,0,0,0,0,0,0,0,0,0.0,0.0,0.0,0.0,50,0,562,0,0,5.0
311,Burns,2,16,0,False,2026-08-30T15:30:00Z,5,2,0,0,0,0,0,0,0,0,0,0,0,0,0,0.0,0.0,0.0,0.0,50,-191,366,0,191,5.0
311,Burns,3,14,0,True,2026-09-04T19:00:00Z,0,2,0,0,0,0,0,0,0,0,0,0,0,0,0,0.0,0.0,0.0,0.0,50,-88,278,0,88,5.0
311,Burns,4,8,0,False,2026-09-12T14:00:00Z,2,3,0,0,0,0,0,0,0,0,0,0,0,0,0,0.0,0.0,0.0,0.0,50,-39,242,0,39,5.0
311,Burns,5,9,0,False,2026-09-19T14:00:00Z,1,0,0,0,0,0,0,0,0,0,0,0,0,0,0,0.0,0.0,0.0,0.0,50,-21,223,0,21,5.0
312,Taylor,1,20,0,True,2026-08-22T14:00:00Z,2,1,0,0,0,0,0,0,0,0,0,0,0,0,0,0.0,0.0,0.0,0.0,45,0,4505,0,0,4.5
312,Taylor,2,16,0,False,2026-08-30T15:30:00Z,5,2,0,0,0,0,0,0,0,0,0,0,0,0,0,0.0,0.0,0.0,0.0,45,-772,3887,111,883,4.5
312,Taylor,3,14,0,True,2026-09-04T19:00:00Z,0,2,0,0,0,0,0,0,0,0,0,0,0,0,0,0.0,0.0,0.0,0.0,45,-505,3500,190,695,4.5
312,Taylor,4,8,0,False,2026-09-12T14:00:00Z,2,3,0,0,0,0,0,0,0,0,0,0,0,0,0,0.0,0.0,0.0,0.0,45,-278,3274,176,454,4.5
312,Taylor,5,9,0,False,2026-09-19T14:00:00Z,1,0,0,0,0,0,0,0,0,0,0,0,0,0,0,0.0,0.0,0.0,0.0,45,-250,3061,99,349,4.5
313,Clarke,1,20,7,True,2026-08-22T14:00:00Z,2,1,19,1,0,0,0,0,0,0,0,0,0,1,27,33.6,0.6,18.0,5.2,55,0,24135,0,0,5.5
313,Clarke,2,16,0,False,2026-08-30T15:30:00Z,5,2,0,0,0,0,0,0,0,0,0,0,0,0,0,0.0,0.0,0.0,0.0,55,759,29170,3202,2443,5.5
313,Clarke,3,14,1,True,2026-09-04T19:00:00Z,0,2,24,0,0,0,0,0,0,0,0,0,0,0,3,3.4,11.7,4.0,1.9,55,-4559,24744,1167,5726,5.5
313,Clarke,4,8,1,False,2026-09-12T14:00:00Z,2,3,62,0,0,0,1,0,0,0,1,0,0,0,8,5.0,13.0,21.0,3.9,54,-3254,22006,468,3722,5.4
313,Clarke,5,9,2,False,2026-09-19T14:00:00Z,1,0,65,0,0,0,1,0,0,0,0,0,0,0,10,10.0,30.1,2.0,4.2,54,-2389,19907,514,2903,5.4
314,Ogbene,1,20,0,True,2026-08-22T14:00:00Z,2,1,0,0,0,0,0,0,0,0,0,0,0,0,0,0.0,0.0,0.0,0.0,50,0,1539,0,0,5.0
314,Ogbene,2,16,0,False,2026-08-30T15:30:00Z,5,2,0,0,0,0,0,0,0,0,0,0,0,0,0,0.0,0.0,0.0,0.0,50,-206,1468,37,243,5.0
314,Ogbene,3,14,0,True,2026-09-04T19:00:00Z,0,2,0,0,0,0,0,0,0,0,0,0,0,0,0,0.0,0.0,0.0,0.0,49,-351,1159,67,418,4.9
314,Ogbene,4,8,0,False,2026-09-12T14:00:00Z,2,3,0,0,0,0,0,0,0,0,0,0,0,0,0,0.0,0.0,0.0,0.0,49,-326,837,0,326,4.9
314,Ogbene,5,9,0,False,2026-09-19T14:00:00Z,1,0,0,0,0,0,0,0,0,0,0,0,0,0,0,0.0,0.0,0.0,0.0,49,-155,701,0,155,4.9
315,Fatawu,1,20,2,True,2026-08-22T14:00:00Z,2,1,65,0,0,0,1,0,0,0,0,0,0,0,22,18.6,28.4,8.0,5.5,55,0,21235,0,0,5.5
315,Fatawu,2,16,4,False,2026-08-30T15:30:00Z,5,2,82,0,1,0,5,0,0,0,1,0,0,0,25,26.6,42.3,2.0,7.1,55,-2198,21573,570,2768,5.5
315,Fatawu,3,14,2,True,2026-09-04T19:00:00Z,0,2,78,0,0,0,2,0,0,0,0,0,0,0,14,10.2,32.9,4.0,4.7,55,-849,21660,2126,2975,5.5
315,Fatawu,4,8,1,False,2026-09-12T14:00:00Z,2,3,61,0,0,0,1,0,0,0,1,0,0,0,6,6.2,11.3,6.0,2.4,55,-464,21628,1970,2434,5.5
315,Fatawu,5,9,-1,False,2026-09-19T14:00:00Z,1,0,66,0,0,0,1,0,0,0,0,1,0,0,4,3.2,18.8,21.0,4.3,54,-2031,19671,636,2667,5.4
316,Emersonn,1,20,9,True,2026-08-22T14:00:00Z,2,1,65,1,0,0,1,0,0,0,0,0,0,3,41,45.6,26.3,40.0,11.2,55,0,33590,0,0,5.5
316,Emersonn,2,16,1,False,2026-08-30T15:30:00Z,5,2,45,0,0,0,1,0,0,0,0,0,0,0,7,1.0,11.1,2.0,1.4,55,59997,182058,76807,16810,5.5
316,Emersonn,3,14,2,True,2026-09-04T19:00:00Z,0,2,65,0,0,0,2,0,0,0,0,0,0,0,8,3.2,0.0,8.0,1.1,55,-30504,167319,20740,51244,5.5
316,Emersonn,4,8,12,False,2026-09-12T14:00:00Z,2,3,62,1,1,0,1,0,0,0,0,0,0,3,45,46.6,12.4,33.0,9.2,55,1738,178755,26091,24353,5.5
316,Emersonn,5,9,2,False,2026-09-19T14:00:00Z,1,0,80,0,0,0,1,0,0,0,0,0,0,0,9,2.4,0.6,21.0,2.4,55,133193,360268,160060,26867,5.5
317,Hirst,1,20,0,True,2026-08-22T14:00:00Z,2,1,0,0,0,0,0,0,0,0,0,0,0,0,0,0.0,0.0,0.0,0.0,50,0,25160,0,0,5.0
317,Hirst,2,16,0,False,2026-08-30T15:30:00Z,5,2,0,0,0,0,0,0,0,0,0,0,0,0,0,0.0,0.0,0.0,0.0,50,-8695,16241,0,8695,5.0
317,Hirst,3,14,0,True,2026-09-04T19:00:00Z,0,2,0,0,0,0,0,0,0,0,0,0,0,0,0,0.0,0.0,0.0,0.0,50,-4365,11907,0,4365,5.0
317,Hirst,4,8,0,False,2026-09-12T14:00:00Z,2,3,0,0,0,0,0,0,0,0,0,0,0,0,0,0.0,0.0,0.0,0.0,50,-2172,9936,0,2172,5.0
317,Hirst,5,9,0,False,2026-09-19T14:00:00Z,1,0,0,0,0,0,0,0,0,0,0,0,0,0,0,0.0,0.0,0.0,0.0,50,-1398,8627,0,1398,5.0
318,Philogene,1,20,0,True,2026-08-22T14:00:00Z,2,1,0,0,0,0,0,0,0,0,0,0,0,0,0,0.0,0.0,0.0,0.0,55,0,14821,0,0,5.5
318,Philogene,2,16,0,False,2026-08-30T15:30:00Z,5,2,0,0,0,0,0,0,0,0,0,0,0,0,0,0.0,0.0,0.0,0.0,55,-3822,12592,106,3928,5.5
318,Philogene,3,14,0,True,2026-09-04T19:00:00Z,0,2,0,0,0,0,0,0,0,0,0,0,0,0,0,0.0,0.0,0.0,0.0,54,-3409,9209,41,3450,5.4
318,Philogene,4,8,1,False,2026-09-12T14:00:00Z,2,3,28,0,0,0,1,0,0,0,0,0,0,0,6,3.4,0.8,9.0,1.3,54,-1303,8038,38,1341,5.4
318,Philogene,5,9,1,False,2026-09-19T14:00:00Z,1,0,24,0,0,0,0,0,0,0,0,0,0,0,5,1.4,3.8,4.0,0.9,54,-322,7806,83,405,5.4
319,Szmodics,1,20,0,True,2026-08-22T14:00:00Z,2,1,0,0,0,0,0,0,0,0,0,0,0,0,0,0.0,0.0,0.0,0.0,50,0,1030,0,0,5.0
319,Szmodics,2,16,0,False,2026-08-30T15:30:00Z,5,2,0,0,0,0,0,0,0,0,0,0,0,0,0,0.0,0.0,0.0,0.0,50,-409,615,0,409,5.0
319,Szmodics,3,14,0,True,2026-09-04T19:00:00Z,0,2,0,0,0,0,0,0,0,0,0,0,0,0,0,0.0,0.0,0.0,0.0,50,-191,427,0,191,5.0
319,Szmodics,4,8,0,False,2026-09-12T14:00:00Z,2,3,0,0,0,0,0,0,0,0,0,0,0,0,0,0.0,0.0,0.0,0.0,50,-87,350,0,87,5.0
319,Szmodics,5,9,0,False,2026-09-19T14:00:00Z,1,0,0,0,0,0,0,0,0,0,0,0,0,0,0,0.0,0.0,0.0,0.0,50,-60,295,0,60,5.0
320,Akpom,1,20,1,True,2026-08-22T14:00:00Z,2,1,24,0,0,0,0,0,0,0,0,0,0,0,3,1.4,0.0,2.0,0.3,50,0,47871,0,0,5.0
320,Akpom,2,16,5,False,2026-08-30T15:30:00Z,5,2,45,1,0,0,4,0,0,0,0,0,0,0,30,33.2,1.7,17.0,5.2,50,-1625,52422,4625,6250,5.0
320,Akpom,3,14,0,True,2026-09-04T19:00:00Z,0,2,0,0,0,0,0,0,0,0,0,0,0,0,0,0.0,0.0,0.0,0.0,50,45434,114005,62654,17220,5.0
320,Akpom,4,8,0,False,2026-09-12T14:00:00Z,2,3,0,0,0,0,0,0,0,0,0,0,0,0,0,0.0,0.0,0.0,0.0,50,17117,129479,36471,19354,5.0
320,Akpom,5,9,1,False,2026-09-19T14:00:00Z,1,0,9,0,0,0,0,0,0,0,0,0,0,0,3,0.0,0.8,5.0,0.6,50,597,132823,22206,21609,5.0
321,Walle Egeli,1,20,1,True,2026-08-22T14:00:00Z,2,1,10,0,0,0,0,0,0,0,0,0,0,0,3,0.0,0.1,0.0,0.0,45,0,199675,0,0,4.5
321,Walle Egeli,2,16,0,False,2026-08-30T15:30:00Z,5,2,0,0,0,0,0,0,0,0,0,0,0,0,0,0.0,0.0,0.0,0.0,45,17271,247770,40712,23441,4.5
321,Walle Egeli,3,14,0,True,2026-09-04T19:00:00Z,0,2,0,0,0,0,0,0,0,0,0,0,0,0,0,0.0,0.0,0.0,0.0,45,73544,367243,127698,54154,4.5
321,Walle Egeli,4,8,0,False,2026-09-12T14:00:00Z,2,3,0,0,0,0,0,0,0,0,0,0,0,0,0,0.0,0.0,0.0,0.0,45,24582,372683,82088,57506,4.5
321,Walle Egeli,5,9,0,False,2026-09-19T14:00:00Z,1,0,0,0,0,0,0,0,0,0,0,0,0,0,0,0.0,0.0,0.0,0.0,45,12737,402496,62123,49386,4.5
322,Al-Hamadi,1,20,0,True,2026-08-22T14:00:00Z,2,1,0,0,0,0,0,0,0,0,0,0,0,0,0,0.0,0.0,0.0,0.0,50,0,13332,0,0,5.0
322,Al-Hamadi,2,16,0,False,2026-08-30T15:30:00Z,5,2,0,0,0,0,0,0,0,0,0,0,0,0,0,0.0,0.0,0.0,0.0,50,-2247,12213,755,3002,5.0
322,Al-Hamadi,3,14,0,True,2026-09-04T19:00:00Z,0,2,0,0,0,0,0,0,0,0,0,0,0,0,0,0.0,0.0,0.0,0.0,50,-3877,8170,0,3877,5.0
322,Al-Hamadi,4,8,0,False,2026-09-12T14:00:00Z,2,3,0,0,0,0,0,0,0,0,0,0,0,0,0,0.0,0.0,0.0,0.0,50,-1678,6747,0,1678,5.0
322,Al-Hamadi,5,9,0,False,2026-09-19T14:00:00Z,1,0,0,0,0,0,0,0,0,0,0,0,0,0,0,0.0,0.0,0.0,0.0,50,-988,5776,0,988,5.0
323,McAteer,1,20,1,True,2026-08-22T14:00:00Z,2,1,24,0,0,0,0,0,0,0,0,0,0,0,4,1.2,1.3,0.0,0.3,45,0,130440,0,0,4.5
323,McAteer,2,16,1,False,2026-08-30T15:30:00Z,5,2,7,0,0,0,0,0,0,0,0,0,0,0,3,0.2,0.0,0.0,0.0,45,-5950,133761,5615,11565,4.5
323,McAteer,3,14,1,True,2026-09-04T19:00:00Z,0,2,11,0,0,0,0,0,0,0,0,0,0,0,5,3.2,0.5,7.0,1.1,45,-4340,133131,11626,15966,4.5
323,McAteer,4,8,0,False,2026-09-12T14:00:00Z,2,3,0,0,0,0,0,0,0,0,0,0,0,0,0,0.0,0.0,0.0,0.0,45,-7171,126703,7120,14291,4.5
323,McAteer,5,9,0,False,2026-09-19T14:00:00Z,1,0,0,0,0,0,0,0,0,0,0,0,0,0,0,0.0,0.0,0.0,0.0,45,-11642,114904,2383,14025,4.5
324,Mehmeti,1,20,0,True,2026-08-22T14:00:00Z,2,1,0,0,0,0,0,0,0,0,0,0,0,0,0,0.0,0.0,0.0,0.0,50,0,4850,0,0,5.0
324,Mehmeti,2,16,0,False,2026-08-30T15:30:00Z,5,2,0,0,0,0,0,0,0,0,0,0,0,0,0,0.0,0.0,0.0,0.0,50,-639,4692,47,686,5.0
324,Mehmeti,3,14,0,True,2026-09-04T19:00:00Z,0,2,0,0,0,0,0,0,0,0,0,0,0,0,0,0.0,0.0,0.0,0.0,49,-648,4120,109,757,4.9
324,Mehmeti,4,8,0,False,2026-09-12T14:00:00Z,2,3,0,0,0,0,0,0,0,0,0,0,0,0,0,0.0,0.0,0.0,0.0,49,-456,3735,90,546,4.9
324,Mehmeti,5,9,0,False,2026-09-19T14:00:00Z,1,0,0,0,0,0,0,0,0,0,0,0,0,0,0,0.0,0.0,0.0,0.0,49,-262,3505,80,342,4.9
554,Van Oevelen,1,20,0,True,2026-08-22T14:00:00Z,2,1,0,0,0,0,0,0,0,0,0,0,0,0,0,0.0,0.0,0.0,0.0,45,0,3509,0,0,4.5
554,Van Oevelen,2,16,0,False,2026-08-30T15:30:00Z,5,2,0,0,0,0,0,0,0,0,0,0,0,0,0,0.0,0.0,0.0,0.0,45,-583,3085,54,637,4.5
554,Van Oevelen,3,14,0,True,2026-09-04T19:00:00Z,0,2,0,0,0,0,0,0,0,0,0,0,0,0,0,0.0,0.0,0.0,0.0,45,-698,2365,0,698,4.5
554,Van Oevelen,4,8,0,False,2026-09-12T14:00:00Z,2,3,0,0,0,0,0,0,0,0,0,0,0,0,0,0.0,0.0,0.0,0.0,45,-302,2101,0,302,4.5
554,Van Oevelen,5,9,0,False,2026-09-19T14:00:00Z,1,0,0,0,0,0,0,0,0,0,0,0,0,0,0,0.0,0.0,0.0,0.0,45,-237,1878,0,237,4.5
562,Maeda,1,20,2,True,2026-08-22T14:00:00Z,2,1,79,0,0,0,1,0,0,0,0,0,0,0,7,12.6,1.4,7.0,2.1,55,0,37656,0,0,5.5
562,Maeda,2,16,2,False,2026-08-30T15:30:00Z,5,2,72,0,0,0,4,0,0,0,0,0,0,0,10,8.0,1.4,19.0,2.8,55,-3302,37115,740,4042,5.5
562,Maeda,3,14,2,True,2026-09-04T19:00:00Z,0,2,65,0,0,0,2,0,0,0,0,0,0,0,9,8.2,0.1,17.0,2.5,55,-4936,32352,903,5839,5.5
562,Maeda,4,8,1,False,2026-09-12T14:00:00Z,2,3,27,0,0,0,1,0,0,0,0,0,0,0,1,0.0,2.3,0.0,0.0,54,-3657,29173,861,4518,5.4
562,Maeda,5,9,1,False,2026-09-19T14:00:00Z,1,0,16,0,0,0,0,0,0,0,0,0,0,0,5,2.2,0.3,4.0,0.7,54,-4147,25203,224,4371,5.4
564,Scherpen,1,20,2,True,2026-08-22T14:00:00Z,2,1,90,0,0,0,1,0,0,0,0,0,2,0,12,14.4,0.0,0.0,1.4,45,0,57252,0,0,4.5
564,Scherpen,2,16,2,False,2026-08-30T15:30:00Z,5,2,90,0,0,0,5,0,0,0,0,0,6,0,9,46.4,0.0,0.0,4.6,45,-2247,62701,1329,3576,4.5
564,Scherpen,3,14,2,True,2026-09-04T19:00:00Z,0,2,90,0,0,0,2,0,0,0,0,0,5,0,13,27.8,0.0,0.0,2.8,45,-2758,58738,4399,7157,4.5
564,Scherpen,4,8,1,False,2026-09-12T14:00:00Z,2,3,90,0,0,0,2,0,0,0,0,0,2,0,6,15.0,0.0,0.0,1.5,45,330,63943,5936,5606,4.5
564,Scherpen,5,9,0,False,2026-09-19T14:00:00Z,1,0,0,0,0,0,0,0,0,0,0,0,0,0,0,0.0,0.0,0.0,0.0,45,-1335,63895,2903,4238,4.5
571,Florentino,1,20,0,True,2026-08-22T14:00:00Z,2,1,0,0,0,0,0,0,0,0,0,0,0,0,0,0.0,0.0,0.0,0.0,50,0,12850,0,0,5.0
571,Florentino,2,16,0,False,2026-08-30T15:30:00Z,5,2,0,0,0,0,0,0,0,0,0,0,0,0,0,0.0,0.0,0.0,0.0,50,-1993,11870,214,2207,5.0
571,Florentino,3,14,0,True,2026-09-04T19:00:00Z,0,2,0,0,0,0,0,0,0,0,0,0,0,0,0,0.0,0.0,0.0,0.0,49,-2128,9821,223,2351,4.9
571,Florentino,4,8,1,False,2026-09-12T14:00:00Z,2,3,13,0,0,0,0,0,0,0,0,0,0,0,8,9.0,21.3,2.0,3.2,49,-906,9156,327,1233,4.9
571,Florentino,5,9,1,False,2026-09-19T14:00:00Z,1,0,17,0,0,0,0,0,0,0,0,0,0,0,1,0.0,1.0,0.0,0.0,49,-759,8567,181,940,4.9
591,Enciso,1,20,5,True,2026-08-22T14:00:00Z,2,1,70,0,1,0,1,0,0,0,0,0,0,0,24,21.6,14.0,18.0,5.4,55,0,24595,0,0,5.5
591,Enciso,2,16,5,False,2026-08-30T15:30:00Z,5,2,90,0,1,0,5,0,0,0,0,0,0,0,25,21.8,12.4,21.0,5.5,55,13215,48266,17669,4454,5.5
591,Enciso,3,14,1,True,2026-09-04T19:00:00Z,0,2,90,0,0,0,2,0,0,0,1,0,0,0,16,10.2,22.5,23.0,5.6,55,25086,82553,35897,10811,5.5
591,Enciso,4,8,2,False,2026-09-12T14:00:00Z,2,3,90,0,0,0,2,0,0,0,0,0,0,0,7,2.2,13.8,13.0,2.9,55,12977,96833,28533,15556,5.5
591,Enciso,5,9,2,False,2026-09-19T14:00:00Z,1,0,73,0,0,0,1,0,0,0,0,0,0,0,11,4.4,12.9,25.0,4.2,55,-6004,89625,9464,15468,5.5
592,Ouattara,1,20,1,True,2026-08-22T14:00:00Z,2,1,10,0,0,0,0,0,0,0,0,0,0,0,4,5.2,10.0,0.0,1.5,40,0,86218,0,0,4.0
592,Ouattara,2,16,1,False,2026-08-30T15:30:00Z,5,2,17,0,0,0,1,0,0,0,0,0,0,0,-1,0.6,0.6,0.0,0.1,40,-3097,99458,2769,5866,4.0
592,Ouattara,3,14,1,True,2026-09-04T19:00:00Z,0,2,12,0,0,0,0,0,0,0,0,0,0,0,4,3.6,14.0,0.0,1.8,40,-2760,100578,4401,7161,4.0
592,Ouattara,4,8,1,False,2026-09-12T14:00:00Z,2,3,2,0,0,0,0,0,0,0,0,0,0,0,5,2.2,0.2,0.0,0.2,40,-2585,97893,3046,5631,4.0
592,Ouattara,5,9,2,False,2026-09-19T14:00:00Z,1,0,90,0,0,0,1,0,0,0,0,0,0,0,17,20.0,11.4,9.0,4.0,40,-2909,94948,2569,5478,4.0
602,Humphreys,1,20,0,True,2026-08-22T14:00:00Z,2,1,0,0,0,0,0,0,0,0,0,0,0,0,0,0.0,0.0,0.0,0.0,45,0,0,0,0,4.5
602,Humphreys,2,16,0,False,2026-08-30T15:30:00Z,5,2,0,0,0,0,0,0,0,0,0,0,0,0,0,0.0,0.0,0.0,0.0,45,942,3086,1275,333,4.5
602,Humphreys,3,14,0,True,2026-09-04T19:00:00Z,0,2,0,0,0,0,0,0,0,0,0,0,0,0,0,0.0,0.0,0.0,0.0,45,382,4148,1586,1204,4.5
602,Humphreys,4,8,0,False,2026-09-12T14:00:00Z,2,3,0,0,0,0,0,0,0,0,0,0,0,0,0,0.0,0.0,0.0,0.0,45,-968,2961,0,968,4.5
602,Humphreys,5,9,0,False,2026-09-19T14:00:00Z,1,0,0,0,0,0,0,0,0,0,0,0,0,0,0,0.0,0.0,0.0,0.0,45,-489,2526,0,489,4.5
619,Palacios,2,16,1,False,2026-08-30T15:30:00Z,5,2,28,0,0,0,2,0,0,0,0,0,0,0,11,7.2,12.0,2.0,2.1,50,84,127,89,5,5.0
619,Palacios,3,14,4,True,2026-09-04T19:00:00Z,0,2,77,0,0,0,2,0,0,0,0,0,0,0,24,20.2,22.5,0.0,4.3,50,979,1551,1326,347,5.0
619,Palacios,4,8,4,False,2026-09-12T14:00:00Z,2,3,90,0,0,0,2,0,0,0,0,0,0,0,14,18.0,5.9,2.0,2.6,50,1408,3376,2317,909,5.0
619,Palacios,5,9,2,False,2026-09-19T14:00:00Z,1,0,80,0,0,0,1,0,0,0,0,0,0,0,15,10.0,6.2,0.0,1.6,50,3407,7887,4756,1349,5.0
640,Flemming,3,14,1,True,2026-09-04T19:00:00Z,0,2,24,0,0,0,0,0,0,0,0,0,0,0,4,3.2,0.5,7.0,1.1,55,1528,1904,1761,233,5.5
640,Flemming,4,8,5,False,2026-09-12T14:00:00Z,2,3,27,1,0,0,1,0,0,0,0,0,0,0,32,35.0,1.3,44.0,8.0,55,1835,4207,2524,689,5.5
640,Flemming,5,9,0,False,2026-09-19T14:00:00Z,1,0,9,0,0,0,0,0,0,0,1,0,0,0,-2,0.0,10.3,4.0,1.4,55,2777,7673,4077,1300,5.5
260,Wilson,1,18,3,False,2026-08-22T14:00:00Z,0,1,65,0,0,1,0,0,0,0,0,0,0,0,8,6.2,15.3,4.0,2.6,65,0,577649,0,0,6.5
260,Wilson,2,4,1,True,2026-08-30T13:00:00Z,1,1,45,0,0,0,0,0,0,0,0,0,0,0,7,8.4,12.1,6.0,2.7,65,-42839,557212,14929,57768,6.5
260,Wilson,3,5,0,False,2026-09-05T14:00:00Z,1,1,17,0,0,0,0,0,0,0,1,0,0,0,0,1.4,20.3,2.0,2.4,64,-148278,401861,7327,155605,6.4
260,Wilson,4,17,1,True,2026-09-14T19:00:00Z,4,1,18,0,0,0,1,0,0,0,0,0,0,0,4,3.2,4.7,0.0,0.8,63,-121524,291023,3258,124782,6.3
260,Wilson,5,8,0,True,2026-09-20T13:00:00Z,0,0,0,0,0,0,0,0,0,0,0,0,0,0,0,0.0,0.0,0.0,0.0,62,-75090,220557,3457,78547,6.2
326,Perri,1,18,0,False,2026-08-22T14:00:00Z,0,1,0,0,0,0,0,0,0,0,0,0,0,0,0,0.0,0.0,0.0,0.0,45,0,52897,0,0,4.5
326,Perri,2,4,0,True,2026-08-30T13:00:00Z,1,1,0,0,0,0,0,0,0,0,0,0,0,0,0,0.0,0.0,0.0,0.0,45,-5031,54468,328,5359,4.5
326,Perri,3,5,0,False,2026-09-05T14:00:00Z,1,1,0,0,0,0,0,0,0,0,0,0,0,0,0,0.0,0.0,0.0,0.0,45,-9253,45033,204,9457,4.5
326,Perri,4,17,0,True,2026-09-14T19:00:00Z,4,1,0,0,0,0,0,0,0,0,0,0,0,0,0,0.0,0.0,0.0,0.0,45,-6925,38525,0,6925,4.5
326,Perri,5,8,0,True,2026-09-20T13:00:00Z,0,0,0,0,0,0,0,0,0,0,0,0,0,0,0,0.0,0.0,0.0,0.0,45,-3459,35299,0,3459,4.5
327,Bijol,1,18,10,False,2026-08-22T14:00:00Z,0,1,90,0,0,1,0,0,0,0,0,0,0,2,28,23.6,0.4,15.0,3.9,50,0,27043,0,0,5.0
327,Bijol,2,4,1,True,2026-08-30T13:00:00Z,1,1,45,0,0,0,1,0,0,0,0,0,0,0,0,8.4,0.2,0.0,0.9,50,37035,96315,45219,8184,5.0
327,Bijol,3,5,1,False,2026-09-05T14:00:00Z,1,1,29,0,0,0,1,0,0,0,0,0,0,0,1,6.2,0.0,0.0,0.6,50,-2619,95603,14908,17527,5.0
327,Bijol,4,17,0,True,2026-09-14T19:00:00Z,4,1,0,0,0,0,0,0,0,0,0,0,0,0,0,0.0,0.0,0.0,0.0,50,-10468,87595,4371,14839,5.0
327,Bijol,5,8,0,True,2026-09-20T13:00:00Z,0,0,0,0,0,0,0,0,0,0,0,0,0,0,0,0.0,0.0,0.0,0.0,50,-9261,79639,3804,13065,5.0
329,Rodon,1,18,6,False,2026-08-22T14:00:00Z,0,1,90,0,0,1,0,0,0,0,0,0,0,0,21,14.4,14.4,5.0,3.4,45,0,330772,0,0,4.5
329,Rodon,2,4,1,True,2026-08-30T13:00:00Z,1,1,33,0,0,0,0,0,0,0,0,0,0,0,4,8.6,0.3,2.0,1.1,45,9026,358288,21600,12574,4.5
329,Rodon,3,5,0,False,2026-09-05T14:00:00Z,1,1,0,0,0,0,0,0,0,0,0,0,0,0,0,0.0,0.0,0.0,0.0,45,-122557,220934,5070,127627,4.5
329,Rodon,4,17,0,True,2026-09-14T19:00:00Z,4,1,0,0,0,0,0,0,0,0,0,0,0,0,0,0.0,0.0,0.0,0.0,44,-112676,118013,168,112844,4.4
329,Rodon,5,8,0,True,2026-09-20T13:00:00Z,0,0,0,0,0,0,0,0,0,0,0,0,0,0,0,0.0,0.0,0.0,0.0,44,-34904,89396,56,34960,4.4
330,Bogle,1,18,6,False,2026-08-22T14:00:00Z,0,1,90,0,0,1,0,0,0,0,0,0,0,0,24,7.0,1.1,0.0,0.8,45,0,45674,0,0,4.5
330,Bogle,2,4,2,True,2026-08-30T13:00:00Z,1,1,67,0,0,0,1,0,0,0,0,0,0,0,9,18.6,11.3,4.0,3.4,45,2801,54809,5925,3124,4.5
330,Bogle,3,5,14,False,2026-09-05T14:00:00Z,1,1,60,1,0,1,0,0,0,0,1,0,0,3,30,35.4,1.7,33.0,7.0,45,-432,54984,5089,5521,4.5
330,Bogle,4,17,15,True,2026-09-14T19:00:00Z,4,1,82,1,0,1,0,0,0,0,0,0,0,3,45,47.8,18.5,71.0,13.7,45,98023,232034,121956,23933,4.5
330,Bogle,5,8,5,True,2026-09-20T13:00:00Z,0,0,66,0,0,1,0,0,0,0,1,0,0,0,14,0.0,2.0,11.0,1.3,46,366973,695534,393603,26630,4.6
331,Gudmundsson,1,18,0,False,2026-08-22T14:00:00Z,0,1,0,0,0,0,0,0,0,0,0,0,0,0,0,0.0,0.0,0.0,0.0,45,0,5099,0,0,4.5
331,Gudmundsson,2,4,0,True,2026-08-30T13:00:00Z,1,1,0,0,0,0,0,0,0,0,0,0,0,0,0,0.0,0.0,0.0,0.0,45,-926,4329,66,992,4.5
331,Gudmundsson,3,5,2,False,2026-09-05T14:00:00Z,1,1,90,0,0,0,1,0,0,0,0,0,0,0,9,12.6,1.2,2.0,1.6,45,253,4932,644,391,4.5
331,Gudmundsson,4,17,6,True,2026-09-14T19:00:00Z,4,1,72,0,0,1,0,0,0,0,0,0,0,0,26,10.0,8.6,4.0,2.3,45,621,5954,1148,527,4.5
331,Gudmundsson,5,8,6,True,2026-09-20T13:00:00Z,0,0,90,0,0,1,0,0,0,0,0,0,0,0,27,16.0,19.7,2.0,3.8,45,1220,8163,1740,520,4.5
332,Justin,1,18,10,False,2026-08-22T14:00:00Z,0,1,90,0,0,1,0,0,0,0,0,0,0,2,28,24.6,2.3,2.0,2.9,45,0,52732,0,0,4.5
332,Justin,2,4,2,True,2026-08-30T13:00:00Z,1,1,90,0,0,0,1,0,0,0,0,0,0,0,12,24.6,11.8,9.0,4.5,45,34143,121554,43534,9391,4.5
332,Justin,3,5,4,False,2026-09-05T14:00:00Z,1,1,90,0,0,0,1,0,0,0,0,0,0,0,9,16.8,1.5,21.0,3.9,45,14204,150950,35632,21428,4.5
332,Justin,4,17,2,True,2026-09-14T19:00:00Z,4,1,90,0,0,0,1,0,0,0,0,0,0,0,11,18.4,25.6,4.0,4.8,45,5626,160487,27752,22126,4.5
332,Justin,5,8,8,True,2026-09-20T13:00:00Z,0,0,90,0,0,1,0,0,0,0,0,0,0,2,31,19.2,14.9,5.0,3.9,45,-1614,160178,10354,11968,4.5
333,Bornauw,1,18,0,False,2026-08-22T14:00:00Z,0,1,0,0,0,0,0,0,0,0,0,0,0,0,0,0.0,0.0,0.0,0.0,45,0,512,0,0,4.5
333,Bornauw,2,4,0,True,2026-08-30T13:00:00Z,1,1,0,0,0,0,0,0,0,0,0,0,0,0,0,0.0,0.0,0.0,0.0,45,-170,335,0,170,4.5
333,Bornauw,3,5,0,False,2026-09-05T14:00:00Z,1,1,0,0,0,0,0,0,0,0,0,0,0,0,0,0.0,0.0,0.0,0.0,45,-63,276,0,63,4.5
333,Bornauw,4,17,0,True,2026-09-14T19:00:00Z,4,1,0,0,0,0,0,0,0,0,0,0,0,0,0,0.0,0.0,0.0,0.0,45,-39,239,0,39,4.5
333,Bornauw,5,8,0,True,2026-09-20T13:00:00Z,0,0,0,0,0,0,0,0,0,0,0,0,0,0,0,0.0,0.0,0.0,0.0,45,-22,219,0,22,4.5
334,Muharemović,1,18,6,False,2026-08-22T14:00:00Z,0,1,90,0,0,1,0,0,0,0,0,0,0,0,25,15.6,0.6,17.0,3.3,50,0,306283,0,0,5.0
334,Muharemović,2,4,4,True,2026-08-30T13:00:00Z,1,1,90,0,0,0,1,0,0,0,0,0,0,0,17,51.6,0.8,2.0,5.4,50,9697,336009,21539,11842,5.0
334,Muharemović,3,5,4,False,2026-09-05T14:00:00Z,1,1,90,0,0,0,1,0,0,0,0,0,0,0,10,29.2,0.8,2.0,3.2,50,-2089,326555,40504,42593,5.0
334,Muharemović,4,17,7,True,2026-09-14T19:00:00Z,4,1,90,0,1,0,1,0,0,0,0,0,0,0,27,37.0,10.5,2.0,5.0,50,66646,410571,135153,68507,5.0
334,Muharemović,5,8,6,True,2026-09-20T13:00:00Z,0,0,90,0,0,1,0,0,0,0,0,0,0,0,22,14.0,0.9,18.0,3.3,50,48147,492213,74089,25942,5.0
335,Stach,1,18,13,False,2026-08-22T14:00:00Z,0,1,90,1,0,1,0,0,0,0,0,0,0,3,37,47.8,2.3,16.0,6.6,60,0,80326,0,0,6.0
335,Stach,2,4,4,True,2026-08-30T13:00:00Z,1,1,90,0,0,0,1,0,0,0,0,0,0,0,13,24.6,17.0,4.0,4.6,60,67665,255319,81344,13679,6.0
335,Stach,3,5,2,False,2026-09-05T14:00:00Z,1,1,90,0,0,0,1,0,0,0,0,0,0,0,7,15.4,16.5,19.0,5.1,60,12619,303711,62176,49557,6.0
335,Stach,4,17,3,True,2026-09-14T19:00:00Z,4,1,87,0,0,1,0,0,0,0,0,0,0,0,16,12.0,40.4,12.0,6.4,60,-19365,291170,29721,49086,6.0
335,Stach,5,8,5,True,2026-09-20T13:00:00Z,0,0,90,0,0,1,0,0,0,0,0,0,0,0,13,16.6,17.1,4.0,3.8,60,-8309,291868,24102,32411,6.0
336,Okafor,1,18,1,False,2026-08-22T14:00:00Z,0,1,24,0,0,0,0,0,0,0,0,0,0,0,10,10.0,14.0,4.0,2.8,60,0,45369,0,0,6.0
336,Okafor,2,4,2,True,2026-08-30T13:00:00Z,1,1,68,0,0,0,1,0,0,0,0,0,0,0,11,6.4,7.5,10.0,2.4,60,-7813,40559,1355,9168,6.0
336,Okafor,3,5,3,False,2026-09-05T14:00:00Z,1,1,61,0,0,1,0,0,0,0,0,0,0,0,9,1.4,0.6,2.0,0.4,59,-8372,32691,2519,10891,5.9
336,Okafor,4,17,9,True,2026-09-14T19:00:00Z,4,1,71,1,0,1,0,0,0,0,0,0,0,1,35,41.4,17.8,21.0,8.0,59,-4605,29116,2061,6666,5.9
336,Okafor,5,8,3,True,2026-09-20T13:00:00Z,0,0,75,0,0,1,0,0,0,0,0,0,0,0,17,7.8,1.5,3.0,1.2,58,14111,50221,19172,5061,5.8
337,Aaronson,1,18,3,False,2026-08-22T14:00:00Z,0,1,81,0,0,1,0,0,0,0,0,0,0,0,16,8.0,1.1,7.0,1.6,55,0,87156,0,0,5.5
337,Aaronson,2,4,1,True,2026-08-30T13:00:00Z,1,1,45,0,0,0,1,0,0,0,0,0,0,0,6,2.2,0.6,0.0,0.3,55,-5840,85405,2593,8433,5.5
337,Aaronson,3,5,1,False,2026-09-05T14:00:00Z,1,1,28,0,0,0,1,0,0,0,0,0,0,0,5,0.0,1.0,0.0,0.1,55,-14068,70876,2026,16094,5.5
337,Aaronson,4,17,1,True,2026-09-14T19:00:00Z,4,1,18,0,0,0,1,0,0,0,0,0,0,0,4,0.2,0.3,2.0,0.3,54,-10317,61613,1095,11412,5.4
337,Aaronson,5,8,1,True,2026-09-20T13:00:00Z,0,0,22,0,0,0,0,0,0,0,0,0,0,0,5,1.4,0.7,0.0,0.2,54,-7941,54410,849,8790,5.4
338,Ampadu,1,18,5,False,2026-08-22T14:00:00Z,0,1,90,0,0,1,0,0,0,0,0,0,0,0,18,18.6,23.3,0.0,4.2,55,0,132659,0,0,5.5
338,Ampadu,2,4,2,True,2026-08-30T13:00:00Z,1,1,90,0,0,0,1,0,0,0,0,0,0,0,12,19.6,16.6,1.0,3.7,55,-4850,133624,4591,9441,5.5
338,Ampadu,3,5,2,False,2026-09-05T14:00:00Z,1,1,90,0,0,0,1,0,0,0,0,0,0,0,13,23.6,1.3,0.0,2.5,55,-15707,117203,3562,19269,5.5
338,Ampadu,4,17,7,True,2026-09-14T19:00:00Z,4,1,90,0,1,0,1,0,0,0,0,0,0,0,25,8.0,1.7,4.0,1.4,54,-14489,103938,2529,17018,5.4
338,Ampadu,5,8,5,True,2026-09-20T13:00:00Z,0,0,90,0,0,1,0,0,0,0,0,0,0,0,19,18.8,24.2,0.0,4.3,54,-4200,102625,5751,9951,5.4
339,Longstaff,1,18,1,False,2026-08-22T14:00:00Z,0,1,8,0,0,0,0,0,0,0,0,0,0,0,3,0.0,0.2,0.0,0.0,50,0,12582,0,0,5.0
339,Longstaff,2,4,0,True,2026-08-30T13:00:00Z,1,1,0,0,0,0,0,0,0,0,0,0,0,0,0,0.0,0.0,0.0,0.0,50,-1056,12723,575,1631,5.0
339,Longstaff,3,5,0,False,2026-09-05T14:00:00Z,1,1,0,0,0,0,0,0,0,0,0,0,0,0,0,0.0,0.0,0.0,0.0,50,-1965,10952,639,2604,5.0
339,Longstaff,4,17,1,True,2026-09-14T19:00:00Z,4,1,2,0,0,0,1,0,0,0,0,0,0,0,4,0.0,0.0,0.0,0.0,49,-1113,10180,693,1806,4.9
339,Longstaff,5,8,0,True,2026-09-20T13:00:00Z,0,0,0,0,0,0,0,0,0,0,0,0,0,0,0,0.0,0.0,0.0,0.0,49,-977,9382,466,1443,4.9
341,Gnonto,1,18,0,False,2026-08-22T14:00:00Z,0,1,0,0,0,0,0,0,0,0,0,0,0,0,0,0.0,0.0,0.0,0.0,50,0,2172,0,0,5.0
341,Gnonto,2,4,0,True,2026-08-30T13:00:00Z,1,1,0,0,0,0,0,0,0,0,0,0,0,0,0,0.0,0.0,0.0,0.0,50,-678,1522,18,696,5.0
341,Gnonto,3,5,0,False,2026-09-05T14:00:00Z,1,1,0,0,0,0,0,0,0,0,0,0,0,0,0,0.0,0.0,0.0,0.0,50,-222,1395,226,448,5.0
341,Gnonto,4,17,0,True,2026-09-14T19:00:00Z,4,1,0,0,0,0,0,0,0,0,0,0,0,0,0,0.0,0.0,0.0,0.0,50,-435,947,0,435,5.0
341,Gnonto,5,8,0,True,2026-09-20T13:00:00Z,0,0,0,0,0,0,0,0,0,0,0,0,0,0,0,0.0,0.0,0.0,0.0,50,-179,790,0,179,5.0
342,Harrison,1,18,0,False,2026-08-22T14:00:00Z,0,1,0,0,0,0,0,0,0,0,0,0,0,0,0,0.0,0.0,0.0,0.0,50,0,135,0,0,5.0
342,Harrison,2,4,0,True,2026-08-30T13:00:00Z,1,1,0,0,0,0,0,0,0,0,0,0,0,0,0,0.0,0.0,0.0,0.0,50,-36,98,0,36,5.0
342,Harrison,3,5,0,False,2026-09-05T14:00:00Z,1,1,0,0,0,0,0,0,0,0,0,0,0,0,0,0.0,0.0,0.0,0.0,50,-17,81,0,17,5.0
342,Harrison,4,17,0,True,2026-09-14T19:00:00Z,4,1,0,0,0,0,0,0,0,0,0,0,0,0,0,0.0,0.0,0.0,0.0,50,-11,71,0,11,5.0
342,Harrison,5,8,0,True,2026-09-20T13:00:00Z,0,0,0,0,0,0,0,0,0,0,0,0,0,0,0,0.0,0.0,0.0,0.0,50,-10,60,0,10,5.0
343,James,1,18,0,False,2026-08-22T14:00:00Z,0,1,0,0,0,0,0,0,0,0,0,0,0,0,0,0.0,0.0,0.0,0.0,50,0,11272,0,0,5.0
343,James,2,4,1,True,2026-08-30T13:00:00Z,1,1,22,0,0,0,0,0,0,0,0,0,0,0,2,0.0,1.1,12.0,1.1,50,-873,11703,863,1736,5.0
343,James,3,5,0,False,2026-09-05T14:00:00Z,1,1,0,0,0,0,0,0,0,0,0,0,0,0,0,0.0,0.0,0.0,0.0,50,-692,11657,1599,2291,5.0
343,James,4,17,1,True,2026-09-14T19:00:00Z,4,1,7,0,0,0,1,0,0,0,0,0,0,0,4,0.0,0.0,3.0,0.3,50,-1207,10690,786,1993,5.0
343,James,5,8,1,True,2026-09-20T13:00:00Z,0,0,23,0,0,0,0,0,0,0,0,0,0,0,3,1.2,0.2,4.0,0.5,49,-709,10249,721,1430,4.9
344,Gruev,1,18,0,False,2026-08-22T14:00:00Z,0,1,0,0,0,0,0,0,0,0,0,0,0,0,0,0.0,0.0,0.0,0.0,50,0,461,0,0,5.0
344,Gruev,2,4,0,True,2026-08-30T13:00:00Z,1,1,0,0,0,0,0,0,0,0,0,0,0,0,0,0.0,0.0,0.0,0.0,50,-120,362,9,129,5.0
344,Gruev,3,5,0,False,2026-09-05T14:00:00Z,1,1,0,0,0,0,0,0,0,0,0,0,0,0,0,0.0,0.0,0.0,0.0,50,-38,350,33,71,5.0
344,Gruev,4,17,0,True,2026-09-14T19:00:00Z,4,1,0,0,0,0,0,0,0,0,0,0,0,0,0,0.0,0.0,0.0,0.0,50,-45,317,13,58,5.0
344,Gruev,5,8,0,True,2026-09-20T13:00:00Z,0,0,0,0,0,0,0,0,0,0,0,0,0,0,0,0.0,0.0,0.0,0.0,50,-13,312,24,37,5.0
345,Tanaka,1,18,0,False,2026-08-22T14:00:00Z,0,1,0,0,0,0,0,0,0,0,0,0,0,0,0,0.0,0.0,0.0,0.0,50,0,23052,0,0,5.0
345,Tanaka,2,4,1,True,2026-08-30T13:00:00Z,1,1,45,0,0,0,0,0,0,0,0,0,0,0,6,20.0,1.8,0.0,2.2,50,-3334,21386,899,4233,5.0
345,Tanaka,3,5,5,False,2026-09-05T14:00:00Z,1,1,72,0,1,0,1,0,0,0,0,0,0,0,18,20.8,12.2,13.0,4.6,49,-1035,21765,3466,4501,4.9
345,Tanaka,4,17,6,True,2026-09-14T19:00:00Z,4,1,71,0,1,1,0,0,0,0,0,0,0,0,24,9.2,3.1,2.0,1.4,49,2579,25771,5747,3168,4.9
345,Tanaka,5,8,2,True,2026-09-20T13:00:00Z,0,0,67,0,0,1,0,0,0,0,1,0,0,0,0,0.0,1.2,5.0,0.4,49,7073,35115,10406,3333,4.9
346,Calvert-Lewin,1,18,1,False,2026-08-22T14:00:00Z,0,1,90,0,0,1,0,0,0,0,1,0,0,0,-2,0.0,0.8,11.0,0.7,60,0,2823371,0,0,6.0
346,Calvert-Lewin,2,4,8,True,2026-08-30T13:00:00Z,1,1,90,1,0,0,1,0,0,0,0,0,0,2,31,38.4,4.0,35.0,7.7,60,-104622,2823193,84314,188936,6.0
346,Calvert-Lewin,3,5,1,False,2026-09-05T14:00:00Z,1,1,72,0,0,0,1,0,0,0,1,0,0,0,0,4.4,11.3,21.0,3.7,60,-144642,2612462,198586,343228,6.0
346,Calvert-Lewin,4,17,10,True,2026-09-14T19:00:00Z,4,1,77,1,1,1,0,0,0,0,1,0,0,2,37,51.0,12.2,67.0,13.0,60,-377508,2292933,100296,477804,6.0
346,Calvert-Lewin,5,8,2,True,2026-09-20T13:00:00Z,0,0,90,0,0,1,0,0,0,0,0,0,0,0,7,10.2,1.3,19.0,3.1,60,390459,2888883,533433,142974,6.0
347,Nmecha,1,18,0,False,2026-08-22T14:00:00Z,0,1,0,0,0,0,0,0,0,0,0,0,0,0,0,0.0,0.0,0.0,0.0,55,0,53564,0,0,5.5
347,Nmecha,2,4,4,True,2026-08-30T13:00:00Z,1,1,21,0,1,0,0,0,0,0,0,0,0,0,18,18.2,20.3,6.0,4.5,55,-7627,51231,1917,9544,5.5
347,Nmecha,3,5,1,False,2026-09-05T14:00:00Z,1,1,17,0,0,0,0,0,0,0,0,0,0,0,2,0.0,1.8,9.0,0.9,55,-3112,50649,5427,8539,5.5
347,Nmecha,4,17,1,True,2026-09-14T19:00:00Z,4,1,12,0,0,0,1,0,0,0,0,0,0,0,4,0.2,0.3,0.0,0.1,54,-1054,51359,6623,7677,5.4
347,Nmecha,5,8,1,True,2026-09-20T13:00:00Z,0,0,14,0,0,0,0,0,0,0,0,0,0,0,4,2.0,0.0,0.0,0.2,54,-1434,51218,6227,7661,5.4
348,Piroe,1,18,0,False,2026-08-22T14:00:00Z,0,1,0,0,0,0,0,0,0,0,0,0,0,0,0,0.0,0.0,0.0,0.0,50,0,17239,0,0,5.0
348,Piroe,2,4,0,True,2026-08-30T13:00:00Z,1,1,0,0,0,0,0,0,0,0,0,0,0,0,0,0.0,0.0,0.0,0.0,50,-5351,11733,0,5351,5.0
348,Piroe,3,5,0,False,2026-09-05T14:00:00Z,1,1,0,0,0,0,0,0,0,0,0,0,0,0,0,0.0,0.0,0.0,0.0,50,-2945,8831,0,2945,5.0
348,Piroe,4,17,0,True,2026-09-14T19:00:00Z,4,1,0,0,0,0,0,0,0,0,0,0,0,0,0,0.0,0.0,0.0,0.0,50,-1516,7440,0,1516,5.0
348,Piroe,5,8,0,True,2026-09-20T13:00:00Z,0,0,0,0,0,0,0,0,0,0,0,0,0,0,0,0.0,0.0,0.0,0.0,50,-983,6500,0,983,5.0
349,Mateo Joseph,1,18,0,False,2026-08-22T14:00:00Z,0,1,0,0,0,0,0,0,0,0,0,0,0,0,0,0.0,0.0,0.0,0.0,45,0,5936,0,0,4.5
349,Mateo Joseph,2,4,0,True,2026-08-30T13:00:00Z,1,1,0,0,0,0,0,0,0,0,0,0,0,0,0,0.0,0.0,0.0,0.0,45,-726,5489,325,1051,4.5
349,Mateo Joseph,3,5,0,False,2026-09-05T14:00:00Z,1,1,0,0,0,0,0,0,0,0,0,0,0,0,0,0.0,0.0,0.0,0.0,45,-135,5679,947,1082,4.5
349,Mateo Joseph,4,17,0,True,2026-09-14T19:00:00Z,4,1,0,0,0,0,0,0,0,0,0,0,0,0,0,0.0,0.0,0.0,0.0,45,-257,5498,775,1032,4.5
349,Mateo Joseph,5,8,0,True,2026-09-20T13:00:00Z,0,0,0,0,0,0,0,0,0,0,0,0,0,0,0,0.0,0.0,0.0,0.0,45,-70,5721,739,809,4.5
385,Trafford,1,18,9,False,2026-08-22T14:00:00Z,0,1,90,0,0,1,0,0,0,0,0,0,3,2,28,19.4,0.0,0.0,1.9,50,0,265439,0,0,5.0
385,Trafford,2,4,3,True,2026-08-30T13:00:00Z,1,1,90,0,0,0,1,0,0,0,0,0,4,0,20,37.6,0.0,0.0,3.8,50,48690,437245,63794,15104,5.0
385,Trafford,3,5,3,False,2026-09-05T14:00:00Z,1,1,90,0,0,0,1,0,0,0,0,0,4,0,18,34.8,0.0,0.0,3.5,50,32677,532682,81497,48820,5.0
385,Trafford,4,17,3,True,2026-09-14T19:00:00Z,4,1,90,0,0,0,1,0,0,0,0,0,4,0,17,29.0,0.0,0.0,2.9,50,15245,583002,64368,49123,5.0
385,Trafford,5,8,10,True,2026-09-20T13:00:00Z,0,0,90,0,0,1,0,0,0,0,0,0,5,3,34,27.8,0.0,0.0,2.8,50,1014,601728,32312,31298,5.0
598,Elvedi,1,18,0,False,2026-08-22T14:00:00Z,0,1,0,0,0,0,0,0,0,0,0,0,0,0,0,0.0,0.0,0.0,0.0,45,0,1842,0,0,4.5
598,Elvedi,2,4,1,True,2026-08-30T13:00:00Z,1,1,56,0,0,0,1,0,0,0,0,0,0,0,9,16.0,1.1,6.0,2.3,45,75,2511,354,279,4.5
598,Elvedi,3,5,4,False,2026-09-05T14:00:00Z,1,1,90,0,0,0,1,0,0,0,0,0,0,0,12,27.6,21.1,6.0,5.5,45,201,2951,729,528,4.5
598,Elvedi,4,17,2,True,2026-09-14T19:00:00Z,4,1,90,0,0,0,1,0,0,0,0,0,0,0,8,18.6,0.9,10.0,3.0,45,1498,4919,2774,1276,4.5
598,Elvedi,5,8,6,True,2026-09-20T13:00:00Z,0,0,90,0,0,1,0,0,0,0,0,0,0,0,27,20.8,2.3,17.0,4.0,45,782,6514,1258,476,4.5
603,Lienou,1,18,0,False,2026-08-22T14:00:00Z,0,1,0,0,0,0,0,0,0,0,0,0,0,0,0,0.0,0.0,0.0,0.0,40,0,0,0,0,4.0
603,Lienou,2,4,0,True,2026-08-30T13:00:00Z,1,1,0,0,0,0,0,0,0,0,0,0,0,0,0,0.0,0.0,0.0,0.0,40,1169,7187,1488,319,4.0
603,Lienou,3,5,0,False,2026-09-05T14:00:00Z,1,1,0,0,0,0,0,0,0,0,0,0,0,0,0,0.0,0.0,0.0,0.0,40,1400,11399,2536,1136,4.0
603,Lienou,4,17,0,True,2026-09-14T19:00:00Z,4,1,0,0,0,0,0,0,0,0,0,0,0,0,0,0.0,0.0,0.0,0.0,40,388,11191,1426,1038,4.0
603,Lienou,5,8,0,True,2026-09-20T13:00:00Z,0,0,0,0,0,0,0,0,0,0,0,0,0,0,0,0.0,0.0,0.0,0.0,40,249,11401,1223,974,4.0
604,Cresswell,1,18,0,False,2026-08-22T14:00:00Z,0,1,0,0,0,0,0,0,0,0,0,0,0,0,0,0.0,0.0,0.0,0.0,45,0,0,0,0,4.5
604,Cresswell,2,4,0,True,2026-08-30T13:00:00Z,1,1,0,0,0,0,0,0,0,0,0,0,0,0,0,0.0,0.0,0.0,0.0,45,2319,7215,3029,710,4.5
604,Cresswell,3,5,0,False,2026-09-05T14:00:00Z,1,1,0,0,0,0,0,0,0,0,0,0,0,0,0,0.0,0.0,0.0,0.0,45,3728,14318,5922,2194,4.5
604,Cresswell,4,17,0,True,2026-09-14T19:00:00Z,4,1,0,0,0,0,0,0,0,0,0,0,0,0,0,0.0,0.0,0.0,0.0,45,1252,15793,3443,2191,4.5
604,Cresswell,5,8,0,True,2026-09-20T13:00:00Z,0,0,0,0,0,0,0,0,0,0,0,0,0,0,0,0.0,0.0,0.0,0.0,45,-571,14890,1362,1933,4.5
625,Cairns,2,4,0,True,2026-08-30T13:00:00Z,1,1,0,0,0,0,0,0,0,0,0,0,0,0,0,0.0,0.0,0.0,0.0,40,0,0,0,0,4.0
625,Cairns,3,5,0,False,2026-09-05T14:00:00Z,1,1,0,0,0,0,0,0,0,0,0,0,0,0,0,0.0,0.0,0.0,0.0,40,8041,19774,9425,1384,4.0
625,Cairns,4,17,0,True,2026-09-14T19:00:00Z,4,1,0,0,0,0,0,0,0,0,0,0,0,0,0,0.0,0.0,0.0,0.0,40,3754,20648,6067,2313,4.0
625,Cairns,5,8,0,True,2026-09-20T13:00:00Z,0,0,0,0,0,0,0,0,0,0,0,0,0,0,0,0.0,0.0,0.0,0.0,40,2006,23234,3467,1461,4.0
629,Zetterer,3,5,0,False,2026-09-05T14:00:00Z,1,1,0,0,0,0,0,0,0,0,0,0,0,0,0,0.0,0.0,0.0,0.0,40,11967,37143,13274,1307,4.0
629,Zetterer,4,17,0,True,2026-09-14T19:00:00Z,4,1,0,0,0,0,0,0,0,0,0,0,0,0,0,0.0,0.0,0.0,0.0,40,18112,65838,23210,5098,4.0
629,Zetterer,5,8,0,True,2026-09-20T13:00:00Z,0,0,0,0,0,0,0,0,0,0,0,0,0,0,0,0.0,0.0,0.0,0.0,40,13986,86238,18956,4970,4.0
641,Bard,3,5,0,False,2026-09-05T14:00:00Z,1,1,0,0,0,0,0,0,0,0,0,0,0,0,0,0.0,0.0,0.0,0.0,45,149,242,177,28,4.5
641,Bard,4,17,1,True,2026-09-14T19:00:00Z,4,1,18,0,0,0,1,0,0,0,0,0,0,0,1,4.4,10.3,0.0,1.5,45,217,576,322,105,4.5
641,Bard,5,8,0,True,2026-09-20T13:00:00Z,0,0,0,0,0,0,0,0,0,0,0,0,0,0,0,0.0,0.0,0.0,0.0,45,220,877,363,143,4.5
648,Bahoya,3,5,0,False,2026-09-05T14:00:00Z,1,1,0,0,0,0,0,0,0,0,0,0,0,0,0,0.0,0.0,0.0,0.0,50,819,1030,1015,196,5.0
648,Bahoya,4,17,0,True,2026-09-14T19:00:00Z,4,1,0,0,0,0,0,0,0,0,0,0,0,0,0,0.0,0.0,0.0,0.0,50,392,1465,754,362,5.0
648,Bahoya,5,8,1,True,2026-09-20T13:00:00Z,0,0,1,0,0,0,0,0,0,0,0,0,0,0,5,1.0,0.3,0.0,0.1,50,-47,1449,363,410,5.0
350,A.Becker,1,17,2,False,2026-08-23T15:30:00Z,2,2,90,0,0,0,2,0,0,0,0,0,3,0,7,17.8,0.0,0.0,1.8,55,0,302846,0,0,5.5
350,A.Becker,2,18,0,True,2026-08-29T11:30:00Z,2,2,90,0,0,0,2,0,0,0,1,0,1,0,-5,7.6,0.0,0.0,0.8,55,4084,377543,25307,21223,5.5
350,A.Becker,3,12,8,False,2026-09-04T19:00:00Z,0,2,90,0,0,1,0,0,0,0,0,0,5,1,35,30.4,0.0,0.0,3.0,55,-15469,402518,42521,57990,5.5
350,A.Becker,4,10,9,True,2026-09-12T14:00:00Z,0,0,90,0,0,1,0,0,0,0,0,0,3,2,29,21.0,0.0,0.0,2.1,55,15592,438381,45421,29829,5.5
350,A.Becker,5,3,8,False,2026-09-20T13:00:00Z,0,1,90,0,0,1,0,0,0,0,0,0,2,2,30,22.4,0.0,0.0,2.2,55,-4413,422308,20069,24482,5.5
351,Mamardashvili,1,17,0,False,2026-08-23T15:30:00Z,2,2,0,0,0,0,0,0,0,0,0,0,0,0,0,0.0,0.0,0.0,0.0,50,0,13503,0,0,5.0
351,Mamardashvili,2,18,0,True,2026-08-29T11:30:00Z,2,2,0,0,0,0,0,0,0,0,0,0,0,0,0,0.0,0.0,0.0,0.0,50,-1380,15032,658,2038,5.0
351,Mamardashvili,3,12,0,False,2026-09-04T19:00:00Z,0,2,0,0,0,0,0,0,0,0,0,0,0,0,0,0.0,0.0,0.0,0.0,49,-1838,14432,1002,2840,4.9
351,Mamardashvili,4,10,0,True,2026-09-12T14:00:00Z,0,0,0,0,0,0,0,0,0,0,0,0,0,0,0,0.0,0.0,0.0,0.0,49,-1342,13938,513,1855,4.9
351,Mamardashvili,5,3,0,False,2026-09-20T13:00:00Z,0,1,0,0,0,0,0,0,0,0,0,0,0,0,0,0.0,0.0,0.0,0.0,49,-846,13807,439,1285,4.9
352,Woodman,1,17,0,False,2026-08-23T15:30:00Z,2,2,0,0,0,0,0,0,0,0,0,0,0,0,0,0.0,0.0,0.0,0.0,40,0,97477,0,0,4.0
352,Woodman,2,18,0,True,2026-08-29T11:30:00Z,2,2,0,0,0,0,0,0,0,0,0,0,0,0,0,0.0,0.0,0.0,0.0,40,-2260,107195,3263,5523,4.0
352,Woodman,3,12,0,False,2026-09-04T19:00:00Z,0,2,0,0,0,0,0,0,0,0,0,0,0,0,0,0.0,0.0,0.0,0.0,40,280,114962,8227,7947,4.0
352,Woodman,4,10,0,True,2026-09-12T14:00:00Z,0,0,0,0,0,0,0,0,0,0,0,0,0,0,0,0.0,0.0,0.0,0.0,40,-3423,111999,3509,6932,4.0
352,Woodman,5,3,0,False,2026-09-20T13:00:00Z,0,1,0,0,0,0,0,0,0,0,0,0,0,0,0,0.0,0.0,0.0,0.0,40,-1961,112455,2495,4456,4.0
353,Pecsi,1,17,0,False,2026-08-23T15:30:00Z,2,2,0,0,0,0,0,0,0,0,0,0,0,0,0,0.0,0.0,0.0,0.0,40,0,2936,0,0,4.0
353,Pecsi,2,18,0,True,2026-08-29T11:30:00Z,2,2,0,0,0,0,0,0,0,0,0,0,0,0,0,0.0,0.0,0.0,0.0,40,-448,2467,0,448,4.0
353,Pecsi,3,12,0,False,2026-09-04T19:00:00Z,0,2,0,0,0,0,0,0,0,0,0,0,0,0,0,0.0,0.0,0.0,0.0,40,-284,2180,0,284,4.0
353,Pecsi,4,10,0,True,2026-09-12T14:00:00Z,0,0,0,0,0,0,0,0,0,0,0,0,0,0,0,0.0,0.0,0.0,0.0,40,-186,2007,0,186,4.0
353,Pecsi,5,3,0,False,2026-09-20T13:00:00Z,0,1,0,0,0,0,0,0,0,0,0,0,0,0,0,0.0,0.0,0.0,0.0,40,-109,1905,0,109,4.0
354,Jaros,1,17,0,False,2026-08-23T15:30:00Z,2,2,0,0,0,0,0,0,0,0,0,0,0,0,0,0.0,0.0,0.0,0.0,40,0,1351,0,0,4.0
354,Jaros,2,18,0,True,2026-08-29T11:30:00Z,2,2,0,0,0,0,0,0,0,0,0,0,0,0,0,0.0,0.0,0.0,0.0,40,-16,1453,163,179,4.0
354,Jaros,3,12,0,False,2026-09-04T19:00:00Z,0,2,0,0,0,0,0,0,0,0,0,0,0,0,0,0.0,0.0,0.0,0.0,40,213,1744,549,336,4.0
354,Jaros,4,10,0,True,2026-09-12T14:00:00Z,0,0,0,0,0,0,0,0,0,0,0,0,0,0,0,0.0,0.0,0.0,0.0,40,157,1961,567,410,4.0
354,Jaros,5,3,0,False,2026-09-20T13:00:00Z,0,1,0,0,0,0,0,0,0,0,0,0,0,0,0,0.0,0.0,0.0,0.0,40,107,2153,268,161,4.0
355,Davies,1,17,0,False,2026-08-23T15:30:00Z,2,2,0,0,0,0,0,0,0,0,0,0,0,0,0,0.0,0.0,0.0,0.0,40,0,11845,0,0,4.0
355,Davies,2,18,0,True,2026-08-29T11:30:00Z,2,2,0,0,0,0,0,0,0,0,0,0,0,0,0,0.0,0.0,0.0,0.0,40,-69,13945,644,713,4.0
355,Davies,3,12,0,False,2026-09-04T19:00:00Z,0,2,0,0,0,0,0,0,0,0,0,0,0,0,0,0.0,0.0,0.0,0.0,40,578,16191,1717,1139,4.0
355,Davies,4,10,0,True,2026-09-12T14:00:00Z,0,0,0,0,0,0,0,0,0,0,0,0,0,0,0,0.0,0.0,0.0,0.0,40,67,16844,1195,1128,4.0
355,Davies,5,3,0,False,2026-09-20T13:00:00Z,0,1,0,0,0,0,0,0,0,0,0,0,0,0,0,0.0,0.0,0.0,0.0,40,96,17657,896,800,4.0
356,Virgil,1,17,2,False,2026-08-23T15:30:00Z,2,2,90,0,0,0,2,0,0,0,1,0,0,0,8,25.6,1.6,24.0,5.1,65,0,1670280,0,0,6.5
356,Virgil,2,18,1,True,2026-08-29T11:30:00Z,2,2,90,0,0,0,2,0,0,0,0,0,0,0,5,24.6,4.3,2.0,3.1,65,-4506,1939518,74614,79120,6.5
356,Virgil,3,12,6,False,2026-09-04T19:00:00Z,0,2,90,0,0,1,0,0,0,0,0,0,0,0,32,23.2,1.8,0.0,2.5,65,-205785,1837428,67650,273435,6.5
356,Virgil,4,10,8,True,2026-09-12T14:00:00Z,0,0,90,0,0,1,0,0,0,0,0,0,0,0,25,25.8,12.8,0.0,3.9,65,-48305,1832589,79775,128080,6.5
356,Virgil,5,3,8,False,2026-09-20T13:00:00Z,0,1,90,0,0,1,0,0,0,0,0,0,0,0,26,25.8,1.8,0.0,2.8,65,-57021,1767010,34977,91998,6.5
357,Frimpong,1,17,0,False,2026-08-23T15:30:00Z,2,2,90,0,0,0,2,0,0,0,1,0,0,0,3,13.6,37.8,10.0,6.1,55,0,302241,0,0,5.5
357,Frimpong,2,18,1,True,2026-08-29T11:30:00Z,2,2,70,0,0,0,2,0,0,0,0,0,0,0,9,12.8,13.8,4.0,3.1,55,-9049,339802,24520,33569,5.5
357,Frimpong,3,12,0,False,2026-09-04T19:00:00Z,0,2,0,0,0,0,0,0,0,0,0,0,0,0,0,0.0,0.0,0.0,0.0,55,-45306,309643,25094,70400,5.5
357,Frimpong,4,10,1,True,2026-09-12T14:00:00Z,0,0,18,0,0,0,0,0,0,0,0,0,0,0,12,13.0,24.9,2.0,4.0,54,-81882,231759,4729,86611,5.4
357,Frimpong,5,3,0,False,2026-09-20T13:00:00Z,0,1,0,0,0,0,0,0,0,0,0,0,0,0,0,0.0,0.0,0.0,0.0,53,-39805,198877,3000,42805,5.3
358,Kerkez,1,17,0,False,2026-08-23T15:30:00Z,2,2,90,0,0,0,2,0,0,0,1,0,0,0,3,18.0,13.8,12.0,4.4,55,0,332539,0,0,5.5
358,Kerkez,2,18,1,True,2026-08-29T11:30:00Z,2,2,70,0,0,0,2,0,0,0,0,0,0,0,9,24.0,12.8,0.0,3.7,55,-18742,347978,15645,34387,5.5
358,Kerkez,3,12,5,False,2026-09-04T19:00:00Z,0,2,90,0,0,1,0,0,0,0,1,0,0,0,23,13.8,11.3,0.0,2.5,55,-51052,302995,13999,65051,5.5
358,Kerkez,4,10,1,True,2026-09-12T14:00:00Z,0,0,45,0,0,0,0,0,0,0,0,0,0,0,6,9.8,7.1,0.0,1.7,54,-22124,288013,12338,34462,5.4
358,Kerkez,5,3,6,False,2026-09-20T13:00:00Z,0,1,90,0,0,1,0,0,0,0,0,0,0,0,22,9.8,2.3,2.0,1.4,54,-40437,246708,3035,43472,5.4
359,Gomez,1,17,0,False,2026-08-23T15:30:00Z,2,2,0,0,0,0,0,0,0,0,0,0,0,0,0,0.0,0.0,0.0,0.0,50,0,1714,0,0,5.0
359,Gomez,2,18,0,True,2026-08-29T11:30:00Z,2,2,0,0,0,0,0,0,0,0,0,0,0,0,0,0.0,0.0,0.0,0.0,50,-330,1606,79,409,5.0
359,Gomez,3,12,0,False,2026-09-04T19:00:00Z,0,2,0,0,0,0,0,0,0,0,0,0,0,0,0,0.0,0.0,0.0,0.0,50,-255,1465,70,325,5.0
359,Gomez,4,10,0,True,2026-09-12T14:00:00Z,0,0,0,0,0,0,0,0,0,0,0,0,0,0,0,0.0,0.0,0.0,0.0,50,-137,1392,74,211,5.0
359,Gomez,5,3,0,False,2026-09-20T13:00:00Z,0,1,0,0,0,0,0,0,0,0,0,0,0,0,0,0.0,0.0,0.0,0.0,49,78,1679,197,119,4.9
360,Bradley,1,17,0,False,2026-08-23T15:30:00Z,2,2,0,0,0,0,0,0,0,0,0,0,0,0,0,0.0,0.0,0.0,0.0,50,0,957,0,0,5.0
360,Bradley,2,18,0,True,2026-08-29T11:30:00Z,2,2,0,0,0,0,0,0,0,0,0,0,0,0,0,0.0,0.0,0.0,0.0,50,-140,1023,79,219,5.0
360,Bradley,3,12,0,False,2026-09-04T19:00:00Z,0,2,0,0,0,0,0,0,0,0,0,0,0,0,0,0.0,0.0,0.0,0.0,50,-104,1036,114,218,5.0
360,Bradley,4,10,0,True,2026-09-12T14:00:00Z,0,0,0,0,0,0,0,0,0,0,0,0,0,0,0,0.0,0.0,0.0,0.0,50,-94,1010,67,161,5.0
360,Bradley,5,3,0,False,2026-09-20T13:00:00Z,0,1,0,0,0,0,0,0,0,0,0,0,0,0,0,0.0,0.0,0.0,0.0,50,-57,1005,57,114,5.0
361,Lucky,1,17,0,False,2026-08-23T15:30:00Z,2,2,0,0,0,0,0,0,0,0,0,0,0,0,0,0.0,0.0,0.0,0.0,40,0,10838,0,0,4.0
361,Lucky,2,18,0,True,2026-08-29T11:30:00Z,2,2,0,0,0,0,0,0,0,0,0,0,0,0,0,0.0,0.0,0.0,0.0,40,-529,11947,608,1137,4.0
361,Lucky,3,12,0,False,2026-09-04T19:00:00Z,0,2,0,0,0,0,0,0,0,0,0,0,0,0,0,0.0,0.0,0.0,0.0,40,-8,13766,1420,1428,4.0
361,Lucky,4,10,0,True,2026-09-12T14:00:00Z,0,0,0,0,0,0,0,0,0,0,0,0,0,0,0,0.0,0.0,0.0,0.0,40,-645,13224,832,1477,4.0
361,Lucky,5,3,0,False,2026-09-20T13:00:00Z,0,1,0,0,0,0,0,0,0,0,0,0,0,0,0,0.0,0.0,0.0,0.0,40,-466,13179,717,1183,4.0
362,Jacquet,1,17,1,False,2026-08-23T15:30:00Z,2,2,69,0,0,0,2,0,0,0,0,0,0,0,9,12.4,11.9,0.0,2.4,50,0,205604,0,0,5.0
362,Jacquet,2,18,3,True,2026-08-29T11:30:00Z,2,2,76,0,0,0,2,0,0,0,0,0,0,0,13,30.8,15.1,2.0,4.8,50,4556,235410,22712,18156,5.0
362,Jacquet,3,12,5,False,2026-09-04T19:00:00Z,0,2,90,0,0,1,0,0,0,0,1,0,0,0,28,22.8,12.5,2.0,3.7,50,16306,277052,56823,40517,5.0
362,Jacquet,4,10,9,True,2026-09-12T14:00:00Z,0,0,90,0,0,1,0,0,0,0,0,0,0,3,36,20.2,3.3,0.0,2.4,50,16244,298463,48593,32349,5.0
362,Jacquet,5,3,6,False,2026-09-20T13:00:00Z,0,1,90,0,0,1,0,0,0,0,0,0,0,0,26,20.0,1.7,0.0,2.2,50,50743,355709,69754,19011,5.0
363,Leoni,1,17,0,False,2026-08-23T15:30:00Z,2,2,0,0,0,0,0,0,0,0,0,0,0,0,0,0.0,0.0,0.0,0.0,40,0,4082,0,0,4.0
363,Leoni,2,18,0,True,2026-08-29T11:30:00Z,2,2,0,0,0,0,0,0,0,0,0,0,0,0,0,0.0,0.0,0.0,0.0,40,-337,4039,182,519,4.0
363,Leoni,3,12,0,False,2026-09-04T19:00:00Z,0,2,0,0,0,0,0,0,0,0,0,0,0,0,0,0.0,0.0,0.0,0.0,40,-285,3887,332,617,4.0
363,Leoni,4,10,0,True,2026-09-12T14:00:00Z,0,0,0,0,0,0,0,0,0,0,0,0,0,0,0,0.0,0.0,0.0,0.0,40,-297,3654,161,458,4.0
363,Leoni,5,3,0,False,2026-09-20T13:00:00Z,0,1,0,0,0,0,0,0,0,0,0,0,0,0,0,0.0,0.0,0.0,0.0,40,-211,3493,126,337,4.0
364,Tsimikas,1,17,0,False,2026-08-23T15:30:00Z,2,2,0,0,0,0,0,0,0,0,0,0,0,0,0,0.0,0.0,0.0,0.0,50,0,6683,0,0,5.0
364,Tsimikas,2,18,1,True,2026-08-29T11:30:00Z,2,2,19,0,0,0,0,0,0,0,0,0,0,0,4,3.6,1.3,9.0,1.4,50,-643,7352,339,982,5.0
364,Tsimikas,3,12,0,False,2026-09-04T19:00:00Z,0,2,0,0,0,0,0,0,0,0,0,0,0,0,0,0.0,0.0,0.0,0.0,50,-600,7858,487,1087,5.0
364,Tsimikas,4,10,1,True,2026-09-12T14:00:00Z,0,0,45,0,0,0,0,0,0,0,0,0,0,0,2,2.8,1.6,0.0,0.4,49,-934,7588,362,1296,4.9
364,Tsimikas,5,3,0,False,2026-09-20T13:00:00Z,0,1,0,0,0,0,0,0,0,0,0,0,0,0,0,0.0,0.0,0.0,0.0,49,-362,7658,299,661,4.9
365,Ramsay,1,17,0,False,2026-08-23T15:30:00Z,2,2,0,0,0,0,0,0,0,0,0,0,0,0,0,0.0,0.0,0.0,0.0,40,0,19328,0,0,4.0
365,Ramsay,2,18,0,True,2026-08-29T11:30:00Z,2,2,0,0,0,0,0,0,0,0,0,0,0,0,0,0.0,0.0,0.0,0.0,40,-3114,18344,638,3752,4.0
365,Ramsay,3,12,0,False,2026-09-04T19:00:00Z,0,2,0,0,0,0,0,0,0,0,0,0,0,0,0,0.0,0.0,0.0,0.0,40,-5215,12989,0,5215,4.0
365,Ramsay,4,10,0,True,2026-09-12T14:00:00Z,0,0,0,0,0,0,0,0,0,0,0,0,0,0,0,0.0,0.0,0.0,0.0,40,-2067,11136,0,2067,4.0
365,Ramsay,5,3,0,False,2026-09-20T13:00:00Z,0,1,0,0,0,0,0,0,0,0,0,0,0,0,0,0.0,0.0,0.0,0.0,40,-1195,10034,0,1195,4.0
366,Wirtz,1,17,2,False,2026-08-23T15:30:00Z,2,2,62,0,0,0,2,0,0,0,0,0,0,0,16,9.8,17.9,29.0,5.7,75,0,1122658,0,0,7.5
366,Wirtz,2,18,4,True,2026-08-29T11:30:00Z,2,2,90,0,1,0,2,0,0,0,1,0,0,0,23,27.8,24.3,22.0,7.4,75,-98339,1118328,24923,123262,7.5
366,Wirtz,3,12,3,False,2026-09-04T19:00:00Z,0,2,90,0,0,1,0,0,0,0,0,0,0,0,14,6.6,34.0,22.0,6.3,75,-121349,1044657,69030,190379,7.5
366,Wirtz,4,10,3,True,2026-09-12T14:00:00Z,0,0,90,0,0,1,0,0,0,0,0,0,0,0,14,7.6,31.8,12.0,5.1,74,-199592,837754,30578,230170,7.4
366,Wirtz,5,3,6,False,2026-09-20T13:00:00Z,0,1,70,0,1,1,0,0,0,0,0,0,0,0,25,13.2,39.3,16.0,6.9,73,-173849,650329,5737,179586,7.3
367,Gakpo,1,17,12,False,2026-08-23T15:30:00Z,2,2,90,1,0,0,2,0,0,0,0,0,0,3,33,44.0,34.0,37.0,11.5,70,0,310403,0,0,7.0
367,Gakpo,2,18,5,True,2026-08-29T11:30:00Z,2,2,70,0,1,0,2,0,0,0,0,0,0,0,21,23.2,27.8,6.0,5.7,70,177953,653797,205704,27751,7.0
367,Gakpo,3,12,11,False,2026-09-04T19:00:00Z,0,2,90,0,2,1,0,0,0,0,0,0,0,2,43,49.6,42.7,13.0,10.5,71,103812,933667,234993,131181,7.1
367,Gakpo,4,10,1,True,2026-09-12T14:00:00Z,0,0,30,0,0,0,0,0,0,0,0,0,0,0,3,0.8,1.3,7.0,0.9,72,357507,1328735,670039,312532,7.2
367,Gakpo,5,3,3,False,2026-09-20T13:00:00Z,0,1,90,0,0,1,0,0,0,0,0,0,0,0,13,15.8,43.0,7.0,6.6,72,19543,1383393,175676,156133,7.2
368,Szoboszlai,1,17,8,False,2026-08-23T15:30:00Z,2,2,90,1,0,0,2,0,0,0,0,0,0,1,29,50.4,47.1,21.0,11.9,70,0,3733259,0,0,7.0
368,Szoboszlai,2,18,4,True,2026-08-29T11:30:00Z,2,2,90,0,0,0,2,0,0,0,0,0,0,0,24,21.4,40.7,4.0,6.6,70,177598,4309636,245003,67405,7.0
368,Szoboszlai,3,12,3,False,2026-09-04T19:00:00Z,0,2,90,0,0,1,0,0,0,0,0,0,0,0,20,19.4,29.9,21.0,7.0,70,-105407,4313411,281021,386428,7.0
368,Szoboszlai,4,10,3,True,2026-09-12T14:00:00Z,0,0,90,0,0,1,0,0,0,0,0,0,0,0,25,16.0,55.7,9.0,8.1,70,-242164,4135360,274640,516804,7.0
368,Szoboszlai,5,3,2,False,2026-09-20T13:00:00Z,0,1,80,0,0,1,0,0,0,0,1,0,0,0,5,1.6,4.6,2.0,0.8,70,-405826,3685230,91695,497521,7.0
369,Ngumoha,1,17,2,False,2026-08-23T15:30:00Z,2,2,62,0,0,0,2,0,0,0,0,0,0,0,9,2.4,6.0,5.0,1.3,60,0,104767,0,0,6.0
369,Ngumoha,2,18,1,True,2026-08-29T11:30:00Z,2,2,19,0,0,0,0,0,0,0,0,0,0,0,5,2.0,1.3,2.0,0.5,60,-9330,106917,5547,14877,6.0
369,Ngumoha,3,12,0,False,2026-09-04T19:00:00Z,0,2,0,0,0,0,0,0,0,0,0,0,0,0,0,0.0,0.0,0.0,0.0,59,-31936,77015,3473,35409,5.9
369,Ngumoha,4,10,1,True,2026-09-12T14:00:00Z,0,0,18,0,0,0,0,0,0,0,0,0,0,0,-1,0.0,0.8,4.0,0.3,58,-20391,60213,3022,23413,5.8
369,Ngumoha,5,3,0,False,2026-09-20T13:00:00Z,0,1,0,0,0,0,0,0,0,0,0,0,0,0,0,0.0,0.0,0.0,0.0,58,-9591,52264,1736,11327,5.8
370,Chiesa,1,17,0,False,2026-08-23T15:30:00Z,2,2,0,0,0,0,0,0,0,0,0,0,0,0,0,0.0,0.0,0.0,0.0,55,0,11756,0,0,5.5
370,Chiesa,2,18,0,True,2026-08-29T11:30:00Z,2,2,0,0,0,0,0,0,0,0,0,0,0,0,0,0.0,0.0,0.0,0.0,55,-2965,10863,585,3550,5.5
370,Chiesa,3,12,0,False,2026-09-04T19:00:00Z,0,2,0,0,0,0,0,0,0,0,0,0,0,0,0,0.0,0.0,0.0,0.0,54,-4196,6728,50,4246,5.4
370,Chiesa,4,10,0,True,2026-09-12T14:00:00Z,0,0,0,0,0,0,0,0,0,0,0,0,0,0,0,0.0,0.0,0.0,0.0,54,-1366,5591,14,1380,5.4
370,Chiesa,5,3,0,False,2026-09-20T13:00:00Z,0,1,0,0,0,0,0,0,0,0,0,0,0,0,0,0.0,0.0,0.0,0.0,54,-641,5019,16,657,5.4
371,Gravenberch,1,17,5,False,2026-08-23T15:30:00Z,2,2,77,0,1,0,2,0,0,0,0,0,0,0,26,24.4,16.0,4.0,4.4,60,0,172067,0,0,6.0
371,Gravenberch,2,18,1,True,2026-08-29T11:30:00Z,2,2,19,0,0,0,0,0,0,0,0,0,0,0,7,4.4,12.1,0.0,1.7,60,-178,196536,15005,15183,6.0
371,Gravenberch,3,12,1,False,2026-09-04T19:00:00Z,0,2,26,0,0,0,0,0,0,0,0,0,0,0,2,2.2,1.7,0.0,0.4,60,-34196,168420,10774,44970,6.0
371,Gravenberch,4,10,1,True,2026-09-12T14:00:00Z,0,0,59,0,0,0,0,0,0,0,0,0,0,0,13,19.6,11.4,2.0,3.3,59,-33117,140580,5155,38272,5.9
371,Gravenberch,5,3,1,False,2026-09-20T13:00:00Z,0,1,9,0,0,0,0,0,0,0,0,0,0,0,3,0.0,1.5,0.0,0.1,59,-19324,124836,3604,22928,5.9
372,Mac Allister,1,17,1,False,2026-08-23T15:30:00Z,2,2,27,0,0,0,0,0,0,0,0,0,0,0,9,5.8,1.4,0.0,0.7,55,0,151941,0,0,5.5
372,Mac Allister,2,18,2,True,2026-08-29T11:30:00Z,2,2,76,0,0,0,2,0,0,0,0,0,0,0,10,12.6,7.7,0.0,2.0,55,-14941,156781,6567,21508,5.5
372,Mac Allister,3,12,2,False,2026-09-04T19:00:00Z,0,2,83,0,0,1,0,0,0,0,1,0,0,0,14,16.6,12.8,18.0,4.7,55,-17436,147584,10622,28058,5.5
372,Mac Allister,4,10,1,True,2026-09-12T14:00:00Z,0,0,30,0,0,0,0,0,0,0,0,0,0,0,7,9.2,22.4,4.0,3.6,54,-7817,145908,12996,20813,5.4
372,Mac Allister,5,3,5,False,2026-09-20T13:00:00Z,0,1,90,0,0,1,0,0,0,0,0,0,0,0,19,14.0,6.5,4.0,2.5,54,-7900,141772,11435,19335,5.4
373,C.Jones,1,17,0,False,2026-08-23T15:30:00Z,2,2,0,0,0,0,0,0,0,0,0,0,0,0,0,0.0,0.0,0.0,0.0,55,0,4822,0,0,5.5
373,C.Jones,2,18,0,True,2026-08-29T11:30:00Z,2,2,0,0,0,0,0,0,0,0,0,0,0,0,0,0.0,0.0,0.0,0.0,55,-1095,3769,33,1128,5.5
373,C.Jones,3,12,0,False,2026-09-04T19:00:00Z,0,2,0,0,0,0,0,0,0,0,0,0,0,0,0,0.0,0.0,0.0,0.0,55,-929,2874,1,930,5.5
373,C.Jones,4,10,0,True,2026-09-12T14:00:00Z,0,0,0,0,0,0,0,0,0,0,0,0,0,0,0,0.0,0.0,0.0,0.0,55,-372,2535,0,372,5.5
373,C.Jones,5,3,0,False,2026-09-20T13:00:00Z,0,1,0,0,0,0,0,0,0,0,0,0,0,0,0,0.0,0.0,0.0,0.0,55,-157,2382,0,157,5.5
374,Endo,1,17,0,False,2026-08-23T15:30:00Z,2,2,0,0,0,0,0,0,0,0,0,0,0,0,0,0.0,0.0,0.0,0.0,50,0,5090,0,0,5.0
374,Endo,2,18,0,True,2026-08-29T11:30:00Z,2,2,0,0,0,0,0,0,0,0,0,0,0,0,0,0.0,0.0,0.0,0.0,50,-500,6389,485,985,5.0
374,Endo,3,12,0,False,2026-09-04T19:00:00Z,0,2,0,0,0,0,0,0,0,0,0,0,0,0,0,0.0,0.0,0.0,0.0,50,-648,6810,798,1446,5.0
374,Endo,4,10,0,True,2026-09-12T14:00:00Z,0,0,0,0,0,0,0,0,0,0,0,0,0,0,0,0.0,0.0,0.0,0.0,49,-568,6867,531,1099,4.9
374,Endo,5,3,0,False,2026-09-20T13:00:00Z,0,1,0,0,0,0,0,0,0,0,0,0,0,0,0,0.0,0.0,0.0,0.0,49,-487,6761,349,836,4.9
375,Nyoni,1,17,0,False,2026-08-23T15:30:00Z,2,2,0,0,0,0,0,0,0,0,0,0,0,0,0,0.0,0.0,0.0,0.0,50,0,3729,0,0,5.0
375,Nyoni,2,18,1,True,2026-08-29T11:30:00Z,2,2,13,0,0,0,0,0,0,0,0,0,0,0,3,6.4,2.2,0.0,0.9,50,-534,3607,139,673,5.0
375,Nyoni,3,12,1,False,2026-09-04T19:00:00Z,0,2,6,0,0,0,0,0,0,0,0,0,0,0,3,0.2,0.1,0.0,0.0,50,-319,3899,503,822,5.0
375,Nyoni,4,10,0,True,2026-09-12T14:00:00Z,0,0,0,0,0,0,0,0,0,0,0,0,0,0,0,0.0,0.0,0.0,0.0,49,-285,4195,427,712,4.9
375,Nyoni,5,3,1,False,2026-09-20T13:00:00Z,0,1,19,0,0,0,0,0,0,0,0,0,0,0,3,9.6,0.6,0.0,1.0,49,-350,4129,188,538,4.9
376,Bajcetic,1,17,0,False,2026-08-23T15:30:00Z,2,2,0,0,0,0,0,0,0,0,0,0,0,0,0,0.0,0.0,0.0,0.0,50,0,157,0,0,5.0
376,Bajcetic,2,18,0,True,2026-08-29T11:30:00Z,2,2,0,0,0,0,0,0,0,0,0,0,0,0,0,0.0,0.0,0.0,0.0,50,-21,173,8,29,5.0
376,Bajcetic,3,12,0,False,2026-09-04T19:00:00Z,0,2,0,0,0,0,0,0,0,0,0,0,0,0,0,0.0,0.0,0.0,0.0,50,-32,148,11,43,5.0
376,Bajcetic,4,10,0,True,2026-09-12T14:00:00Z,0,0,0,0,0,0,0,0,0,0,0,0,0,0,0,0.0,0.0,0.0,0.0,50,-23,128,0,23,5.0
376,Bajcetic,5,3,0,False,2026-09-20T13:00:00Z,0,1,0,0,0,0,0,0,0,0,0,0,0,0,0,0.0,0.0,0.0,0.0,50,-9,119,0,9,5.0
377,Munoz,1,17,4,False,2026-08-23T15:30:00Z,2,2,27,0,1,0,0,0,0,0,0,0,0,0,15,4.0,8.9,14.0,2.7,65,0,48042,0,0,6.5
377,Munoz,2,18,6,True,2026-08-29T11:30:00Z,2,2,90,1,0,0,2,0,0,0,1,0,0,0,24,42.2,16.8,29.0,8.8,65,573,60184,6486,5913,6.5
377,Munoz,3,12,3,False,2026-09-04T19:00:00Z,0,2,63,0,0,1,0,0,0,0,0,0,0,0,9,0.8,4.3,6.0,1.1,65,60010,147326,83211,23201,6.5
377,Munoz,4,10,1,True,2026-09-12T14:00:00Z,0,0,59,0,0,0,0,0,0,0,0,0,0,0,5,3.4,1.4,37.0,4.2,65,-9953,130437,20664,30617,6.5
377,Munoz,5,3,1,False,2026-09-20T13:00:00Z,0,1,18,0,0,0,0,0,0,0,0,0,0,0,7,5.8,11.0,0.0,1.7,65,-24989,105157,5622,30611,6.5
378,McConnell,1,17,0,False,2026-08-23T15:30:00Z,2,2,0,0,0,0,0,0,0,0,0,0,0,0,0,0.0,0.0,0.0,0.0,45,0,24189,0,0,4.5
378,McConnell,2,18,0,True,2026-08-29T11:30:00Z,2,2,0,0,0,0,0,0,0,0,0,0,0,0,0,0.0,0.0,0.0,0.0,45,-2017,25168,883,2900,4.5
378,McConnell,3,12,0,False,2026-09-04T19:00:00Z,0,2,0,0,0,0,0,0,0,0,0,0,0,0,0,0.0,0.0,0.0,0.0,45,-1919,24779,1404,3323,4.5
378,McConnell,4,10,0,True,2026-09-12T14:00:00Z,0,0,0,0,0,0,0,0,0,0,0,0,0,0,0,0.0,0.0,0.0,0.0,45,-1744,23763,870,2614,4.5
378,McConnell,5,3,0,False,2026-09-20T13:00:00Z,0,1,0,0,0,0,0,0,0,0,0,0,0,0,0,0.0,0.0,0.0,0.0,44,98,26448,2718,2620,4.4
379,Isak,1,17,2,False,2026-08-23T15:30:00Z,2,2,90,0,0,0,2,0,0,0,0,0,0,0,6,11.4,14.6,66.0,9.2,90,0,1493302,0,0,9.0
379,Isak,2,18,8,True,2026-08-29T11:30:00Z,2,2,90,1,0,0,2,0,0,0,0,0,0,2,30,34.0,10.3,48.0,9.2,90,-28097,1629014,73036,101133,9.0
379,Isak,3,12,13,False,2026-09-04T19:00:00Z,0,2,63,2,0,1,0,0,0,0,0,0,0,3,61,67.0,6.4,34.0,10.7,90,-25262,1811350,181587,206849,9.0
379,Isak,4,10,2,True,2026-09-12T14:00:00Z,0,0,90,0,0,1,0,0,0,0,0,0,0,0,5,1.2,2.8,28.0,3.2,91,623585,2626358,732640,109055,9.1
379,Isak,5,3,8,False,2026-09-20T13:00:00Z,0,1,80,1,0,1,0,0,0,0,1,0,0,3,31,32.6,13.4,31.0,7.7,91,-103033,2350302,139899,242932,9.1
380,Ekitiké,1,17,0,False,2026-08-23T15:30:00Z,2,2,0,0,0,0,0,0,0,0,0,0,0,0,0,0.0,0.0,0.0,0.0,75,0,14410,0,0,7.5
380,Ekitiké,2,18,0,True,2026-08-29T11:30:00Z,2,2,0,0,0,0,0,0,0,0,0,0,0,0,0,0.0,0.0,0.0,0.0,75,-3098,14299,709,3807,7.5
380,Ekitiké,3,12,0,False,2026-09-04T19:00:00Z,0,2,0,0,0,0,0,0,0,0,0,0,0,0,0,0.0,0.0,0.0,0.0,75,-2736,12739,696,3432,7.5
380,Ekitiké,4,10,0,True,2026-09-12T14:00:00Z,0,0,0,0,0,0,0,0,0,0,0,0,0,0,0,0.0,0.0,0.0,0.0,74,-1567,11892,474,2041,7.4
380,Ekitiké,5,3,0,False,2026-09-20T13:00:00Z,0,1,0,0,0,0,0,0,0,0,0,0,0,0,0,0.0,0.0,0.0,0.0,74,-790,11579,393,1183,7.4
381,Koumas,1,17,1,False,2026-08-23T15:30:00Z,2,2,12,0,0,0,0,0,0,0,0,0,0,0,4,1.2,0.5,7.0,0.9,50,0,1626,0,0,5.0
381,Koumas,2,18,0,True,2026-08-29T11:30:00Z,2,2,0,0,0,0,0,0,0,0,0,0,0,0,0,0.0,0.0,0.0,0.0,50,-54,2137,156,210,5.0
381,Koumas,3,12,1,False,2026-09-04T19:00:00Z,0,2,1,0,0,0,0,0,0,0,0,0,0,0,3,0.0,0.0,0.0,0.0,50,-217,2473,161,378,5.0
381,Koumas,4,10,0,True,2026-09-12T14:00:00Z,0,0,0,0,0,0,0,0,0,0,0,0,0,0,0,0.0,0.0,0.0,0.0,50,-163,2699,155,318,5.0
381,Koumas,5,3,1,False,2026-09-20T13:00:00Z,0,1,9,0,0,0,0,0,0,0,0,0,0,0,7,3.0,0.0,17.0,2.0,50,-88,2933,207,295,5.0
382,Danns,1,17,0,False,2026-08-23T15:30:00Z,2,2,0,0,0,0,0,0,0,0,0,0,0,0,0,0.0,0.0,0.0,0.0,45,0,3221,0,0,4.5
382,Danns,2,18,0,True,2026-08-29T11:30:00Z,2,2,0,0,0,0,0,0,0,0,0,0,0,0,0,0.0,0.0,0.0,0.0,45,-253,3423,309,562,4.5
382,Danns,3,12,0,False,2026-09-04T19:00:00Z,0,2,0,0,0,0,0,0,0,0,0,0,0,0,0,0.0,0.0,0.0,0.0,45,1969,7591,2915,946,4.5
382,Danns,4,10,0,True,2026-09-12T14:00:00Z,0,0,0,0,0,0,0,0,0,0,0,0,0,0,0,0.0,0.0,0.0,0.0,45,4586,14211,7016,2430,4.5
382,Danns,5,3,0,False,2026-09-20T13:00:00Z,0,1,0,0,0,0,0,0,0,0,0,0,0,0,0,0.0,0.0,0.0,0.0,45,6226,25967,9567,3341,4.5
383,Elliott,1,17,0,False,2026-08-23T15:30:00Z,2,2,0,0,0,0,0,0,0,0,0,0,0,0,0,0.0,0.0,0.0,0.0,55,0,6399,0,0,5.5
383,Elliott,2,18,0,True,2026-08-29T11:30:00Z,2,2,0,0,0,0,0,0,0,0,0,0,0,0,0,0.0,0.0,0.0,0.0,55,-836,7117,380,1216,5.5
383,Elliott,3,12,0,False,2026-09-04T19:00:00Z,0,2,0,0,0,0,0,0,0,0,0,0,0,0,0,0.0,0.0,0.0,0.0,54,-1929,5742,527,2456,5.4
383,Elliott,4,10,0,True,2026-09-12T14:00:00Z,0,0,0,0,0,0,0,0,0,0,0,0,0,0,0,0.0,0.0,0.0,0.0,54,-1672,4155,0,1672,5.4
383,Elliott,5,3,0,False,2026-09-20T13:00:00Z,0,1,0,0,0,0,0,0,0,0,0,0,0,0,0,0.0,0.0,0.0,0.0,54,-576,3642,0,576,5.4
579,Araujo,1,17,1,False,2026-08-23T15:30:00Z,2,2,20,0,0,0,0,0,0,0,0,0,0,0,3,13.2,1.2,0.0,1.4,55,0,211388,0,0,5.5
579,Araujo,2,18,0,True,2026-08-29T11:30:00Z,2,2,13,0,0,0,0,0,0,0,1,0,0,0,-1,5.8,2.3,0.0,0.8,55,-9867,267054,23907,33774,5.5
579,Araujo,3,12,8,False,2026-09-04T19:00:00Z,0,2,90,0,0,1,0,0,0,0,0,0,0,0,27,20.0,2.4,2.0,2.4,54,-69165,212525,11375,80540,5.4
579,Araujo,4,10,6,True,2026-09-12T14:00:00Z,0,0,71,0,0,1,0,0,0,0,0,0,0,0,24,9.8,1.8,2.0,1.4,54,41974,292366,59861,17887,5.4
579,Araujo,5,3,7,False,2026-09-20T13:00:00Z,0,1,90,0,0,1,0,0,0,0,0,0,0,1,28,12.0,2.8,2.0,1.7,54,19285,315443,36773,17488,5.4
627,Barcola,3,12,1,False,2026-09-04T19:00:00Z,0,2,26,0,0,0,0,0,0,0,0,0,0,0,5,3.0,10.5,2.0,1.6,80,116172,145340,135788,19616,8.0
627,Barcola,4,10,3,True,2026-09-12T14:00:00Z,0,0,71,0,0,1,0,0,0,0,0,0,0,0,9,5.6,13.6,8.0,2.7,80,70941,238639,116804,45863,8.0
627,Barcola,5,3,3,False,2026-09-20T13:00:00Z,0,1,71,0,0,1,0,0,0,0,0,0,0,0,8,2.2,3.3,21.0,2.7,80,-20897,203917,24870,45767,8.0
155,Enzo,1,10,1,False,2026-08-24T19:00:00Z,2,3,25,0,0,0,0,0,0,0,0,0,0,0,6,3.4,12.0,0.0,1.5,70,0,442051,0,0,7.0
155,Enzo,2,5,0,True,2026-08-30T13:00:00Z,4,3,0,0,0,0,0,0,0,0,0,0,0,0,0,0.0,0.0,0.0,0.0,70,-74211,430662,14954,89165,7.0
155,Enzo,3,7,3,True,2026-09-05T14:00:00Z,1,0,75,0,0,1,0,0,0,0,0,0,0,0,17,10.2,18.9,18.0,4.7,69,-101968,341334,30968,132936,6.9
155,Enzo,4,16,2,False,2026-09-13T15:30:00Z,0,1,81,0,0,1,0,0,0,0,1,0,0,0,17,10.4,20.7,15.0,4.6,69,-12688,344271,39194,51882,6.9
155,Enzo,5,20,7,True,2026-09-20T13:00:00Z,5,3,90,1,0,0,3,0,0,0,0,0,0,0,33,39.8,21.2,9.0,7.0,69,23625,380480,56551,32926,6.9
237,Ndiaye,1,8,9,True,2026-08-22T14:00:00Z,2,0,90,0,1,1,0,0,0,0,0,0,0,1,36,40.8,39.8,48.0,12.9,60,0,1434152,0,0,6.0
237,Ndiaye,2,3,4,False,2026-08-29T14:00:00Z,1,1,90,0,0,0,1,0,0,0,0,0,0,0,16,12.6,14.5,10.0,3.7,60,62668,1595715,122688,60020,6.0
237,Ndiaye,3,7,3,True,2026-09-05T14:00:00Z,1,0,86,0,0,1,0,0,0,0,0,0,0,0,12,7.0,17.9,10.0,3.5,60,-391471,1152171,81681,473152,6.0
237,Ndiaye,4,16,1,False,2026-09-13T15:30:00Z,0,1,45,0,0,0,0,0,0,0,0,0,0,0,15,9.8,1.8,2.0,1.4,59,-300679,900785,43012,343691,5.9
237,Ndiaye,5,20,5,True,2026-09-20T13:00:00Z,5,3,74,0,1,0,3,0,0,0,0,0,0,0,31,7.6,28.6,10.0,4.6,59,-147652,784775,43488,191140,5.9
384,Donnarumma,1,3,3,True,2026-08-23T13:00:00Z,2,1,90,0,0,0,1,0,0,0,0,0,3,0,12,26.8,0.0,0.0,2.7,55,0,722204,0,0,5.5
384,Donnarumma,2,8,0,False,2026-08-28T19:00:00Z,1,4,90,0,0,0,1,1,0,0,0,0,1,0,5,6.8,0.0,0.0,0.7,55,-10944,828113,34008,44952,5.5
384,Donnarumma,3,7,7,True,2026-09-05T14:00:00Z,1,0,90,0,0,1,0,0,0,0,0,0,3,0,29,26.8,0.0,0.0,2.7,55,-48925,836587,71140,120065,5.5
384,Donnarumma,4,16,7,False,2026-09-13T15:30:00Z,0,1,90,0,0,1,0,0,0,0,0,0,3,0,29,20.6,0.0,0.0,2.1,55,-46242,797609,32234,78476,5.5
384,Donnarumma,5,20,2,True,2026-09-20T13:00:00Z,5,3,90,0,0,0,3,0,0,0,0,0,4,0,9,31.6,0.0,0.0,3.2,55,16386,879025,58809,42423,5.5
386,Bettinelli,1,3,0,True,2026-08-23T13:00:00Z,2,1,0,0,0,0,0,0,0,0,0,0,0,0,0,0.0,0.0,0.0,0.0,45,0,2479,0,0,4.5
386,Bettinelli,2,8,0,False,2026-08-28T19:00:00Z,1,4,0,0,0,0,0,0,0,0,0,0,0,0,0,0.0,0.0,0.0,0.0,45,-101,2853,135,236,4.5
386,Bettinelli,3,7,0,True,2026-09-05T14:00:00Z,1,0,0,0,0,0,0,0,0,0,0,0,0,0,0,0.0,0.0,0.0,0.0,45,-201,2867,172,373,4.5
386,Bettinelli,4,16,0,False,2026-09-13T15:30:00Z,0,1,0,0,0,0,0,0,0,0,0,0,0,0,0,0.0,0.0,0.0,0.0,45,-113,2911,128,241,4.5
386,Bettinelli,5,20,0,True,2026-09-20T13:00:00Z,5,3,0,0,0,0,0,0,0,0,0,0,0,0,0,0.0,0.0,0.0,0.0,45,-106,2873,80,186,4.5
387,O'Reilly,1,3,2,True,2026-08-23T13:00:00Z,2,1,62,0,0,0,1,0,0,0,0,0,0,0,5,8.8,30.4,11.0,5.0,65,0,1877660,0,0,6.5
387,O'Reilly,2,8,2,False,2026-08-28T19:00:00Z,1,4,88,0,0,0,1,0,0,0,0,0,0,0,11,3.6,7.8,5.0,1.6,65,-38546,2068744,68784,107330,6.5
387,O'Reilly,3,7,0,True,2026-09-05T14:00:00Z,1,0,0,0,0,0,0,0,0,0,0,0,0,0,0,0.0,0.0,0.0,0.0,65,-193787,1933486,97243,291030,6.5
387,O'Reilly,4,16,1,False,2026-09-13T15:30:00Z,0,1,8,0,0,0,0,0,0,0,0,0,0,0,3,0.0,0.5,0.0,0.1,64,-538591,1381174,8499,547090,6.4
387,O'Reilly,5,20,1,True,2026-09-20T13:00:00Z,5,3,5,0,0,0,0,0,0,0,0,0,0,0,3,5.4,0.8,17.0,2.3,64,-178243,1243931,12818,191061,6.4
388,Guéhi,1,3,10,True,2026-08-23T13:00:00Z,2,1,90,1,0,0,1,0,0,0,0,0,0,2,31,43.6,17.5,28.0,8.9,60,0,1521853,0,0,6.0
388,Guéhi,2,8,2,False,2026-08-28T19:00:00Z,1,4,90,0,0,0,1,0,0,0,0,0,0,0,12,24.2,15.8,0.0,4.0,60,140987,1952448,182745,41758,6.0
388,Guéhi,3,7,8,True,2026-09-05T14:00:00Z,1,0,90,0,0,1,0,0,0,0,0,0,0,2,31,28.8,9.6,2.0,4.0,60,-59173,1945720,122887,182060,6.0
388,Guéhi,4,16,6,False,2026-09-13T15:30:00Z,0,1,90,0,0,1,0,0,0,0,0,0,0,0,27,16.6,0.6,2.0,1.9,60,-25207,1956435,90239,115446,6.0
388,Guéhi,5,20,4,True,2026-09-20T13:00:00Z,5,3,90,0,1,0,3,0,0,0,0,0,0,0,13,32.8,13.1,9.0,5.5,60,13337,2017850,86049,72712,6.0
389,Matheus N.,1,3,1,True,2026-08-23T13:00:00Z,2,1,33,0,0,0,0,0,0,0,0,0,0,0,4,3.8,1.5,4.0,0.9,60,0,123928,0,0,6.0
389,Matheus N.,2,8,0,False,2026-08-28T19:00:00Z,1,4,0,0,0,0,0,0,0,0,0,0,0,0,0,0.0,0.0,0.0,0.0,60,-14462,142089,3031,17493,6.0
389,Matheus N.,3,7,0,True,2026-09-05T14:00:00Z,1,0,0,0,0,0,0,0,0,0,0,0,0,0,0,0.0,0.0,0.0,0.0,59,-37940,103772,479,38419,5.9
389,Matheus N.,4,16,9,False,2026-09-13T15:30:00Z,0,1,90,0,0,1,0,0,0,0,0,0,0,1,34,31.2,1.5,0.0,3.3,59,-8606,99893,2401,11007,5.9
389,Matheus N.,5,20,1,True,2026-09-20T13:00:00Z,5,3,90,0,0,0,3,0,0,0,0,0,0,0,0,25.0,3.3,0.0,2.8,59,3022,107181,7244,4222,5.9
390,Rúben,1,3,2,True,2026-08-23T13:00:00Z,2,1,90,0,0,0,1,0,0,0,0,0,0,0,11,24.4,17.9,2.0,4.4,55,0,148709,0,0,5.5
390,Rúben,2,8,2,False,2026-08-28T19:00:00Z,1,4,90,0,0,0,1,0,0,0,0,0,0,0,19,27.0,22.3,35.0,8.4,55,-2699,176387,9858,12557,5.5
390,Rúben,3,7,6,True,2026-09-05T14:00:00Z,1,0,90,0,0,1,0,0,0,0,0,0,0,0,25,20.6,6.6,0.0,2.7,55,-3537,186055,20417,23954,5.5
390,Rúben,4,16,6,False,2026-09-13T15:30:00Z,0,1,90,0,0,1,0,0,0,0,0,0,0,0,24,17.4,0.2,2.0,2.0,55,-6512,188216,11031,17543,5.5
390,Rúben,5,20,1,True,2026-09-20T13:00:00Z,5,3,90,0,0,0,3,0,0,0,0,0,0,0,-7,4.8,0.3,7.0,1.2,55,10534,208870,21282,10748,5.5
391,Gvardiol,1,3,9,True,2026-08-23T13:00:00Z,2,1,90,1,0,0,1,0,0,0,0,0,0,1,28,47.6,13.3,17.0,7.8,55,0,980214,0,0,5.5
391,Gvardiol,2,8,5,False,2026-08-28T19:00:00Z,1,4,74,0,1,0,1,0,0,0,0,0,0,0,18,27.6,30.8,2.0,6.0,55,193061,1383738,228418,35357,5.5
391,Gvardiol,3,7,8,True,2026-09-05T14:00:00Z,1,0,90,0,0,1,0,0,0,0,0,0,0,2,31,18.8,6.9,7.0,3.3,56,427408,2019409,548352,120944,5.6
391,Gvardiol,4,16,11,False,2026-09-13T15:30:00Z,0,1,90,0,1,1,0,0,0,0,1,0,0,3,36,16.4,1.1,4.0,2.2,56,152896,2126959,315722,162826,5.6
391,Gvardiol,5,20,4,True,2026-09-20T13:00:00Z,5,3,90,0,1,0,3,0,0,0,0,0,0,0,22,34.0,11.4,2.0,4.7,57,548451,2895075,589540,41089,5.7
392,Aït-Nouri,1,3,0,True,2026-08-23T13:00:00Z,2,1,0,0,0,0,0,0,0,0,0,0,0,0,0,0.0,0.0,0.0,0.0,55,0,79425,0,0,5.5
392,Aït-Nouri,2,8,0,False,2026-08-28T19:00:00Z,1,4,0,0,0,0,0,0,0,0,0,0,0,0,0,0.0,0.0,0.0,0.0,55,-14163,77633,2616,16779,5.5
392,Aït-Nouri,3,7,0,True,2026-09-05T14:00:00Z,1,0,0,0,0,0,0,0,0,0,0,0,0,0,0,0.0,0.0,0.0,0.0,54,-23051,56252,2020,25071,5.4
392,Aït-Nouri,4,16,0,False,2026-09-13T15:30:00Z,0,1,0,0,0,0,0,0,0,0,0,0,0,0,0,0.0,0.0,0.0,0.0,53,-9974,48901,1355,11329,5.3
392,Aït-Nouri,5,20,0,True,2026-09-20T13:00:00Z,5,3,0,0,0,0,0,0,0,0,0,0,0,0,0,0.0,0.0,0.0,0.0,53,-4869,45028,1361,6230,5.3
393,Khusanov,1,3,2,True,2026-08-23T13:00:00Z,2,1,90,0,0,0,1,0,0,0,0,0,0,0,14,17.0,3.4,0.0,2.0,55,0,147622,0,0,5.5
393,Khusanov,2,8,2,False,2026-08-28T19:00:00Z,1,4,88,0,0,0,1,0,0,0,0,0,0,0,17,21.0,5.3,4.0,3.0,55,-8451,170855,6086,14537,5.5
393,Khusanov,3,7,5,True,2026-09-05T14:00:00Z,1,0,90,0,0,1,0,0,0,0,1,0,0,0,22,13.6,3.9,0.0,1.8,55,-14491,166742,9792,24283,5.5
393,Khusanov,4,16,0,False,2026-09-13T15:30:00Z,0,1,0,0,0,0,0,0,0,0,0,0,0,0,0,0.0,0.0,0.0,0.0,55,-8055,166165,6115,14170,5.5
393,Khusanov,5,20,0,True,2026-09-20T13:00:00Z,5,3,0,0,0,0,0,0,0,0,0,0,0,0,0,0.0,0.0,0.0,0.0,54,-15213,154215,3443,18656,5.4
394,Alleyne,1,3,0,True,2026-08-23T13:00:00Z,2,1,0,0,0,0,0,0,0,0,0,0,0,0,0,0.0,0.0,0.0,0.0,50,0,1089,0,0,5.0
394,Alleyne,2,8,0,False,2026-08-28T19:00:00Z,1,4,0,0,0,0,0,0,0,0,0,0,0,0,0,0.0,0.0,0.0,0.0,50,-357,720,0,357,5.0
394,Alleyne,3,7,0,True,2026-09-05T14:00:00Z,1,0,0,0,0,0,0,0,0,0,0,0,0,0,0,0.0,0.0,0.0,0.0,50,-142,589,0,142,5.0
394,Alleyne,4,16,0,False,2026-09-13T15:30:00Z,0,1,0,0,0,0,0,0,0,0,0,0,0,0,0,0.0,0.0,0.0,0.0,50,-60,537,0,60,5.0
394,Alleyne,5,20,0,True,2026-09-20T13:00:00Z,5,3,0,0,0,0,0,0,0,0,0,0,0,0,0,0.0,0.0,0.0,0.0,50,-39,500,0,39,5.0
395,Lewis,1,3,1,True,2026-08-23T13:00:00Z,2,1,56,0,0,0,1,0,0,0,0,0,0,0,-1,3.8,3.8,39.0,4.7,45,0,18491,0,0,4.5
395,Lewis,2,8,0,False,2026-08-28T19:00:00Z,1,4,0,0,0,0,0,0,0,0,0,0,0,0,0,0.0,0.0,0.0,0.0,45,1097,25045,3620,2523,4.5
395,Lewis,3,7,0,True,2026-09-05T14:00:00Z,1,0,0,0,0,0,0,0,0,0,0,0,0,0,0,0.0,0.0,0.0,0.0,45,-3581,23634,2152,5733,4.5
395,Lewis,4,16,0,False,2026-09-13T15:30:00Z,0,1,0,0,0,0,0,0,0,0,0,0,0,0,0,0.0,0.0,0.0,0.0,44,-3042,22298,1037,4079,4.4
395,Lewis,5,20,0,True,2026-09-20T13:00:00Z,5,3,0,0,0,0,0,0,0,0,0,0,0,0,0,0.0,0.0,0.0,0.0,44,-1584,21617,1147,2731,4.4
396,Vitor Reis,1,3,0,True,2026-08-23T13:00:00Z,2,1,0,0,0,0,0,0,0,0,0,0,0,0,0,0.0,0.0,0.0,0.0,45,0,1856,0,0,4.5
396,Vitor Reis,2,8,1,False,2026-08-28T19:00:00Z,1,4,1,0,0,0,0,0,0,0,0,0,0,0,3,1.2,0.9,0.0,0.2,45,-138,2034,102,240,4.5
396,Vitor Reis,3,7,0,True,2026-09-05T14:00:00Z,1,0,0,0,0,0,0,0,0,0,0,0,0,0,0,0.0,0.0,0.0,0.0,45,-130,2767,132,262,4.5
396,Vitor Reis,4,16,0,False,2026-09-13T15:30:00Z,0,1,0,0,0,0,0,0,0,0,0,0,0,0,0,0.0,0.0,0.0,0.0,45,-193,3187,90,283,4.5
396,Vitor Reis,5,20,0,True,2026-09-20T13:00:00Z,5,3,0,0,0,0,0,0,0,0,0,0,0,0,0,0.0,0.0,0.0,0.0,45,-82,3479,156,238,4.5
397,Semenyo,1,3,2,True,2026-08-23T13:00:00Z,2,1,90,0,0,0,1,0,0,0,0,0,0,0,16,5.8,8.9,31.0,4.6,85,0,2354040,0,0,8.5
397,Semenyo,2,8,5,False,2026-08-28T19:00:00Z,1,4,90,0,1,0,1,0,0,0,0,0,0,0,33,29.2,43.0,40.0,11.2,85,-124110,2377196,49100,173210,8.5
397,Semenyo,3,7,6,True,2026-09-05T14:00:00Z,1,0,90,0,1,1,0,0,0,0,0,0,0,0,26,22.6,45.9,11.0,8.0,85,-362493,2009104,68628,431121,8.5
397,Semenyo,4,16,3,False,2026-09-13T15:30:00Z,0,1,90,0,0,1,0,0,0,0,0,0,0,0,7,2.2,16.1,6.0,2.4,84,-325768,1689535,35764,361532,8.4
397,Semenyo,5,20,17,True,2026-09-20T13:00:00Z,5,3,90,2,1,0,3,0,0,0,0,0,0,2,65,95.6,34.2,42.0,17.2,84,-139426,1598756,37411,176837,8.4
398,Foden,1,3,1,True,2026-08-23T13:00:00Z,2,1,81,0,0,0,1,0,0,0,1,0,0,0,15,10.4,49.6,15.0,7.5,70,0,387178,0,0,7.0
398,Foden,2,8,9,False,2026-08-28T19:00:00Z,1,4,90,0,2,0,1,0,0,0,0,0,0,1,38,42.8,45.8,17.0,10.6,70,-26374,400716,20147,46521,7.0
398,Foden,3,7,1,True,2026-09-05T14:00:00Z,1,0,24,0,0,0,0,0,0,0,0,0,0,0,3,4.4,14.8,7.0,2.6,70,187857,687362,262736,74879,7.0
398,Foden,4,16,-2,False,2026-09-13T15:30:00Z,0,1,22,0,0,0,0,0,0,0,0,1,0,0,-4,0.0,12.1,6.0,1.6,70,-191380,396620,18307,209687,7.0
398,Foden,5,20,0,True,2026-09-20T13:00:00Z,5,3,0,0,0,0,0,0,0,0,0,0,0,0,0,0.0,0.0,0.0,0.0,69,-204579,209654,2056,206635,6.9
399,Cherki,1,3,8,True,2026-08-23T13:00:00Z,2,1,27,0,2,0,0,0,0,0,0,0,0,1,28,39.2,48.8,4.0,9.2,75,0,679336,0,0,7.5
399,Cherki,2,8,14,False,2026-08-28T19:00:00Z,1,4,81,2,0,0,1,0,0,0,1,0,0,3,60,74.8,47.8,49.0,17.2,75,161916,1073154,203318,41402,7.5
399,Cherki,3,7,3,True,2026-09-05T14:00:00Z,1,0,65,0,0,1,0,0,0,0,0,0,0,0,23,7.4,52.2,24.0,8.4,77,1783948,3431400,1865890,81942,7.7
399,Cherki,4,16,1,False,2026-09-13T15:30:00Z,0,1,45,0,0,0,0,0,0,0,0,0,0,0,4,1.6,6.6,4.0,1.2,78,-139414,3069702,314949,454363,7.8
399,Cherki,5,20,8,True,2026-09-20T13:00:00Z,5,3,84,1,0,0,3,0,0,0,0,0,0,1,35,42.8,43.6,27.0,11.3,78,-126234,3041594,163004,289238,7.8
400,Doku,1,3,0,True,2026-08-23T13:00:00Z,2,1,0,0,0,0,0,0,0,0,0,0,0,0,0,0.0,0.0,0.0,0.0,75,0,191182,0,0,7.5
400,Doku,2,8,0,False,2026-08-28T19:00:00Z,1,4,0,0,0,0,0,0,0,0,0,0,0,0,0,0.0,0.0,0.0,0.0,75,-69521,122950,494,70015,7.5
400,Doku,3,7,0,True,2026-09-05T14:00:00Z,1,0,0,0,0,0,0,0,0,0,0,0,0,0,0,0.0,0.0,0.0,0.0,74,-33918,90983,453,34371,7.4
400,Doku,4,16,0,False,2026-09-13T15:30:00Z,0,1,0,0,0,0,0,0,0,0,0,0,0,0,0,0.0,0.0,0.0,0.0,74,-14480,77943,249,14729,7.4
400,Doku,5,20,1,True,2026-09-20T13:00:00Z,5,3,15,0,0,0,0,0,0,0,0,0,0,0,7,3.6,13.8,5.0,2.2,74,-6700,71797,271,6971,7.4
402,Rodrigo,1,3,0,True,2026-08-23T13:00:00Z,2,1,0,0,0,0,0,0,0,0,0,0,0,0,0,0.0,0.0,0.0,0.0,65,0,2341,0,0,6.5
402,Rodrigo,2,8,0,False,2026-08-28T19:00:00Z,1,4,0,0,0,0,0,0,0,0,0,0,0,0,0,0.0,0.0,0.0,0.0,65,-796,1526,0,796,6.5
402,Rodrigo,3,7,0,True,2026-09-05T14:00:00Z,1,0,0,0,0,0,0,0,0,0,0,0,0,0,0,0.0,0.0,0.0,0.0,65,-269,1283,0,269,6.5
402,Rodrigo,4,16,0,False,2026-09-13T15:30:00Z,0,1,0,0,0,0,0,0,0,0,0,0,0,0,0,0.0,0.0,0.0,0.0,65,-87,1206,0,87,6.5
402,Rodrigo,5,20,0,True,2026-09-20T13:00:00Z,5,3,0,0,0,0,0,0,0,0,0,0,0,0,0,0.0,0.0,0.0,0.0,65,-52,1158,0,52,6.5
404,Reijnders,1,3,0,True,2026-08-23T13:00:00Z,2,1,0,0,0,0,0,0,0,0,0,0,0,0,0,0.0,0.0,0.0,0.0,60,0,11692,0,0,6.0
404,Reijnders,2,8,0,False,2026-08-28T19:00:00Z,1,4,0,0,0,0,0,0,0,0,0,0,0,0,0,0.0,0.0,0.0,0.0,60,-5624,5966,0,5624,6.0
404,Reijnders,3,7,0,True,2026-09-05T14:00:00Z,1,0,0,0,0,0,0,0,0,0,0,0,0,0,0,0.0,0.0,0.0,0.0,60,-1696,4425,0,1696,6.0
404,Reijnders,4,16,0,False,2026-09-13T15:30:00Z,0,1,0,0,0,0,0,0,0,0,0,0,0,0,0,0.0,0.0,0.0,0.0,60,-541,3943,0,541,6.0
404,Reijnders,5,20,0,True,2026-09-20T13:00:00Z,5,3,0,0,0,0,0,0,0,0,0,0,0,0,0,0.0,0.0,0.0,0.0,60,-224,3723,0,224,6.0
406,Kovačić,1,3,1,True,2026-08-23T13:00:00Z,2,1,27,0,0,0,0,0,0,0,0,0,0,0,3,2.2,2.1,0.0,0.4,55,0,6303,0,0,5.5
406,Kovačić,2,8,1,False,2026-08-28T19:00:00Z,1,4,15,0,0,0,0,0,0,0,0,0,0,0,9,2.0,3.1,0.0,0.5,55,-460,8589,829,1289,5.5
406,Kovačić,3,7,0,True,2026-09-05T14:00:00Z,1,0,0,0,0,0,0,0,0,0,0,0,0,0,0,0.0,0.0,0.0,0.0,55,-1500,8577,647,2147,5.5
406,Kovačić,4,16,0,False,2026-09-13T15:30:00Z,0,1,0,0,0,0,0,0,0,0,0,0,0,0,0,0.0,0.0,0.0,0.0,54,-996,8409,425,1421,5.4
406,Kovačić,5,20,0,True,2026-09-20T13:00:00Z,5,3,0,0,0,0,0,0,0,0,0,0,0,0,0,0.0,0.0,0.0,0.0,54,-731,8157,241,972,5.4
407,Echeverri,1,3,0,True,2026-08-23T13:00:00Z,2,1,0,0,0,0,0,0,0,0,0,0,0,0,0,0.0,0.0,0.0,0.0,50,0,1572,0,0,5.0
407,Echeverri,2,8,0,False,2026-08-28T19:00:00Z,1,4,0,0,0,0,0,0,0,0,0,0,0,0,0,0.0,0.0,0.0,0.0,50,-204,1653,93,297,5.0
407,Echeverri,3,7,0,True,2026-09-05T14:00:00Z,1,0,0,0,0,0,0,0,0,0,0,0,0,0,0,0.0,0.0,0.0,0.0,49,-349,1429,157,506,4.9
407,Echeverri,4,16,0,False,2026-09-13T15:30:00Z,0,1,0,0,0,0,0,0,0,0,0,0,0,0,0,0.0,0.0,0.0,0.0,49,-350,1077,0,350,4.9
407,Echeverri,5,20,0,True,2026-09-20T13:00:00Z,5,3,0,0,0,0,0,0,0,0,0,0,0,0,0,0.0,0.0,0.0,0.0,49,-136,955,0,136,4.9
408,Phillips,1,3,0,True,2026-08-23T13:00:00Z,2,1,0,0,0,0,0,0,0,0,0,0,0,0,0,0.0,0.0,0.0,0.0,50,0,1073,0,0,5.0
408,Phillips,2,8,0,False,2026-08-28T19:00:00Z,1,4,0,0,0,0,0,0,0,0,0,0,0,0,0,0.0,0.0,0.0,0.0,50,-305,762,0,305,5.0
408,Phillips,3,7,0,True,2026-09-05T14:00:00Z,1,0,0,0,0,0,0,0,0,0,0,0,0,0,0,0.0,0.0,0.0,0.0,50,-156,608,0,156,5.0
408,Phillips,4,16,0,False,2026-09-13T15:30:00Z,0,1,0,0,0,0,0,0,0,0,0,0,0,0,0,0.0,0.0,0.0,0.0,50,-59,553,0,59,5.0
408,Phillips,5,20,0,True,2026-09-20T13:00:00Z,5,3,0,0,0,0,0,0,0,0,0,0,0,0,0,0.0,0.0,0.0,0.0,50,-39,517,0,39,5.0
409,Mukasa,1,3,0,True,2026-08-23T13:00:00Z,2,1,0,0,0,0,0,0,0,0,0,0,0,0,0,0.0,0.0,0.0,0.0,45,0,16621,0,0,4.5
409,Mukasa,2,8,0,False,2026-08-28T19:00:00Z,1,4,0,0,0,0,0,0,0,0,0,0,0,0,0,0.0,0.0,0.0,0.0,45,-1559,17482,927,2486,4.5
409,Mukasa,3,7,0,True,2026-09-05T14:00:00Z,1,0,0,0,0,0,0,0,0,0,0,0,0,0,0,0.0,0.0,0.0,0.0,45,-3281,14465,694,3975,4.5
409,Mukasa,4,16,0,False,2026-09-13T15:30:00Z,0,1,0,0,0,0,0,0,0,0,0,0,0,0,0,0.0,0.0,0.0,0.0,45,-3408,11304,0,3408,4.5
409,Mukasa,5,20,0,True,2026-09-20T13:00:00Z,5,3,0,0,0,0,0,0,0,0,0,0,0,0,0,0.0,0.0,0.0,0.0,45,-1698,9744,0,1698,4.5
410,Monga,1,3,0,True,2026-08-23T13:00:00Z,2,1,0,0,0,0,0,0,0,0,0,0,0,0,0,0.0,0.0,0.0,0.0,50,0,1505,0,0,5.0
410,Monga,2,8,0,False,2026-08-28T19:00:00Z,1,4,0,0,0,0,0,0,0,0,0,0,0,0,0,0.0,0.0,0.0,0.0,50,-207,1523,76,283,5.0
410,Monga,3,7,0,True,2026-09-05T14:00:00Z,1,0,0,0,0,0,0,0,0,0,0,0,0,0,0,0.0,0.0,0.0,0.0,49,-309,1321,143,452,4.9
410,Monga,4,16,0,False,2026-09-13T15:30:00Z,0,1,0,0,0,0,0,0,0,0,0,0,0,0,0,0.0,0.0,0.0,0.0,49,-363,989,0,363,4.9
410,Monga,5,20,0,True,2026-09-20T13:00:00Z,5,3,0,0,0,0,0,0,0,0,0,0,0,0,0,0.0,0.0,0.0,0.0,49,-122,874,0,122,4.9
411,Haaland,1,3,2,True,2026-08-23T13:00:00Z,2,1,90,0,0,0,1,0,0,0,0,0,0,0,6,3.8,5.2,50.0,5.9,155,0,6209794,0,0,15.5
411,Haaland,2,8,13,False,2026-08-28T19:00:00Z,1,4,90,2,0,0,1,0,0,0,0,0,0,3,60,69.0,0.1,51.0,12.0,155,-34247,6731685,69605,103852,15.5
411,Haaland,3,7,9,True,2026-09-05T14:00:00Z,1,0,90,1,0,1,0,0,0,0,0,0,0,3,40,48.8,13.6,63.0,12.5,155,360063,7594638,400573,40510,15.5
411,Haaland,4,16,9,False,2026-09-13T15:30:00Z,0,1,90,1,0,1,0,0,0,0,0,0,0,3,36,34.0,1.6,37.0,7.3,155,45312,7610939,178187,132875,15.5
411,Haaland,5,20,6,True,2026-09-20T13:00:00Z,5,3,90,1,0,0,3,0,0,0,0,0,0,0,25,28.6,2.0,57.0,8.8,156,172491,7989349,196912,24421,15.6
481,Anderson,1,3,2,True,2026-08-23T13:00:00Z,2,1,62,0,0,0,1,0,0,0,0,0,0,0,14,7.2,20.8,0.0,2.8,65,0,707651,0,0,6.5
481,Anderson,2,8,3,False,2026-08-28T19:00:00Z,1,4,81,0,0,0,1,0,0,0,1,0,0,0,25,25.0,20.2,13.0,5.8,64,-143069,597491,10236,153305,6.4
481,Anderson,3,7,3,True,2026-09-05T14:00:00Z,1,0,90,0,0,1,0,0,0,0,0,0,0,0,23,26.6,28.1,5.0,6.0,64,-91799,514714,41120,132919,6.4
481,Anderson,4,16,5,False,2026-09-13T15:30:00Z,0,1,90,0,0,1,0,0,0,0,0,0,0,0,18,15.2,3.3,0.0,1.9,63,-76716,447292,16389,93105,6.3
481,Anderson,5,20,2,True,2026-09-20T13:00:00Z,5,3,90,0,0,0,3,0,0,0,0,0,0,0,15,13.4,4.7,1.0,1.9,63,-8817,452582,29694,38511,6.3
587,Rulli,1,3,0,True,2026-08-23T13:00:00Z,2,1,0,0,0,0,0,0,0,0,0,0,0,0,0,0.0,0.0,0.0,0.0,50,0,1589,0,0,5.0
587,Rulli,2,8,0,False,2026-08-28T19:00:00Z,1,4,0,0,0,0,0,0,0,0,0,0,0,0,0,0.0,0.0,0.0,0.0,50,-130,2020,94,224,5.0
587,Rulli,3,7,0,True,2026-09-05T14:00:00Z,1,0,0,0,0,0,0,0,0,0,0,0,0,0,0,0.0,0.0,0.0,0.0,50,-193,2050,147,340,5.0
587,Rulli,4,16,0,False,2026-09-13T15:30:00Z,0,1,0,0,0,0,0,0,0,0,0,0,0,0,0,0.0,0.0,0.0,0.0,50,-127,2136,129,256,5.0
587,Rulli,5,20,0,True,2026-09-20T13:00:00Z,5,3,0,0,0,0,0,0,0,0,0,0,0,0,0,0.0,0.0,0.0,0.0,50,-29,2254,162,191,5.0
616,Bouaddi,2,8,1,False,2026-08-28T19:00:00Z,1,4,8,0,0,0,0,0,0,0,0,0,0,0,3,1.8,4.3,0.0,0.6,55,2706,4327,3055,349,5.5
616,Bouaddi,3,7,1,True,2026-09-05T14:00:00Z,1,0,14,0,0,0,0,0,0,0,0,0,0,0,5,11.2,0.5,0.0,1.2,55,6041,15546,9299,3258,5.5
616,Bouaddi,4,16,0,False,2026-09-13T15:30:00Z,0,1,0,0,0,0,0,0,0,0,0,0,0,0,0,0.0,0.0,0.0,0.0,55,937,18618,4899,3962,5.5
616,Bouaddi,5,20,0,True,2026-09-20T13:00:00Z,5,3,0,0,0,0,0,0,0,0,0,0,0,0,0,0.0,0.0,0.0,0.0,55,-924,18994,2946,3870,5.5
621,McAidoo,2,8,1,False,2026-08-28T19:00:00Z,1,4,8,0,0,0,0,0,0,0,0,0,0,0,3,0.0,0.5,1.0,0.1,45,0,0,0,0,4.5
621,McAidoo,3,7,1,True,2026-09-05T14:00:00Z,1,0,3,0,0,0,0,0,0,0,0,0,0,0,5,5.2,0.0,2.0,0.7,45,4752,9526,6678,1926,4.5
621,McAidoo,4,16,0,False,2026-09-13T15:30:00Z,0,1,0,0,0,0,0,0,0,0,0,0,0,0,0,0.0,0.0,0.0,0.0,45,1361,13105,3586,2225,4.5
621,McAidoo,5,20,0,True,2026-09-20T13:00:00Z,5,3,0,0,0,0,0,0,0,0,0,0,0,0,0,0.0,0.0,0.0,0.0,45,-967,11797,905,1872,4.5
622,Braithwaite,2,8,1,False,2026-08-28T19:00:00Z,1,4,1,0,0,0,0,0,0,0,0,0,0,0,3,0.6,0.8,0.0,0.1,40,0,0,0,0,4.0
622,Braithwaite,3,7,0,True,2026-09-05T14:00:00Z,1,0,0,0,0,0,0,0,0,0,0,0,0,0,0,0.0,0.0,0.0,0.0,40,7079,14144,9284,2205,4.0
622,Braithwaite,4,16,0,False,2026-09-13T15:30:00Z,0,1,0,0,0,0,0,0,0,0,0,0,0,0,0,0.0,0.0,0.0,0.0,40,1899,20693,4620,2721,4.0
622,Braithwaite,5,20,0,True,2026-09-20T13:00:00Z,5,3,0,0,0,0,0,0,0,0,0,0,0,0,0,0.0,0.0,0.0,0.0,40,-322,18924,2303,2625,4.0
628,Allan,3,7,0,True,2026-09-05T14:00:00Z,1,0,0,0,0,0,0,0,0,0,0,0,0,0,0,0.0,0.0,0.0,0.0,60,213,365,300,87,6.0
628,Allan,4,16,0,False,2026-09-13T15:30:00Z,0,1,0,0,0,0,0,0,0,0,0,0,0,0,0,0.0,0.0,0.0,0.0,60,117,671,309,192,6.0
628,Allan,5,20,0,True,2026-09-20T13:00:00Z,5,3,0,0,0,0,0,0,0,0,0,0,0,0,0,0.0,0.0,0.0,0.0,60,112,959,354,242,6.0
653,Samba,3,7,0,True,2026-09-05T14:00:00Z,1,0,0,0,0,0,0,0,0,0,0,0,0,0,0,0.0,0.0,0.0,0.0,45,0,0,0,0,4.5
653,Samba,4,16,0,False,2026-09-13T15:30:00Z,0,1,0,0,0,0,0,0,0,0,0,0,0,0,0,0.0,0.0,0.0,0.0,45,2090,5002,2898,808,4.5
653,Samba,5,20,0,True,2026-09-20T13:00:00Z,5,3,0,0,0,0,0,0,0,0,0,0,0,0,0,0.0,0.0,0.0,0.0,45,-124,3973,751,875,4.5
43,Tielemans,1,11,2,False,2026-08-22T11:30:00Z,2,0,66,0,0,0,2,0,0,0,0,0,0,0,13,5.0,11.3,4.0,2.0,60,0,224637,0,0,6.0
43,Tielemans,2,12,4,True,2026-08-30T15:30:00Z,5,2,90,0,0,0,2,0,0,0,0,0,0,0,26,33.2,46.3,20.0,10.0,60,-23073,232262,12631,35704,6.0
43,Tielemans,3,9,2,False,2026-09-06T13:00:00Z,2,2,90,0,0,0,2,0,0,0,0,0,0,0,17,18.6,18.9,9.0,4.7,59,-38742,201931,12766,51508,5.9
43,Tielemans,4,15,2,True,2026-09-13T15:30:00Z,0,1,66,0,0,0,1,0,0,0,0,0,0,0,15,12.2,13.8,4.0,3.0,59,-30355,177688,7880,38235,5.9
43,Tielemans,5,10,4,False,2026-09-20T15:30:00Z,1,1,90,0,0,0,1,0,0,0,0,0,0,0,22,18.2,22.3,6.0,4.7,58,-17007,165689,8170,25177,5.8
131,Baleba,1,2,0,True,2026-08-23T13:00:00Z,4,0,0,0,0,0,0,0,0,0,0,0,0,0,0,0.0,0.0,0.0,0.0,50,0,17798,0,0,5.0
131,Baleba,2,12,0,True,2026-08-30T15:30:00Z,5,2,0,0,0,0,0,0,0,0,0,0,0,0,0,0.0,0.0,0.0,0.0,50,-2097,17743,2324,4421,5.0
131,Baleba,3,9,0,False,2026-09-06T13:00:00Z,2,2,0,0,0,0,0,0,0,0,0,0,0,0,0,0.0,0.0,0.0,0.0,50,-3278,14956,1696,4974,5.0
131,Baleba,4,15,0,True,2026-09-13T15:30:00Z,0,1,0,0,0,0,0,0,0,0,0,0,0,0,0,0.0,0.0,0.0,0.0,50,-1747,13457,783,2530,5.0
131,Baleba,5,10,0,False,2026-09-20T15:30:00Z,1,1,0,0,0,0,0,0,0,0,0,0,0,0,0,0.0,0.0,0.0,0.0,49,-1080,12600,636,1716,4.9
162,Andrey Santos,1,11,2,False,2026-08-22T11:30:00Z,2,0,66,0,0,0,2,0,0,0,0,0,0,0,17,11.4,4.2,2.0,1.8,50,0,93940,0,0,5.0
162,Andrey Santos,2,12,1,True,2026-08-30T15:30:00Z,5,2,10,0,0,0,1,0,0,0,0,0,0,0,2,6.2,0.7,0.0,0.7,50,-7693,96490,7456,15149,5.0
162,Andrey Santos,3,9,1,False,2026-09-06T13:00:00Z,2,2,6,0,0,0,1,0,0,0,0,0,0,0,4,7.2,0.6,6.0,1.4,49,-16957,83163,7346,24303,4.9
162,Andrey Santos,4,15,0,True,2026-09-13T15:30:00Z,0,1,0,0,0,0,0,0,0,0,0,0,0,0,0,0.0,0.0,0.0,0.0,49,-13179,72284,3527,16706,4.9
162,Andrey Santos,5,10,0,False,2026-09-20T15:30:00Z,1,1,0,0,0,0,0,0,0,0,0,0,0,0,0,0.0,0.0,0.0,0.0,48,-9593,64624,2868,12461,4.8
325,Darlow,1,11,0,False,2026-08-22T11:30:00Z,2,0,0,0,0,0,0,0,0,0,0,0,0,0,0,0.0,0.0,0.0,0.0,45,0,3043,0,0,4.5
325,Darlow,2,12,0,True,2026-08-30T15:30:00Z,5,2,0,0,0,0,0,0,0,0,0,0,0,0,0,0.0,0.0,0.0,0.0,45,-15,3863,242,257,4.5
325,Darlow,3,9,0,False,2026-09-06T13:00:00Z,2,2,0,0,0,0,0,0,0,0,0,0,0,0,0,0.0,0.0,0.0,0.0,45,-122,4184,340,462,4.5
325,Darlow,4,15,0,True,2026-09-13T15:30:00Z,0,1,0,0,0,0,0,0,0,0,0,0,0,0,0,0.0,0.0,0.0,0.0,45,-89,4302,256,345,4.5
325,Darlow,5,10,0,False,2026-09-20T15:30:00Z,1,1,0,0,0,0,0,0,0,0,0,0,0,0,0,0.0,0.0,0.0,0.0,45,-148,4302,169,317,4.5
412,Lammens,1,11,1,False,2026-08-22T11:30:00Z,2,0,90,0,0,0,2,0,0,0,0,0,2,0,7,20.2,0.0,0.0,2.0,50,0,1497029,0,0,5.0
412,Lammens,2,12,2,True,2026-08-30T15:30:00Z,5,2,90,0,0,0,2,0,0,0,0,0,3,0,11,27.0,0.0,0.0,2.7,50,-53896,1543070,34714,88610,5.0
412,Lammens,3,9,2,False,2026-09-06T13:00:00Z,2,2,90,0,0,0,2,0,0,0,0,0,4,0,13,31.8,0.0,0.0,3.2,50,-158382,1379189,32200,190582,5.0
412,Lammens,4,15,2,True,2026-09-13T15:30:00Z,0,1,90,0,0,0,1,0,0,0,0,0,1,0,5,6.6,0.0,0.0,0.7,50,-227696,1178768,11379,239075,5.0
412,Lammens,5,10,4,False,2026-09-20T15:30:00Z,1,1,90,0,0,0,1,0,0,0,0,0,6,0,22,47.2,0.0,0.0,4.7,49,-106249,1105256,13915,120164,4.9
413,Bayindir,1,11,0,False,2026-08-22T11:30:00Z,2,0,0,0,0,0,0,0,0,0,0,0,0,0,0,0.0,0.0,0.0,0.0,45,0,2353,0,0,4.5
413,Bayindir,2,12,0,True,2026-08-30T15:30:00Z,5,2,0,0,0,0,0,0,0,0,0,0,0,0,0,0.0,0.0,0.0,0.0,45,-588,1739,0,588,4.5
413,Bayindir,3,9,0,False,2026-09-06T13:00:00Z,2,2,0,0,0,0,0,0,0,0,0,0,0,0,0,0.0,0.0,0.0,0.0,45,-292,1465,0,292,4.5
413,Bayindir,4,15,0,True,2026-09-13T15:30:00Z,0,1,0,0,0,0,0,0,0,0,0,0,0,0,0,0.0,0.0,0.0,0.0,45,-137,1335,0,137,4.5
413,Bayindir,5,10,0,False,2026-09-20T15:30:00Z,1,1,0,0,0,0,0,0,0,0,0,0,0,0,0,0.0,0.0,0.0,0.0,45,-93,1255,0,93,4.5
414,Heaton,1,11,0,False,2026-08-22T11:30:00Z,2,0,0,0,0,0,0,0,0,0,0,0,0,0,0,0.0,0.0,0.0,0.0,40,0,9078,0,0,4.0
414,Heaton,2,12,0,True,2026-08-30T15:30:00Z,5,2,0,0,0,0,0,0,0,0,0,0,0,0,0,0.0,0.0,0.0,0.0,40,-790,8703,215,1005,4.0
414,Heaton,3,9,0,False,2026-09-06T13:00:00Z,2,2,0,0,0,0,0,0,0,0,0,0,0,0,0,0.0,0.0,0.0,0.0,40,-342,8868,634,976,4.0
414,Heaton,4,15,0,True,2026-09-13T15:30:00Z,0,1,0,0,0,0,0,0,0,0,0,0,0,0,0,0.0,0.0,0.0,0.0,40,-119,8836,696,815,4.0
414,Heaton,5,10,0,False,2026-09-20T15:30:00Z,1,1,0,0,0,0,0,0,0,0,0,0,0,0,0,0.0,0.0,0.0,0.0,40,-118,8762,373,491,4.0
415,Dorgu,1,11,0,False,2026-08-22T11:30:00Z,2,0,45,0,0,0,2,0,0,0,1,0,0,0,-11,0.0,1.2,16.0,0.7,60,0,121744,0,0,6.0
415,Dorgu,2,12,1,True,2026-08-30T15:30:00Z,5,2,10,0,0,0,1,0,0,0,0,0,0,0,4,7.0,11.7,39.0,5.8,60,-23853,107542,4808,28661,6.0
415,Dorgu,3,9,1,False,2026-09-06T13:00:00Z,2,2,20,0,0,0,2,0,0,0,0,0,0,0,3,4.2,1.3,2.0,0.8,59,-33546,75573,3139,36685,5.9
415,Dorgu,4,15,4,True,2026-09-13T15:30:00Z,0,1,90,0,0,0,1,0,0,0,0,0,0,0,19,19.6,18.7,4.0,4.2,58,-16892,62553,2154,19046,5.8
415,Dorgu,5,10,4,False,2026-09-20T15:30:00Z,1,1,6,0,1,0,0,0,0,0,0,0,0,0,12,18.4,11.2,11.0,4.1,58,-6276,58577,2869,9145,5.8
416,De Ligt,1,11,0,False,2026-08-22T11:30:00Z,2,0,0,0,0,0,0,0,0,0,0,0,0,0,0,0.0,0.0,0.0,0.0,50,0,2274,0,0,5.0
416,De Ligt,2,12,0,True,2026-08-30T15:30:00Z,5,2,0,0,0,0,0,0,0,0,0,0,0,0,0,0.0,0.0,0.0,0.0,50,-381,2498,117,498,5.0
416,De Ligt,3,9,0,False,2026-09-06T13:00:00Z,2,2,0,0,0,0,0,0,0,0,0,0,0,0,0,0.0,0.0,0.0,0.0,50,-367,2390,96,463,5.0
416,De Ligt,4,15,0,True,2026-09-13T15:30:00Z,0,1,0,0,0,0,0,0,0,0,0,0,0,0,0,0.0,0.0,0.0,0.0,50,-177,2411,87,264,5.0
416,De Ligt,5,10,0,False,2026-09-20T15:30:00Z,1,1,0,0,0,0,0,0,0,0,0,0,0,0,0,0.0,0.0,0.0,0.0,50,-119,2417,79,198,5.0
417,Dalot,1,11,1,False,2026-08-22T11:30:00Z,2,0,10,0,0,0,0,0,0,0,0,0,0,0,6,7.6,11.3,0.0,1.9,50,0,246316,0,0,5.0
417,Dalot,2,12,2,True,2026-08-30T15:30:00Z,5,2,73,0,0,0,1,0,0,0,0,0,0,0,12,16.4,42.2,33.0,9.2,50,-25442,242125,8190,33632,5.0
417,Dalot,3,9,1,False,2026-09-06T13:00:00Z,2,2,83,0,0,0,1,0,0,0,1,0,0,0,8,4.8,22.7,6.0,3.4,50,-29674,219064,9011,38685,5.0
417,Dalot,4,15,2,True,2026-09-13T15:30:00Z,0,1,90,0,0,0,1,0,0,0,0,0,0,0,9,6.2,16.5,3.0,2.6,49,-32120,192489,3882,36002,4.9
417,Dalot,5,10,2,False,2026-09-20T15:30:00Z,1,1,90,0,0,0,1,0,0,0,0,0,0,0,11,8.6,15.0,7.0,3.1,49,-16480,180890,3696,20176,4.9
418,Maguire,1,11,1,False,2026-08-22T11:30:00Z,2,0,90,0,0,0,2,0,0,0,0,0,0,0,15,25.4,28.6,19.0,7.3,50,0,1650905,0,0,5.0
418,Maguire,2,12,4,True,2026-08-30T15:30:00Z,5,2,90,0,1,0,2,0,0,0,0,0,0,0,13,7.2,1.5,6.0,1.5,50,-53358,1686850,52953,106311,5.0
418,Maguire,3,9,2,False,2026-09-06T13:00:00Z,2,2,90,0,0,0,2,0,0,0,1,0,0,0,1,26.8,1.3,2.0,3.0,50,-240933,1407635,49780,290713,5.0
418,Maguire,4,15,1,True,2026-09-13T15:30:00Z,0,1,90,0,0,0,1,0,0,0,1,0,0,0,4,9.4,1.6,11.0,2.2,49,-358924,1091541,17287,376211,4.9
418,Maguire,5,10,2,False,2026-09-20T15:30:00Z,1,1,90,0,0,0,1,0,0,0,0,0,0,0,17,17.2,17.1,12.0,4.6,49,-142518,993742,13938,156456,4.9
419,Martinez,1,11,0,False,2026-08-22T11:30:00Z,2,0,0,0,0,0,0,0,0,0,0,0,0,0,0,0.0,0.0,0.0,0.0,50,0,115360,0,0,5.0
419,Martinez,2,12,1,True,2026-08-30T15:30:00Z,5,2,90,0,0,0,2,0,0,0,0,0,0,0,2,4.8,1.8,3.0,1.0,50,-12800,127444,6775,19575,5.0
419,Martinez,3,9,3,False,2026-09-06T13:00:00Z,2,2,90,0,0,0,2,0,0,0,0,0,0,0,7,29.0,0.3,0.0,2.9,50,-9944,128156,8174,18118,5.0
419,Martinez,4,15,2,True,2026-09-13T15:30:00Z,0,1,90,0,0,0,1,0,0,0,0,0,0,0,14,20.2,3.4,7.0,3.1,50,-6006,130813,7461,13467,5.0
419,Martinez,5,10,0,False,2026-09-20T15:30:00Z,1,1,90,0,0,0,1,1,0,0,0,0,0,0,6,12.4,13.3,22.0,4.8,50,823,138877,10516,9693,5.0
420,Yoro,1,11,0,False,2026-08-22T11:30:00Z,2,0,0,0,0,0,0,0,0,0,0,0,0,0,0,0.0,0.0,0.0,0.0,50,0,62047,0,0,5.0
420,Yoro,2,12,1,True,2026-08-30T15:30:00Z,5,2,16,0,0,0,1,0,0,0,0,0,0,0,-2,1.8,1.8,0.0,0.4,50,-9208,62806,1536,10744,5.0
420,Yoro,3,9,1,False,2026-09-06T13:00:00Z,2,2,6,0,0,0,1,0,0,0,0,0,0,0,1,6.0,0.6,2.0,0.9,49,-9461,56599,1735,11196,4.9
420,Yoro,4,15,0,True,2026-09-13T15:30:00Z,0,1,0,0,0,0,0,0,0,0,0,0,0,0,0,0.0,0.0,0.0,0.0,49,-6069,52988,894,6963,4.9
420,Yoro,5,10,0,False,2026-09-20T15:30:00Z,1,1,0,0,0,0,0,0,0,0,0,0,0,0,0,0.0,0.0,0.0,0.0,49,-4322,50197,617,4939,4.9
421,Heaven,1,11,1,False,2026-08-22T11:30:00Z,2,0,90,0,0,0,2,0,0,0,0,0,0,0,5,6.8,2.6,11.0,2.0,45,0,33647,0,0,4.5
421,Heaven,2,12,0,True,2026-08-30T15:30:00Z,5,2,0,0,0,0,0,0,0,0,0,0,0,0,0,0.0,0.0,0.0,0.0,45,-1103,40184,3088,4191,4.5
421,Heaven,3,9,0,False,2026-09-06T13:00:00Z,2,2,0,0,0,0,0,0,0,0,0,0,0,0,0,0.0,0.0,0.0,0.0,45,-7661,34853,1300,8961,4.5
421,Heaven,4,15,0,True,2026-09-13T15:30:00Z,0,1,0,0,0,0,0,0,0,0,0,0,0,0,0,0.0,0.0,0.0,0.0,44,-5029,31486,769,5798,4.4
421,Heaven,5,10,0,False,2026-09-20T15:30:00Z,1,1,0,0,0,0,0,0,0,0,0,0,0,0,0,0.0,0.0,0.0,0.0,44,-3023,29351,613,3636,4.4
422,Mazraoui,1,11,1,False,2026-08-22T11:30:00Z,2,0,79,0,0,0,2,0,0,0,0,0,0,0,8,17.4,29.4,9.0,5.6,45,0,56217,0,0,4.5
422,Mazraoui,2,12,1,True,2026-08-30T15:30:00Z,5,2,17,0,0,0,1,0,0,0,0,0,0,0,-1,1.4,1.3,0.0,0.3,45,-238,70057,5854,6092,4.5
422,Mazraoui,3,9,1,False,2026-09-06T13:00:00Z,2,2,1,0,0,0,1,0,0,0,0,0,0,0,-1,2.2,0.5,2.0,0.5,45,-9779,64636,3244,13023,4.5
422,Mazraoui,4,15,0,True,2026-09-13T15:30:00Z,0,1,0,0,0,0,0,0,0,0,0,0,0,0,0,0.0,0.0,0.0,0.0,44,-8954,59306,2102,11056,4.4
422,Mazraoui,5,10,0,False,2026-09-20T15:30:00Z,1,1,0,0,0,0,0,0,0,0,0,0,0,0,0,0.0,0.0,0.0,0.0,44,-5332,55791,2584,7916,4.4
423,Shaw,1,11,1,False,2026-08-22T11:30:00Z,2,0,90,0,0,0,2,0,0,0,0,0,0,0,13,25.2,59.2,6.0,9.0,45,0,1947696,0,0,4.5
423,Shaw,2,12,2,True,2026-08-30T15:30:00Z,5,2,72,0,0,0,1,0,0,0,0,0,0,0,12,18.4,1.6,4.0,2.4,45,-74162,1935721,42927,117089,4.5
423,Shaw,3,9,4,False,2026-09-06T13:00:00Z,2,2,90,0,1,0,1,0,0,0,1,0,0,0,22,42.4,24.8,3.0,7.0,45,-303431,1575355,30459,333890,4.5
423,Shaw,4,15,0,True,2026-09-13T15:30:00Z,0,1,0,0,0,0,0,0,0,0,0,0,0,0,0,0.0,0.0,0.0,0.0,44,-396169,1210238,21871,418040,4.4
423,Shaw,5,10,2,False,2026-09-20T15:30:00Z,1,1,83,0,0,0,1,0,0,0,0,0,0,0,7,6.6,6.0,4.0,1.7,44,-360683,879239,2227,362910,4.4
424,Amass,1,11,0,False,2026-08-22T11:30:00Z,2,0,0,0,0,0,0,0,0,0,0,0,0,0,0,0.0,0.0,0.0,0.0,40,0,18310,0,0,4.0
424,Amass,2,12,0,True,2026-08-30T15:30:00Z,5,2,0,0,0,0,0,0,0,0,0,0,0,0,0,0.0,0.0,0.0,0.0,40,-1093,19337,888,1981,4.0
424,Amass,3,9,0,False,2026-09-06T13:00:00Z,2,2,0,0,0,0,0,0,0,0,0,0,0,0,0,0.0,0.0,0.0,0.0,40,-414,21308,1942,2356,4.0
424,Amass,4,15,0,True,2026-09-13T15:30:00Z,0,1,0,0,0,0,0,0,0,0,0,0,0,0,0,0.0,0.0,0.0,0.0,40,-300,21846,1680,1980,4.0
424,Amass,5,10,0,False,2026-09-20T15:30:00Z,1,1,0,0,0,0,0,0,0,0,0,0,0,0,0,0.0,0.0,0.0,0.0,40,-321,21588,1392,1713,4.0
425,Fredricson,1,11,0,False,2026-08-22T11:30:00Z,2,0,0,0,0,0,0,0,0,0,0,0,0,0,0,0.0,0.0,0.0,0.0,40,0,2582,0,0,4.0
425,Fredricson,2,12,0,True,2026-08-30T15:30:00Z,5,2,0,0,0,0,0,0,0,0,0,0,0,0,0,0.0,0.0,0.0,0.0,40,-680,1885,0,680,4.0
425,Fredricson,3,9,0,False,2026-09-06T13:00:00Z,2,2,0,0,0,0,0,0,0,0,0,0,0,0,0,0.0,0.0,0.0,0.0,40,-329,1561,0,329,4.0
425,Fredricson,4,15,0,True,2026-09-13T15:30:00Z,0,1,0,0,0,0,0,0,0,0,0,0,0,0,0,0.0,0.0,0.0,0.0,40,-152,1428,0,152,4.0
425,Fredricson,5,10,0,False,2026-09-20T15:30:00Z,1,1,0,0,0,0,0,0,0,0,0,0,0,0,0,0.0,0.0,0.0,0.0,40,-107,1329,0,107,4.0
426,B.Fernandes,1,11,2,False,2026-08-22T11:30:00Z,2,0,90,0,0,0,2,0,0,0,0,0,0,0,18,20.2,55.4,17.0,9.3,120,0,4653303,0,0,12.0
426,B.Fernandes,2,12,23,True,2026-08-30T15:30:00Z,5,2,90,3,1,0,2,0,0,0,0,0,0,3,87,132.4,62.5,66.0,26.1,120,-180062,4770471,48518,228580,12.0
426,B.Fernandes,3,9,2,False,2026-09-06T13:00:00Z,2,2,90,0,0,0,2,0,0,0,0,0,0,0,11,3.4,33.6,14.0,5.1,120,36750,5025755,371832,335082,12.0
426,B.Fernandes,4,15,2,True,2026-09-13T15:30:00Z,0,1,90,0,0,0,1,0,0,0,0,0,0,0,17,17.0,31.4,7.0,5.5,120,-615807,4455713,123022,738829,12.0
426,B.Fernandes,5,10,2,False,2026-09-20T15:30:00Z,1,1,90,0,0,0,1,0,0,0,0,0,0,0,15,14.0,58.8,13.0,8.6,120,-282231,4318751,68228,350459,12.0
427,Mbeumo,1,11,2,False,2026-08-22T11:30:00Z,2,0,90,0,0,0,2,0,0,0,0,0,0,0,12,9.6,28.1,49.0,8.7,80,0,3492739,0,0,8.0
427,Mbeumo,2,12,11,True,2026-08-30T15:30:00Z,5,2,90,1,1,0,2,0,0,0,1,0,0,2,37,45.6,43.3,35.0,12.4,80,-137963,3537164,82225,220188,8.0
427,Mbeumo,3,9,8,False,2026-09-06T13:00:00Z,2,2,90,1,0,0,2,0,0,0,0,0,0,1,29,39.8,13.7,18.0,7.2,80,-752284,2705759,92628,844912,8.0
427,Mbeumo,4,15,2,True,2026-09-13T15:30:00Z,0,1,90,0,0,0,1,0,0,0,0,0,0,0,9,11.2,32.8,24.0,6.8,79,-362745,2456322,156650,519395,7.9
427,Mbeumo,5,10,2,False,2026-09-20T15:30:00Z,1,1,90,0,0,0,1,0,0,0,0,0,0,0,23,14.6,46.3,30.0,9.1,79,-206528,2322581,95476,302004,7.9
428,Cunha,1,11,2,False,2026-08-22T11:30:00Z,2,0,79,0,0,0,2,0,0,0,0,0,0,0,14,5.4,28.2,35.0,6.9,80,0,901042,0,0,8.0
428,Cunha,2,12,9,True,2026-08-30T15:30:00Z,5,2,79,0,2,0,1,0,0,0,0,0,0,1,31,20.0,27.6,28.0,7.6,80,-66103,924196,26854,92957,8.0
428,Cunha,3,9,3,False,2026-09-06T13:00:00Z,2,2,69,0,0,1,0,0,0,0,0,0,0,0,10,2.8,6.2,10.0,1.9,80,-134183,802045,23584,157767,8.0
428,Cunha,4,15,2,True,2026-09-13T15:30:00Z,0,1,90,0,0,0,1,0,0,0,0,0,0,0,8,2.4,14.3,15.0,3.2,79,-138505,680785,11751,150256,7.9
428,Cunha,5,10,10,False,2026-09-20T15:30:00Z,1,1,90,1,0,0,1,0,0,0,0,0,0,3,32,42.4,35.2,26.0,10.4,79,-75494,620030,11557,87051,7.9
429,Rashford,1,11,1,False,2026-08-22T11:30:00Z,2,0,45,0,0,0,0,0,0,0,0,0,0,0,9,11.6,48.6,4.0,6.4,70,0,134653,0,0,7.0
429,Rashford,2,12,2,True,2026-08-30T15:30:00Z,5,2,79,0,0,0,1,0,0,0,0,0,0,0,17,16.0,34.3,58.0,10.8,70,-7014,165554,15064,22078,7.0
429,Rashford,3,9,3,False,2026-09-06T13:00:00Z,2,2,69,0,0,1,0,0,0,0,0,0,0,0,11,3.8,12.5,8.0,2.4,70,-15044,166436,22811,37855,7.0
429,Rashford,4,15,2,True,2026-09-13T15:30:00Z,0,1,82,0,0,0,1,0,0,0,0,0,0,0,6,5.4,14.1,29.0,4.9,70,-3479,172900,24764,28243,7.0
429,Rashford,5,10,2,False,2026-09-20T15:30:00Z,1,1,76,0,0,0,1,0,0,0,0,0,0,0,15,16.6,53.7,58.0,12.8,70,-4515,171653,18390,22905,7.0
430,Mount,1,11,0,False,2026-08-22T11:30:00Z,2,0,0,0,0,0,0,0,0,0,0,0,0,0,0,0.0,0.0,0.0,0.0,55,0,3202,0,0,5.5
430,Mount,2,12,0,True,2026-08-30T15:30:00Z,5,2,0,0,0,0,0,0,0,0,0,0,0,0,0,0.0,0.0,0.0,0.0,55,-660,2752,35,695,5.5
430,Mount,3,9,0,False,2026-09-06T13:00:00Z,2,2,0,0,0,0,0,0,0,0,0,0,0,0,0,0.0,0.0,0.0,0.0,54,-530,2327,60,590,5.4
430,Mount,4,15,0,True,2026-09-13T15:30:00Z,0,1,0,0,0,0,0,0,0,0,0,0,0,0,0,0.0,0.0,0.0,0.0,54,54,2733,272,218,5.4
430,Mount,5,10,1,False,2026-09-20T15:30:00Z,1,1,10,0,0,0,0,0,0,0,0,0,0,0,3,0.6,1.1,5.0,0.7,54,88,3100,361,273,5.4
431,Amad,1,11,0,False,2026-08-22T11:30:00Z,2,0,0,0,0,0,0,0,0,0,0,0,0,0,0,0.0,0.0,0.0,0.0,60,0,145627,0,0,6.0
431,Amad,2,12,0,True,2026-08-30T15:30:00Z,5,2,0,0,0,0,0,0,0,0,0,0,0,0,0,0.0,0.0,0.0,0.0,59,-57883,91945,1576,59459,5.9
431,Amad,3,9,0,False,2026-09-06T13:00:00Z,2,2,0,0,0,0,0,0,0,0,0,0,0,0,0,0.0,0.0,0.0,0.0,58,-42560,50069,243,42803,5.8
431,Amad,4,15,0,True,2026-09-13T15:30:00Z,0,1,0,0,0,0,0,0,0,0,0,0,0,0,0,0.0,0.0,0.0,0.0,58,-13432,38595,148,13580,5.8
431,Amad,5,10,0,False,2026-09-20T15:30:00Z,1,1,0,0,0,0,0,0,0,0,0,0,0,0,0,0.0,0.0,0.0,0.0,57,-5804,33185,75,5879,5.7
432,Mainoo,1,11,1,False,2026-08-22T11:30:00Z,2,0,23,0,0,0,0,0,0,0,0,0,0,0,7,2.8,2.5,2.0,0.7,55,0,89014,0,0,5.5
432,Mainoo,2,12,4,True,2026-08-30T15:30:00Z,5,2,79,0,0,0,1,0,0,0,0,0,0,0,25,15.2,7.2,9.0,3.1,55,-10233,93316,3460,13693,5.5
432,Mainoo,3,9,9,False,2026-09-06T13:00:00Z,2,2,83,0,1,0,1,0,0,0,0,0,0,2,32,34.2,24.5,0.0,5.9,55,6351,117218,19482,13131,5.5
432,Mainoo,4,15,4,True,2026-09-13T15:30:00Z,0,1,90,0,0,0,1,0,0,0,0,0,0,0,20,19.8,37.2,1.0,5.8,55,17969,147734,30157,12188,5.5
432,Mainoo,5,10,4,False,2026-09-20T15:30:00Z,1,1,79,0,0,0,1,0,0,0,0,0,0,0,18,11.2,17.4,9.0,3.8,55,20730,177650,33995,13265,5.5
433,Ugarte,1,11,0,False,2026-08-22T11:30:00Z,2,0,0,0,0,0,0,0,0,0,0,0,0,0,0,0.0,0.0,0.0,0.0,50,0,333,0,0,5.0
433,Ugarte,2,12,0,True,2026-08-30T15:30:00Z,5,2,0,0,0,0,0,0,0,0,0,0,0,0,0,0.0,0.0,0.0,0.0,50,-64,348,24,88,5.0
433,Ugarte,3,9,0,False,2026-09-06T13:00:00Z,2,2,0,0,0,0,0,0,0,0,0,0,0,0,0,0.0,0.0,0.0,0.0,50,-37,371,32,69,5.0
433,Ugarte,4,15,0,True,2026-09-13T15:30:00Z,0,1,0,0,0,0,0,0,0,0,0,0,0,0,0,0.0,0.0,0.0,0.0,50,-22,388,25,47,5.0
433,Ugarte,5,10,0,False,2026-09-20T15:30:00Z,1,1,0,0,0,0,0,0,0,0,0,0,0,0,0,0.0,0.0,0.0,0.0,50,-21,386,15,36,5.0
434,J.Fletcher,1,11,0,False,2026-08-22T11:30:00Z,2,0,0,0,0,0,0,0,0,0,0,0,0,0,0,0.0,0.0,0.0,0.0,50,0,1008,0,0,5.0
434,J.Fletcher,2,12,0,True,2026-08-30T15:30:00Z,5,2,0,0,0,0,0,0,0,0,0,0,0,0,0,0.0,0.0,0.0,0.0,50,-128,1094,41,169,5.0
434,J.Fletcher,3,9,0,False,2026-09-06T13:00:00Z,2,2,0,0,0,0,0,0,0,0,0,0,0,0,0,0.0,0.0,0.0,0.0,50,-102,1121,84,186,5.0
434,J.Fletcher,4,15,0,True,2026-09-13T15:30:00Z,0,1,0,0,0,0,0,0,0,0,0,0,0,0,0,0.0,0.0,0.0,0.0,49,-67,1170,101,168,4.9
434,J.Fletcher,5,10,0,False,2026-09-20T15:30:00Z,1,1,0,0,0,0,0,0,0,0,0,0,0,0,0,0.0,0.0,0.0,0.0,49,-71,1151,54,125,4.9
435,Lacey,1,11,1,False,2026-08-22T11:30:00Z,2,0,10,0,0,0,0,0,0,0,0,0,0,0,3,0.2,0.6,0.0,0.1,50,0,4147,0,0,5.0
435,Lacey,2,12,0,True,2026-08-30T15:30:00Z,5,2,0,0,0,0,0,0,0,0,0,0,0,0,0,0.0,0.0,0.0,0.0,50,-263,4851,327,590,5.0
435,Lacey,3,9,0,False,2026-09-06T13:00:00Z,2,2,0,0,0,0,0,0,0,0,0,0,0,0,0,0.0,0.0,0.0,0.0,50,-740,5286,298,1038,5.0
435,Lacey,4,15,0,True,2026-09-13T15:30:00Z,0,1,0,0,0,0,0,0,0,0,0,0,0,0,0,0.0,0.0,0.0,0.0,49,-577,5384,197,774,4.9
435,Lacey,5,10,0,False,2026-09-20T15:30:00Z,1,1,0,0,0,0,0,0,0,0,0,0,0,0,0,0.0,0.0,0.0,0.0,49,-32,5831,531,563,4.9
436,Collyer,1,11,0,False,2026-08-22T11:30:00Z,2,0,0,0,0,0,0,0,0,0,0,0,0,0,0,0.0,0.0,0.0,0.0,50,0,1568,0,0,5.0
436,Collyer,2,12,0,True,2026-08-30T15:30:00Z,5,2,0,0,0,0,0,0,0,0,0,0,0,0,0,0.0,0.0,0.0,0.0,50,-174,1667,60,234,5.0
436,Collyer,3,9,0,False,2026-09-06T13:00:00Z,2,2,0,0,0,0,0,0,0,0,0,0,0,0,0,0.0,0.0,0.0,0.0,50,-291,1461,90,381,5.0
436,Collyer,4,15,0,True,2026-09-13T15:30:00Z,0,1,0,0,0,0,0,0,0,0,0,0,0,0,0,0.0,0.0,0.0,0.0,50,-257,1225,0,257,5.0
436,Collyer,5,10,0,False,2026-09-20T15:30:00Z,1,1,0,0,0,0,0,0,0,0,0,0,0,0,0,0.0,0.0,0.0,0.0,50,-135,1099,0,135,5.0
437,Bendito Mantato,1,11,0,False,2026-08-22T11:30:00Z,2,0,0,0,0,0,0,0,0,0,0,0,0,0,0,0.0,0.0,0.0,0.0,45,0,16079,0,0,4.5
437,Bendito Mantato,2,12,0,True,2026-08-30T15:30:00Z,5,2,0,0,0,0,0,0,0,0,0,0,0,0,0,0.0,0.0,0.0,0.0,45,-1410,17670,961,2371,4.5
437,Bendito Mantato,3,9,0,False,2026-09-06T13:00:00Z,2,2,0,0,0,0,0,0,0,0,0,0,0,0,0,0.0,0.0,0.0,0.0,45,-934,18885,1762,2696,4.5
437,Bendito Mantato,4,15,0,True,2026-09-13T15:30:00Z,0,1,0,0,0,0,0,0,0,0,0,0,0,0,0,0.0,0.0,0.0,0.0,45,-694,19130,1317,2011,4.5
437,Bendito Mantato,5,10,0,False,2026-09-20T15:30:00Z,1,1,0,0,0,0,0,0,0,0,0,0,0,0,0,0.0,0.0,0.0,0.0,45,-1079,18231,624,1703,4.5
438,Fletcher,1,11,0,False,2026-08-22T11:30:00Z,2,0,0,0,0,0,0,0,0,0,0,0,0,0,0,0.0,0.0,0.0,0.0,45,0,31336,0,0,4.5
438,Fletcher,2,12,0,True,2026-08-30T15:30:00Z,5,2,0,0,0,0,0,0,0,0,0,0,0,0,0,0.0,0.0,0.0,0.0,45,-2656,32667,1328,3984,4.5
438,Fletcher,3,9,0,False,2026-09-06T13:00:00Z,2,2,0,0,0,0,0,0,0,0,0,0,0,0,0,0.0,0.0,0.0,0.0,45,-2436,32226,1884,4320,4.5
438,Fletcher,4,15,0,True,2026-09-13T15:30:00Z,0,1,0,0,0,0,0,0,0,0,0,0,0,0,0,0.0,0.0,0.0,0.0,45,-1858,31369,1320,3178,4.5
438,Fletcher,5,10,0,False,2026-09-20T15:30:00Z,1,1,0,0,0,0,0,0,0,0,0,0,0,0,0,0.0,0.0,0.0,0.0,44,250,36458,3537,3287,4.4
439,Šeško,1,11,1,False,2026-08-22T11:30:00Z,2,0,23,0,0,0,0,0,0,0,0,0,0,0,2,0.0,0.5,9.0,0.9,70,0,114788,0,0,7.0
439,Šeško,2,12,1,True,2026-08-30T15:30:00Z,5,2,10,0,0,0,1,0,0,0,0,0,0,0,5,2.2,10.5,2.0,1.5,70,15428,181866,30554,15126,7.0
439,Šeško,3,9,5,False,2026-09-06T13:00:00Z,2,2,20,1,0,0,2,0,0,0,0,0,0,0,28,31.2,0.2,21.0,5.2,70,-32919,161952,15581,48500,7.0
439,Šeško,4,15,1,True,2026-09-13T15:30:00Z,0,1,23,0,0,0,0,0,0,0,0,0,0,0,4,1.2,0.7,4.0,0.6,70,3627,182217,26345,22718,7.0
439,Šeško,5,10,0,False,2026-09-20T15:30:00Z,1,1,0,0,0,0,0,0,0,0,0,0,0,0,0,0.0,0.0,0.0,0.0,70,1630,192336,24959,23329,7.0
440,Zirkzee,1,11,0,False,2026-08-22T11:30:00Z,2,0,0,0,0,0,0,0,0,0,0,0,0,0,0,0.0,0.0,0.0,0.0,55,0,56060,0,0,5.5
440,Zirkzee,2,12,0,True,2026-08-30T15:30:00Z,5,2,0,0,0,0,0,0,0,0,0,0,0,0,0,0.0,0.0,0.0,0.0,55,-11086,51589,2045,13131,5.5
440,Zirkzee,3,9,0,False,2026-09-06T13:00:00Z,2,2,0,0,0,0,0,0,0,0,0,0,0,0,0,0.0,0.0,0.0,0.0,54,-7291,47734,5615,12906,5.4
440,Zirkzee,4,15,1,True,2026-09-13T15:30:00Z,0,1,7,0,0,0,0,0,0,0,0,0,0,0,4,4.4,4.8,0.0,0.9,54,-4849,45127,3614,8463,5.4
440,Zirkzee,5,10,1,False,2026-09-20T15:30:00Z,1,1,13,0,0,0,0,0,0,0,0,0,0,0,4,3.2,10.1,0.0,1.3,54,-3447,43505,2606,6053,5.4
441,Obi,1,11,0,False,2026-08-22T11:30:00Z,2,0,0,0,0,0,0,0,0,0,0,0,0,0,0,0.0,0.0,0.0,0.0,45,0,100521,0,0,4.5
441,Obi,2,12,0,True,2026-08-30T15:30:00Z,5,2,0,0,0,0,0,0,0,0,0,0,0,0,0,0.0,0.0,0.0,0.0,45,-5253,109991,6316,11569,4.5
441,Obi,3,9,0,False,2026-09-06T13:00:00Z,2,2,0,0,0,0,0,0,0,0,0,0,0,0,0,0.0,0.0,0.0,0.0,45,3280,125871,19118,15838,4.5
441,Obi,4,15,0,True,2026-09-13T15:30:00Z,0,1,0,0,0,0,0,0,0,0,0,0,0,0,0,0.0,0.0,0.0,0.0,45,775,129085,15048,14273,4.5
441,Obi,5,10,0,False,2026-09-20T15:30:00Z,1,1,0,0,0,0,0,0,0,0,0,0,0,0,0,0.0,0.0,0.0,0.0,45,-16201,111907,5061,21262,4.5
405,N.Gonzalez,1,3,0,True,2026-08-23T13:00:00Z,2,1,0,0,0,0,0,0,0,0,0,0,0,0,0,0.0,0.0,0.0,0.0,55,0,11878,0,0,5.5
405,N.Gonzalez,2,19,2,False,2026-08-29T16:30:00Z,0,2,70,0,0,1,0,0,0,0,1,0,0,0,9,7.2,29.5,0.0,3.7,55,645,15669,2387,1742,5.5
405,N.Gonzalez,3,3,2,True,2026-09-05T11:30:00Z,2,2,76,0,0,0,2,0,0,0,0,0,0,0,11,6.2,12.4,2.0,2.1,55,7163,26047,10136,2973,5.5
405,N.Gonzalez,4,13,1,False,2026-09-14T19:00:00Z,4,1,18,0,0,0,0,0,0,0,0,0,0,0,3,0.0,0.1,0.0,0.0,55,215,26871,3834,3619,5.5
405,N.Gonzalez,5,11,0,True,2026-09-19T14:00:00Z,2,1,0,0,0,0,0,0,0,0,0,0,0,0,0,0.0,0.0,0.0,0.0,55,-5729,21094,1106,6835,5.5
442,Pope,1,14,0,True,2026-08-23T15:30:00Z,2,2,0,0,0,0,0,0,0,0,0,0,0,0,0,0.0,0.0,0.0,0.0,50,0,113822,0,0,5.0
442,Pope,2,19,0,False,2026-08-29T16:30:00Z,0,2,0,0,0,0,0,0,0,0,0,0,0,0,0,0.0,0.0,0.0,0.0,50,-9598,124934,2706,12304,5.0
442,Pope,3,3,0,True,2026-09-05T11:30:00Z,2,2,0,0,0,0,0,0,0,0,0,0,0,0,0,0.0,0.0,0.0,0.0,50,-14257,115196,4952,19209,5.0
442,Pope,4,13,0,False,2026-09-14T19:00:00Z,4,1,0,0,0,0,0,0,0,0,0,0,0,0,0,0.0,0.0,0.0,0.0,49,-8971,108982,3004,11975,4.9
442,Pope,5,11,0,True,2026-09-19T14:00:00Z,2,1,0,0,0,0,0,0,0,0,0,0,0,0,0,0.0,0.0,0.0,0.0,49,-5404,105050,1831,7235,4.9
443,Gillespie,1,14,0,True,2026-08-23T15:30:00Z,2,2,0,0,0,0,0,0,0,0,0,0,0,0,0,0.0,0.0,0.0,0.0,45,0,2989,0,0,4.5
443,Gillespie,2,19,0,False,2026-08-29T16:30:00Z,0,2,0,0,0,0,0,0,0,0,0,0,0,0,0,0.0,0.0,0.0,0.0,45,-69,3435,162,231,4.5
443,Gillespie,3,3,0,True,2026-09-05T11:30:00Z,2,2,0,0,0,0,0,0,0,0,0,0,0,0,0,0.0,0.0,0.0,0.0,45,-143,3576,239,382,4.5
443,Gillespie,4,13,0,False,2026-09-14T19:00:00Z,4,1,0,0,0,0,0,0,0,0,0,0,0,0,0,0.0,0.0,0.0,0.0,45,-150,3541,141,291,4.5
443,Gillespie,5,11,0,True,2026-09-19T14:00:00Z,2,1,0,0,0,0,0,0,0,0,0,0,0,0,0,0.0,0.0,0.0,0.0,45,-33,3606,183,216,4.5
444,Jaouen,1,14,0,True,2026-08-23T15:30:00Z,2,2,0,0,0,0,0,0,0,0,0,0,0,0,0,0.0,0.0,0.0,0.0,45,0,2666,0,0,4.5
444,Jaouen,2,19,0,False,2026-08-29T16:30:00Z,0,2,0,0,0,0,0,0,0,0,0,0,0,0,0,0.0,0.0,0.0,0.0,45,-224,2775,124,348,4.5
444,Jaouen,3,3,0,True,2026-09-05T11:30:00Z,2,2,0,0,0,0,0,0,0,0,0,0,0,0,0,0.0,0.0,0.0,0.0,45,-279,2647,182,461,4.5
444,Jaouen,4,13,0,False,2026-09-14T19:00:00Z,4,1,0,0,0,0,0,0,0,0,0,0,0,0,0,0.0,0.0,0.0,0.0,45,-244,2484,97,341,4.5
444,Jaouen,5,11,0,True,2026-09-19T14:00:00Z,2,1,0,0,0,0,0,0,0,0,0,0,0,0,0,0.0,0.0,0.0,0.0,45,-225,2273,30,255,4.5
445,Thiaw,1,14,3,True,2026-08-23T15:30:00Z,2,2,90,0,0,0,2,0,0,0,0,0,0,0,0,37.8,0.2,0.0,3.8,50,0,146838,0,0,5.0
445,Thiaw,2,19,6,False,2026-08-29T16:30:00Z,0,2,90,0,0,1,0,0,0,0,0,0,0,0,25,6.8,1.5,0.0,0.8,50,8900,175248,19798,10898,5.0
445,Thiaw,3,3,-1,True,2026-09-05T11:30:00Z,2,2,90,0,0,0,2,1,0,0,0,0,0,0,0,7.6,12.3,2.0,2.2,50,40274,238054,72237,31963,5.0
445,Thiaw,4,13,2,False,2026-09-14T19:00:00Z,4,1,90,0,0,0,4,0,0,0,0,0,0,0,-6,22.6,0.9,0.0,2.4,50,2995,227385,48297,45302,5.0
445,Thiaw,5,11,4,True,2026-09-19T14:00:00Z,2,1,90,0,0,0,1,0,0,0,0,0,0,0,13,31.4,1.4,2.0,3.5,50,4121,240813,28969,24848,5.0
446,Schär,1,14,1,True,2026-08-23T15:30:00Z,2,2,1,0,0,0,1,0,0,0,0,0,0,0,-1,0.0,0.0,0.0,0.0,50,0,20496,0,0,5.0
446,Schär,2,19,0,False,2026-08-29T16:30:00Z,0,2,0,0,0,0,0,0,0,0,0,0,0,0,0,0.0,0.0,0.0,0.0,50,10,26250,1895,1885,5.0
446,Schär,3,3,0,True,2026-09-05T11:30:00Z,2,2,0,0,0,0,0,0,0,0,0,0,0,0,0,0.0,0.0,0.0,0.0,50,-2838,24845,2055,4893,5.0
446,Schär,4,13,0,False,2026-09-14T19:00:00Z,4,1,0,0,0,0,0,0,0,0,0,0,0,0,0,0.0,0.0,0.0,0.0,50,-2216,23553,1440,3656,5.0
446,Schär,5,11,1,True,2026-09-19T14:00:00Z,2,1,24,0,0,0,1,0,0,0,0,0,0,0,1,25.0,10.5,0.0,3.6,49,-1391,22572,1121,2512,4.9
447,Botman,1,14,3,True,2026-08-23T15:30:00Z,2,2,90,0,0,0,2,0,0,0,0,0,0,0,4,32.4,0.3,0.0,3.3,50,0,34765,0,0,5.0
447,Botman,2,19,5,False,2026-08-29T16:30:00Z,0,2,90,0,0,1,0,0,0,0,1,0,0,0,22,11.2,1.8,2.0,1.5,50,5603,52947,8885,3282,5.0
447,Botman,3,3,1,True,2026-09-05T11:30:00Z,2,2,90,0,0,0,2,0,0,0,0,0,0,0,3,26.0,0.9,4.0,3.1,50,8611,69972,15452,6841,5.0
447,Botman,4,13,2,False,2026-09-14T19:00:00Z,4,1,90,0,0,0,4,0,0,0,0,0,0,0,2,31.2,0.3,0.0,3.2,50,1208,71884,9972,8764,5.0
447,Botman,5,11,4,True,2026-09-19T14:00:00Z,2,1,90,0,0,0,1,0,0,0,0,0,0,0,12,35.2,0.8,17.0,5.3,50,1958,76821,8365,6407,5.0
448,Burn,1,14,0,True,2026-08-23T15:30:00Z,2,2,0,0,0,0,0,0,0,0,0,0,0,0,0,0.0,0.0,0.0,0.0,50,0,213973,0,0,5.0
448,Burn,2,19,0,False,2026-08-29T16:30:00Z,0,2,0,0,0,0,0,0,0,0,0,0,0,0,0,0.0,0.0,0.0,0.0,50,-69064,159459,6247,75311,5.0
448,Burn,3,3,0,True,2026-09-05T11:30:00Z,2,2,0,0,0,0,0,0,0,0,0,0,0,0,0,0.0,0.0,0.0,0.0,49,-46419,114109,549,46968,4.9
448,Burn,4,13,0,False,2026-09-14T19:00:00Z,4,1,0,0,0,0,0,0,0,0,0,0,0,0,0,0.0,0.0,0.0,0.0,49,-20317,96018,239,20556,4.9
448,Burn,5,11,0,True,2026-09-19T14:00:00Z,2,1,0,0,0,0,0,0,0,0,0,0,0,0,0,0.0,0.0,0.0,0.0,49,-11893,84798,180,12073,4.9
449,Hall,1,14,3,True,2026-08-23T15:30:00Z,2,2,90,0,0,0,2,0,0,0,0,0,0,0,8,22.0,15.2,0.0,3.7,50,0,310247,0,0,5.0
449,Hall,2,19,11,False,2026-08-29T16:30:00Z,0,2,90,0,0,1,0,0,0,0,0,0,0,3,52,39.0,27.3,4.0,7.0,50,33265,411061,52701,19436,5.0
449,Hall,3,3,4,True,2026-09-05T11:30:00Z,2,2,89,0,1,0,2,0,0,0,0,0,0,0,20,28.0,13.4,3.0,4.4,51,496570,1101917,576636,80066,5.1
449,Hall,4,13,0,False,2026-09-14T19:00:00Z,4,1,90,0,0,0,4,0,0,0,0,0,0,0,9,21.0,3.9,7.0,3.2,52,448146,1512788,563772,115626,5.2
449,Hall,5,11,13,True,2026-09-19T14:00:00Z,2,1,90,1,0,0,1,0,0,0,0,0,0,3,38,65.6,29.2,24.0,11.9,52,107688,1629142,220393,112705,5.2
450,Livramento,1,14,0,True,2026-08-23T15:30:00Z,2,2,0,0,0,0,0,0,0,0,0,0,0,0,0,0.0,0.0,0.0,0.0,50,0,4326,0,0,5.0
450,Livramento,2,19,0,False,2026-08-29T16:30:00Z,0,2,0,0,0,0,0,0,0,0,0,0,0,0,0,0.0,0.0,0.0,0.0,50,-1137,3475,91,1228,5.0
450,Livramento,3,3,1,True,2026-09-05T11:30:00Z,2,2,1,0,0,0,0,0,0,0,0,0,0,0,3,0.2,0.0,0.0,0.0,49,-745,2841,115,860,4.9
450,Livramento,4,13,3,False,2026-09-14T19:00:00Z,4,1,32,0,1,0,1,0,0,0,1,0,0,0,9,4.8,3.8,4.0,1.3,49,2452,6615,3493,1041,4.9
450,Livramento,5,11,0,True,2026-09-19T14:00:00Z,2,1,0,0,0,0,0,0,0,0,0,0,0,0,0,0.0,0.0,0.0,0.0,49,4786,12541,6097,1311,4.9
451,A.Murphy,1,14,0,True,2026-08-23T15:30:00Z,2,2,0,0,0,0,0,0,0,0,0,0,0,0,0,0.0,0.0,0.0,0.0,40,0,12873,0,0,4.0
451,A.Murphy,2,19,0,False,2026-08-29T16:30:00Z,0,2,0,0,0,0,0,0,0,0,0,0,0,0,0,0.0,0.0,0.0,0.0,40,-3276,9468,0,3276,4.0
451,A.Murphy,3,3,0,True,2026-09-05T11:30:00Z,2,2,0,0,0,0,0,0,0,0,0,0,0,0,0,0.0,0.0,0.0,0.0,40,-1826,7660,0,1826,4.0
451,A.Murphy,4,13,0,False,2026-09-14T19:00:00Z,4,1,0,0,0,0,0,0,0,0,0,0,0,0,0,0.0,0.0,0.0,0.0,40,-957,6793,0,957,4.0
451,A.Murphy,5,11,0,True,2026-09-19T14:00:00Z,2,1,0,0,0,0,0,0,0,0,0,0,0,0,0,0.0,0.0,0.0,0.0,40,-592,6248,0,592,4.0
453,Barnes,1,14,2,True,2026-08-23T15:30:00Z,2,2,90,0,0,0,2,0,0,0,0,0,0,0,12,5.2,2.4,9.0,1.7,60,0,95531,0,0,6.0
453,Barnes,2,19,3,False,2026-08-29T16:30:00Z,0,2,90,0,0,1,0,0,0,0,0,0,0,0,9,7.2,22.1,7.0,3.6,60,4665,113402,14995,10330,6.0
453,Barnes,3,3,12,True,2026-09-05T11:30:00Z,2,2,90,1,1,0,2,0,0,0,0,0,0,2,37,33.0,2.8,23.0,5.9,60,2446,122479,25187,22741,6.0
453,Barnes,4,13,2,False,2026-09-14T19:00:00Z,4,1,90,0,0,0,4,0,0,0,0,0,0,0,13,12.2,16.8,30.0,5.9,60,152668,290007,210527,57859,6.0
453,Barnes,5,11,9,True,2026-09-19T14:00:00Z,2,1,90,0,2,0,1,0,0,0,0,0,0,1,34,47.6,36.8,27.0,11.1,60,179416,496155,220394,40978,6.0
454,Elanga,1,14,9,True,2026-08-23T15:30:00Z,2,2,75,1,0,0,1,0,0,0,0,0,0,2,31,37.4,3.5,28.0,6.9,60,0,64591,0,0,6.0
454,Elanga,2,19,8,False,2026-08-29T16:30:00Z,0,2,81,1,0,1,0,0,0,0,0,0,0,0,32,36.8,15.3,29.0,8.1,60,83568,215548,95441,11873,6.0
454,Elanga,3,3,1,True,2026-09-05T11:30:00Z,2,2,76,0,0,0,2,0,0,0,1,0,0,0,8,8.4,31.8,4.0,4.4,61,716203,1142637,810672,94469,6.1
454,Elanga,4,13,0,False,2026-09-14T19:00:00Z,4,1,0,0,0,0,0,0,0,0,0,0,0,0,0,0.0,0.0,0.0,0.0,62,130728,1209834,326071,195343,6.2
454,Elanga,5,11,0,True,2026-09-19T14:00:00Z,2,1,0,0,0,0,0,0,0,0,0,0,0,0,0,0.0,0.0,0.0,0.0,62,-564623,616024,53653,618276,6.2
456,J.Ramsey,1,14,0,True,2026-08-23T15:30:00Z,2,2,34,0,0,0,1,0,0,0,1,0,0,0,1,7.8,1.3,4.0,1.3,50,0,34032,0,0,5.0
456,J.Ramsey,2,19,1,False,2026-08-29T16:30:00Z,0,2,8,0,0,0,0,0,0,0,0,0,0,0,3,0.2,4.2,0.0,0.4,50,-3238,34073,1442,4680,5.0
456,J.Ramsey,3,3,6,True,2026-09-05T11:30:00Z,2,2,27,1,0,0,0,0,0,0,0,0,0,0,22,32.4,0.8,17.0,5.0,50,-4753,30127,1799,6552,5.0
456,J.Ramsey,4,13,0,False,2026-09-14T19:00:00Z,4,1,0,0,0,0,0,0,0,0,0,0,0,0,0,0.0,0.0,0.0,0.0,49,6540,39795,11516,4976,4.9
456,J.Ramsey,5,11,0,True,2026-09-19T14:00:00Z,2,1,0,0,0,0,0,0,0,0,0,0,0,0,0,0.0,0.0,0.0,0.0,49,-8206,30346,1789,9995,4.9
457,J.Murphy,1,14,0,True,2026-08-23T15:30:00Z,2,2,14,0,0,0,1,0,0,0,1,0,0,0,-1,0.0,0.1,2.0,0.1,60,0,14816,0,0,6.0
457,J.Murphy,2,19,1,False,2026-08-29T16:30:00Z,0,2,8,0,0,0,0,0,0,0,0,0,0,0,3,2.2,3.1,2.0,0.7,60,-1965,15641,717,2682,6.0
457,J.Murphy,3,3,1,True,2026-09-05T11:30:00Z,2,2,13,0,0,0,0,0,0,0,0,0,0,0,5,0.2,0.3,0.0,0.1,59,-2357,14114,1115,3472,5.9
457,J.Murphy,4,13,0,False,2026-09-14T19:00:00Z,4,1,56,0,0,0,3,0,0,0,1,0,0,0,2,1.2,3.7,2.0,0.7,59,-1103,13575,1062,2165,5.9
457,J.Murphy,5,11,1,True,2026-09-19T14:00:00Z,2,1,90,0,0,0,1,0,0,0,1,0,0,0,12,9.4,19.7,4.0,3.3,59,349,14522,2209,1860,5.9
458,Joelinton,1,14,0,True,2026-08-23T15:30:00Z,2,2,0,0,0,0,0,0,0,0,0,0,0,0,0,0.0,0.0,0.0,0.0,55,0,3620,0,0,5.5
458,Joelinton,2,19,0,False,2026-08-29T16:30:00Z,0,2,0,0,0,0,0,0,0,0,0,0,0,0,0,0.0,0.0,0.0,0.0,55,-1020,2722,48,1068,5.5
458,Joelinton,3,3,0,True,2026-09-05T11:30:00Z,2,2,0,0,0,0,0,0,0,0,0,0,0,0,0,0.0,0.0,0.0,0.0,54,-546,2235,86,632,5.4
458,Joelinton,4,13,0,False,2026-09-14T19:00:00Z,4,1,0,0,0,0,0,0,0,0,0,0,0,0,0,0.0,0.0,0.0,0.0,54,-249,2032,33,282,5.4
458,Joelinton,5,11,0,True,2026-09-19T14:00:00Z,2,1,0,0,0,0,0,0,0,0,0,0,0,0,0,0.0,0.0,0.0,0.0,54,-136,1916,44,180,5.4
459,L.Miley,1,14,3,True,2026-08-23T15:30:00Z,2,2,75,0,0,0,1,0,0,0,1,0,0,0,13,15.6,21.4,3.0,4.0,55,0,4093,0,0,5.5
459,L.Miley,2,19,3,False,2026-08-29T16:30:00Z,0,2,90,0,0,1,0,0,0,0,0,0,0,0,16,11.2,14.7,0.0,2.6,55,857,6985,1391,534,5.5
459,L.Miley,3,3,2,True,2026-09-05T11:30:00Z,2,2,62,0,0,0,2,0,0,0,0,0,0,0,11,3.2,1.1,2.0,0.6,55,629,8538,2211,1582,5.5
459,L.Miley,4,13,0,False,2026-09-14T19:00:00Z,4,1,79,0,0,0,4,1,0,0,0,0,0,0,9,6.6,4.5,0.0,1.1,55,-528,8285,1045,1573,5.5
459,L.Miley,5,11,4,True,2026-09-19T14:00:00Z,2,1,90,0,0,0,1,0,0,0,0,0,0,0,19,21.8,15.6,0.0,3.7,55,-101,8479,1217,1318,5.5
460,Willock,1,14,6,True,2026-08-23T15:30:00Z,2,2,34,1,0,0,1,0,0,0,0,0,0,0,28,38.4,13.9,9.0,6.1,50,0,10181,0,0,5.0
460,Willock,2,19,3,False,2026-08-29T16:30:00Z,0,2,70,0,0,1,0,0,0,0,0,0,0,0,0,0.0,4.3,8.0,0.5,50,6831,24746,8763,1932,5.0
460,Willock,3,3,2,True,2026-09-05T11:30:00Z,2,2,62,0,0,0,2,0,0,0,0,0,0,0,6,6.0,2.2,11.0,1.9,50,14485,45043,22227,7742,5.0
460,Willock,4,13,1,False,2026-09-14T19:00:00Z,4,1,32,0,0,0,1,0,0,0,0,0,0,0,8,7.6,13.3,18.0,3.9,50,6640,52306,16531,9891,5.0
460,Willock,5,11,10,True,2026-09-19T14:00:00Z,2,1,86,1,0,0,1,0,0,0,0,0,0,3,38,40.2,7.3,22.0,7.0,50,-1121,51669,7299,8420,5.0
461,Touré,1,14,0,True,2026-08-23T15:30:00Z,2,2,0,0,0,0,0,0,0,0,0,0,0,0,0,0.0,0.0,0.0,0.0,60,0,22780,0,0,6.0
461,Touré,2,19,1,False,2026-08-29T16:30:00Z,0,2,1,0,0,0,0,0,0,0,0,0,0,0,3,0.0,0.0,0.0,0.0,60,-3945,20967,513,4458,6.0
461,Touré,3,3,0,True,2026-09-05T11:30:00Z,2,2,0,0,0,0,0,0,0,0,0,0,0,0,0,0.0,0.0,0.0,0.0,59,-5573,15932,657,6230,5.9
461,Touré,4,13,6,False,2026-09-14T19:00:00Z,4,1,33,1,0,0,1,0,0,0,0,0,0,0,24,36.6,5.3,21.0,6.3,58,-3031,13401,376,3407,5.8
461,Touré,5,11,1,True,2026-09-19T14:00:00Z,2,1,16,0,0,0,0,0,0,0,0,0,0,0,2,1.0,0.0,0.0,0.1,58,325,14309,1837,1512,5.8
462,Steur,1,14,1,True,2026-08-23T15:30:00Z,2,2,55,0,0,0,1,0,0,0,0,0,0,0,3,0.4,1.2,0.0,0.2,50,0,9830,0,0,5.0
462,Steur,2,19,1,False,2026-08-29T16:30:00Z,0,2,19,0,0,0,0,0,0,0,0,0,0,0,4,5.0,0.0,0.0,0.5,50,-238,10539,762,1000,5.0
462,Steur,3,3,1,True,2026-09-05T11:30:00Z,2,2,13,0,0,0,0,0,0,0,0,0,0,0,3,2.0,0.5,0.0,0.3,50,-1763,8925,584,2347,5.0
462,Steur,4,13,2,False,2026-09-14T19:00:00Z,4,1,71,0,0,0,4,0,0,0,0,0,0,0,14,12.0,20.2,0.0,3.2,49,-1064,8079,390,1454,4.9
462,Steur,5,11,3,True,2026-09-19T14:00:00Z,2,1,65,0,0,1,0,0,0,0,0,0,0,0,18,16.0,30.3,0.0,4.6,49,-576,7714,420,996,4.9
463,Woltemade,1,14,0,True,2026-08-23T15:30:00Z,2,2,0,0,0,0,0,0,0,0,0,0,0,0,0,0.0,0.0,0.0,0.0,60,0,151424,0,0,6.0
463,Woltemade,2,19,4,False,2026-08-29T16:30:00Z,0,2,19,0,1,0,0,0,0,0,0,0,0,0,18,18.2,10.5,11.0,4.0,60,-23591,150038,7193,30784,6.0
463,Woltemade,3,3,0,True,2026-09-05T11:30:00Z,2,2,0,0,0,0,0,0,0,0,0,0,0,0,0,0.0,0.0,0.0,0.0,59,-49449,103336,7327,56776,5.9
463,Woltemade,4,13,0,False,2026-09-14T19:00:00Z,4,1,0,0,0,0,0,0,0,0,0,0,0,0,0,0.0,0.0,0.0,0.0,59,-39340,66136,0,39340,5.9
463,Woltemade,5,11,0,True,2026-09-19T14:00:00Z,2,1,0,0,0,0,0,0,0,0,0,0,0,0,0,0.0,0.0,0.0,0.0,59,-11535,55762,0,11535,5.9
464,Wissa,1,14,4,True,2026-08-23T15:30:00Z,2,2,90,0,1,0,1,0,0,0,1,0,0,0,7,20.0,16.3,28.0,6.4,60,0,142989,0,0,6.0
464,Wissa,2,19,8,False,2026-08-29T16:30:00Z,0,2,81,1,0,1,0,0,0,0,0,0,0,2,37,35.6,10.3,46.0,9.2,60,134869,359321,158957,24088,6.0
464,Wissa,3,3,1,True,2026-09-05T11:30:00Z,2,2,90,0,0,0,2,0,0,0,1,0,0,0,7,0.0,7.3,0.0,0.7,61,1029731,1697200,1119139,89408,6.1
464,Wissa,4,13,2,False,2026-09-14T19:00:00Z,4,1,90,0,0,0,4,0,0,0,0,0,0,0,3,2.2,21.5,12.0,3.6,62,319416,1925334,578506,259090,6.2
464,Wissa,5,11,0,True,2026-09-19T14:00:00Z,2,1,90,0,0,0,1,0,0,1,0,0,0,0,0,8.8,5.2,20.0,3.4,62,124486,2094339,338910,214424,6.2
465,Osula,1,14,4,True,2026-08-23T15:30:00Z,2,2,55,0,1,0,1,0,0,0,0,0,0,0,18,28.2,13.7,8.0,5.0,60,0,83021,0,0,6.0
465,Osula,2,19,0,False,2026-08-29T16:30:00Z,0,2,0,0,0,0,0,0,0,0,0,0,0,0,0,0.0,0.0,0.0,0.0,60,-6163,90550,20344,26507,6.0
465,Osula,3,3,0,True,2026-09-05T11:30:00Z,2,2,0,0,0,0,0,0,0,0,0,0,0,0,0,0.0,0.0,0.0,0.0,59,-37692,51608,557,38249,5.9
465,Osula,4,13,0,False,2026-09-14T19:00:00Z,4,1,0,0,0,0,0,0,0,0,0,0,0,0,0,0.0,0.0,0.0,0.0,59,-12652,41129,234,12886,5.9
465,Osula,5,11,0,True,2026-09-19T14:00:00Z,2,1,0,0,0,0,0,0,0,0,0,0,0,0,0,0.0,0.0,0.0,0.0,59,-6475,35111,188,6663,5.9
466,Neave,1,14,0,True,2026-08-23T15:30:00Z,2,2,0,0,0,0,0,0,0,0,0,0,0,0,0,0.0,0.0,0.0,0.0,45,0,66588,0,0,4.5
466,Neave,2,19,0,False,2026-08-29T16:30:00Z,0,2,0,0,0,0,0,0,0,0,0,0,0,0,0,0.0,0.0,0.0,0.0,45,-1647,75688,6478,8125,4.5
466,Neave,3,3,0,True,2026-09-05T11:30:00Z,2,2,0,0,0,0,0,0,0,0,0,0,0,0,0,0.0,0.0,0.0,0.0,45,3928,87795,17327,13399,4.5
466,Neave,4,13,0,False,2026-09-14T19:00:00Z,4,1,0,0,0,0,0,0,0,0,0,0,0,0,0,0.0,0.0,0.0,0.0,45,-17854,66182,0,17854,4.5
466,Neave,5,11,0,True,2026-09-19T14:00:00Z,2,1,0,0,0,0,0,0,0,0,0,0,0,0,0,0.0,0.0,0.0,0.0,45,-9244,58232,0,9244,4.5
559,Bamba,1,14,1,True,2026-08-23T15:30:00Z,2,2,14,0,0,0,1,0,0,0,0,0,0,0,5,4.0,0.0,0.0,0.4,50,0,12608,0,0,5.0
559,Bamba,2,19,0,False,2026-08-29T16:30:00Z,0,2,0,0,0,0,0,0,0,0,0,0,0,0,0,0.0,0.0,0.0,0.0,50,-977,13188,690,1667,5.0
559,Bamba,3,3,0,True,2026-09-05T11:30:00Z,2,2,0,0,0,0,0,0,0,0,0,0,0,0,0,0.0,0.0,0.0,0.0,50,-1788,11930,834,2622,5.0
559,Bamba,4,13,1,False,2026-09-14T19:00:00Z,4,1,10,0,0,0,0,0,0,0,0,0,0,0,4,1.4,0.3,0.0,0.2,49,-1098,11166,539,1637,4.9
559,Bamba,5,11,1,True,2026-09-19T14:00:00Z,2,1,3,0,0,0,0,0,0,0,0,0,0,0,3,6.2,0.1,0.0,0.6,49,-781,10531,377,1158,4.9
567,Horníček,1,14,1,True,2026-08-23T15:30:00Z,2,2,90,0,0,0,2,0,0,0,1,0,5,0,12,41.2,0.0,0.0,4.1,50,0,55382,0,0,5.0
567,Horníček,2,19,7,False,2026-08-29T16:30:00Z,0,2,90,0,0,1,0,0,0,0,0,0,4,0,32,34.6,0.0,0.0,3.5,50,1279,70807,5537,4258,5.0
567,Horníček,3,3,2,True,2026-09-05T11:30:00Z,2,2,90,0,0,0,2,0,0,0,0,0,4,0,12,33.4,0.0,0.0,3.3,50,39154,125893,58261,19107,5.0
567,Horníček,4,13,1,False,2026-09-14T19:00:00Z,4,1,90,0,0,0,4,0,0,0,0,0,3,0,2,29.4,0.0,0.0,2.9,50,29466,150531,58083,28617,5.0
567,Horníček,5,11,3,True,2026-09-19T14:00:00Z,2,1,90,0,0,0,1,0,0,0,0,0,3,0,14,17.0,0.0,0.0,1.7,50,8198,163512,22769,14571,5.0
593,Dedić,1,14,1,True,2026-08-23T15:30:00Z,2,2,90,0,0,0,2,0,0,0,0,0,0,0,-1,16.4,1.2,5.0,2.3,45,0,20712,0,0,4.5
593,Dedić,2,19,11,False,2026-08-29T16:30:00Z,0,2,90,0,1,1,0,0,0,0,0,0,0,2,37,42.6,30.4,0.0,7.3,45,8203,36928,10359,2156,4.5
593,Dedić,3,3,1,True,2026-09-05T11:30:00Z,2,2,90,0,0,0,2,0,0,0,0,0,0,0,3,0.6,6.4,10.0,1.7,45,269442,365061,318645,49203,4.5
593,Dedić,4,13,0,False,2026-09-14T19:00:00Z,4,1,57,0,0,0,3,0,0,0,0,0,0,0,-3,10.4,2.7,0.0,1.3,45,-7549,313784,107522,115071,4.5
593,Dedić,5,11,0,True,2026-09-19T14:00:00Z,2,1,0,0,0,0,0,0,0,0,0,0,0,0,0,0.0,0.0,0.0,0.0,45,-92524,219257,11096,103620,4.5
609,Shahar,1,14,0,True,2026-08-23T15:30:00Z,2,2,0,0,0,0,0,0,0,0,0,0,0,0,0,0.0,0.0,0.0,0.0,40,0,0,0,0,4.0
609,Shahar,2,19,0,False,2026-08-29T16:30:00Z,0,2,0,0,0,0,0,0,0,0,0,0,0,0,0,0.0,0.0,0.0,0.0,40,3348,11777,3993,645,4.0
609,Shahar,3,3,0,True,2026-09-05T11:30:00Z,2,2,0,0,0,0,0,0,0,0,0,0,0,0,0,0.0,0.0,0.0,0.0,40,7555,31239,10871,3316,4.0
609,Shahar,4,13,0,False,2026-09-14T19:00:00Z,4,1,0,0,0,0,0,0,0,0,0,0,0,0,0,0.0,0.0,0.0,0.0,40,-1044,26576,3372,4416,4.0
609,Shahar,5,11,0,True,2026-09-19T14:00:00Z,2,1,0,0,0,0,0,0,0,0,0,0,0,0,0,0.0,0.0,0.0,0.0,40,-5521,20140,0,5521,4.0
634,Fernandez-Pardo,3,3,1,True,2026-09-05T11:30:00Z,2,2,27,0,0,0,0,0,0,0,0,0,0,0,4,0.0,0.8,6.0,0.7,60,4798,5694,5384,586,6.0
634,Fernandez-Pardo,4,13,1,False,2026-09-14T19:00:00Z,4,1,57,0,0,0,3,0,0,0,0,0,0,0,5,2.2,10.9,4.0,1.7,60,4168,10646,6117,1949,6.0
634,Fernandez-Pardo,5,11,2,True,2026-09-19T14:00:00Z,2,1,73,0,0,0,1,0,0,0,0,0,0,0,7,1.2,0.8,5.0,0.7,60,1205,12360,3570,2365,6.0
659,Miley,4,13,0,False,2026-09-14T19:00:00Z,4,1,0,0,0,0,0,0,0,0,0,0,0,0,0,0.0,0.0,0.0,0.0,45,0,0,0,0,4.5
659,Miley,5,11,0,True,2026-09-19T14:00:00Z,2,1,0,0,0,0,0,0,0,0,0,0,0,0,0,0.0,0.0,0.0,0.0,45,2836,4509,3438,602,4.5
663,Pivas,5,11,0,True,2026-09-19T14:00:00Z,2,1,0,0,0,0,0,0,0,0,0,0,0,0,0,0.0,0.0,0.0,0.0,40,0,0,0,0,4.0
664,Salia,5,11,0,True,2026-09-19T14:00:00Z,2,1,0,0,0,0,0,0,0,0,0,0,0,0,0,0.0,0.0,0.0,0.0,45,0,0,0,0,4.5
665,Mills,5,11,0,True,2026-09-19T14:00:00Z,2,1,0,0,0,0,0,0,0,0,0,0,0,0,0,0.0,0.0,0.0,0.0,45,0,0,0,0,4.5
666,Thompson,5,11,0,True,2026-09-19T14:00:00Z,2,1,0,0,0,0,0,0,0,0,0,0,0,0,0,0.0,0.0,0.0,0.0,45,0,0,0,0,4.5
167,Delap,1,10,0,False,2026-08-24T19:00:00Z,2,3,0,0,0,0,0,0,0,0,0,0,0,0,0,0.0,0.0,0.0,0.0,55,0,40156,0,0,5.5
167,Delap,2,14,1,False,2026-08-29T11:30:00Z,2,2,24,0,0,0,1,0,0,0,0,0,0,0,9,4.0,10.1,7.0,2.1,55,175,48067,7740,7565,5.5
167,Delap,3,19,2,True,2026-09-05T14:00:00Z,0,0,73,0,0,1,0,0,0,0,0,0,0,0,6,2.4,20.8,5.0,2.8,55,24969,83350,36946,11977,5.5
167,Delap,4,2,5,False,2026-09-12T14:00:00Z,1,2,90,1,0,0,1,0,0,0,1,0,0,0,25,28.6,12.6,38.0,7.9,55,7672,93051,20097,12425,5.5
167,Delap,5,7,1,True,2026-09-19T16:30:00Z,0,1,90,0,0,0,1,0,0,0,1,0,0,0,9,5.0,25.1,21.0,5.1,55,200788,344489,222393,21605,5.5
201,Muñoz,1,9,0,False,2026-08-22T14:00:00Z,2,0,54,0,0,0,2,0,0,0,0,0,0,0,-4,1.2,1.8,21.0,2.4,55,0,873015,0,0,5.5
201,Muñoz,2,15,0,True,2026-08-28T19:00:00Z,1,4,0,0,0,0,0,0,0,0,0,0,0,0,0,0.0,0.0,0.0,0.0,55,-109781,815530,15645,125426,5.5
201,Muñoz,3,19,1,True,2026-09-05T14:00:00Z,0,0,31,0,0,0,0,0,0,0,0,0,0,0,5,2.4,0.8,4.0,0.7,54,-158458,658550,23260,181718,5.4
201,Muñoz,4,2,2,False,2026-09-12T14:00:00Z,1,2,90,0,0,0,1,0,0,0,0,0,0,0,23,31.6,55.9,39.0,12.7,54,-83474,588016,11222,94696,5.4
201,Muñoz,5,7,2,True,2026-09-19T16:30:00Z,0,1,82,0,0,0,1,0,0,0,0,0,0,0,5,4.0,3.8,15.0,2.3,54,48095,706118,100431,52336,5.4
467,Sels,1,13,2,True,2026-08-22T14:00:00Z,0,1,90,0,0,0,1,0,0,0,0,0,2,0,11,14.2,0.0,0.0,1.4,50,0,140711,0,0,5.0
467,Sels,2,14,1,False,2026-08-29T11:30:00Z,2,2,90,0,0,0,2,0,0,0,0,0,2,0,6,16.6,0.0,0.0,1.7,50,-8396,148147,3350,11746,5.0
467,Sels,3,19,6,True,2026-09-05T14:00:00Z,0,0,90,0,0,1,0,0,0,0,0,0,0,0,21,2.4,0.0,0.0,0.2,50,-9819,143042,8404,18223,5.0
467,Sels,4,2,3,False,2026-09-12T14:00:00Z,1,2,90,0,0,0,1,0,0,0,0,0,5,0,19,35.0,0.0,0.0,3.5,50,2211,147158,15113,12902,5.0
467,Sels,5,7,2,True,2026-09-19T16:30:00Z,0,1,90,0,0,0,1,0,0,0,0,0,2,0,10,13.8,0.0,0.0,1.4,50,26195,207232,39386,13191,5.0
468,John,1,13,0,True,2026-08-22T14:00:00Z,0,1,0,0,0,0,0,0,0,0,0,0,0,0,0,0.0,0.0,0.0,0.0,45,0,5970,0,0,4.5
468,John,2,14,0,False,2026-08-29T11:30:00Z,2,2,0,0,0,0,0,0,0,0,0,0,0,0,0,0.0,0.0,0.0,0.0,45,-288,6338,178,466,4.5
468,John,3,19,0,True,2026-09-05T14:00:00Z,0,0,0,0,0,0,0,0,0,0,0,0,0,0,0,0.0,0.0,0.0,0.0,45,-392,6270,259,651,4.5
468,John,4,2,0,False,2026-09-12T14:00:00Z,1,2,0,0,0,0,0,0,0,0,0,0,0,0,0,0.0,0.0,0.0,0.0,45,-238,6251,173,411,4.5
468,John,5,7,0,True,2026-09-19T16:30:00Z,0,1,0,0,0,0,0,0,0,0,0,0,0,0,0,0.0,0.0,0.0,0.0,45,-135,6278,197,332,4.5
469,N.Williams,1,13,2,True,2026-08-22T14:00:00Z,0,1,90,0,0,0,1,0,0,0,0,0,0,0,13,15.2,5.8,6.0,2.7,50,0,924685,0,0,5.0
469,N.Williams,2,14,6,False,2026-08-29T11:30:00Z,2,2,90,0,1,0,2,0,0,0,0,0,0,0,16,34.4,25.3,6.0,6.6,50,-67984,880209,14150,82134,5.0
469,N.Williams,3,19,7,True,2026-09-05T14:00:00Z,0,0,90,0,0,1,0,0,0,0,0,0,0,1,28,11.4,10.9,4.0,2.6,50,-35180,851007,53518,88698,5.0
469,N.Williams,4,2,2,False,2026-09-12T14:00:00Z,1,2,90,0,0,0,1,0,0,0,0,0,0,0,9,8.8,19.9,10.0,3.9,50,7392,864022,91886,84494,5.0
469,N.Williams,5,7,2,True,2026-09-19T16:30:00Z,0,1,90,0,0,0,1,0,0,0,0,0,0,0,19,20.6,61.8,16.0,9.8,50,105000,1063643,154932,49932,5.0
470,Morato,1,13,0,True,2026-08-22T14:00:00Z,0,1,0,0,0,0,0,0,0,0,0,0,0,0,0,0.0,0.0,0.0,0.0,50,0,4345,0,0,5.0
470,Morato,2,14,0,False,2026-08-29T11:30:00Z,2,2,0,0,0,0,0,0,0,0,0,0,0,0,0,0.0,0.0,0.0,0.0,50,-437,4633,230,667,5.0
470,Morato,3,19,0,True,2026-09-05T14:00:00Z,0,0,0,0,0,0,0,0,0,0,0,0,0,0,0,0.0,0.0,0.0,0.0,50,-1172,3599,194,1366,5.0
470,Morato,4,2,0,False,2026-09-12T14:00:00Z,1,2,0,0,0,0,0,0,0,0,0,0,0,0,0,0.0,0.0,0.0,0.0,50,-1122,2529,0,1122,5.0
470,Morato,5,7,0,True,2026-09-19T16:30:00Z,0,1,0,0,0,0,0,0,0,0,0,0,0,0,0,0.0,0.0,0.0,0.0,50,-425,2127,0,425,5.0
471,Milenković,1,13,2,True,2026-08-22T14:00:00Z,0,1,90,0,0,0,1,0,0,0,0,0,0,0,4,7.6,0.6,14.0,2.2,55,0,173511,0,0,5.5
471,Milenković,2,14,3,False,2026-08-29T11:30:00Z,2,2,90,0,0,0,2,0,0,0,0,0,0,0,3,17.0,0.0,0.0,1.7,55,-14450,176049,2591,17041,5.5
471,Milenković,3,19,7,True,2026-09-05T14:00:00Z,0,0,90,0,0,1,0,0,0,0,1,0,0,0,27,28.6,0.8,2.0,3.1,55,-12221,168090,5627,17848,5.5
471,Milenković,4,2,0,False,2026-09-12T14:00:00Z,1,2,0,0,0,0,0,0,0,0,0,0,0,0,0,0.0,0.0,0.0,0.0,55,-346,171183,9458,9804,5.5
471,Milenković,5,7,0,True,2026-09-19T16:30:00Z,0,1,0,0,0,0,0,0,0,0,0,0,0,0,0,0.0,0.0,0.0,0.0,55,-50208,119506,256,50464,5.5
472,Murillo,1,13,4,True,2026-08-22T14:00:00Z,0,1,90,0,0,0,1,0,0,0,0,0,0,0,15,32.2,25.9,0.0,5.8,55,0,134909,0,0,5.5
472,Murillo,2,14,1,False,2026-08-29T11:30:00Z,2,2,90,0,0,0,2,0,0,0,0,0,0,0,2,11.2,0.3,8.0,2.0,55,-3257,162661,8580,11837,5.5
472,Murillo,3,19,8,True,2026-09-05T14:00:00Z,0,0,89,0,0,1,0,0,0,0,0,0,0,0,25,17.8,1.2,10.0,2.9,55,-10492,160118,9660,20152,5.5
472,Murillo,4,2,6,False,2026-09-12T14:00:00Z,1,2,90,0,1,0,1,0,0,0,1,0,0,0,18,33.0,10.9,0.0,4.4,55,5868,172739,15727,9859,5.5
472,Murillo,5,7,4,True,2026-09-19T16:30:00Z,0,1,90,0,0,0,1,0,0,0,0,0,0,0,16,30.0,24.3,9.0,6.3,55,50117,260474,61530,11413,5.5
473,Aina,1,13,5,True,2026-08-22T14:00:00Z,0,1,73,0,0,1,0,0,0,0,1,0,0,0,24,16.0,35.6,11.0,6.3,45,0,328883,0,0,4.5
473,Aina,2,14,0,False,2026-08-29T11:30:00Z,2,2,85,0,0,0,2,0,0,0,1,0,0,0,2,11.8,15.5,4.0,3.1,45,-5067,345943,17770,22837,4.5
473,Aina,3,19,1,True,2026-09-05T14:00:00Z,0,0,58,0,0,0,0,0,0,0,0,0,0,0,8,13.0,0.5,0.0,1.4,45,-30402,313105,20608,51010,4.5
473,Aina,4,2,2,False,2026-09-12T14:00:00Z,1,2,90,0,0,0,1,0,0,0,0,0,0,0,11,17.4,1.7,0.0,1.9,45,-43006,273323,8317,51323,4.5
473,Aina,5,7,0,True,2026-09-19T16:30:00Z,0,1,0,0,0,0,0,0,0,0,0,0,0,0,0,0.0,0.0,0.0,0.0,45,-3199,278049,21418,24617,4.5
474,Jair Cunha,1,13,1,True,2026-08-22T14:00:00Z,0,1,90,0,0,0,1,0,0,0,1,0,0,0,5,20.8,1.3,0.0,2.2,45,0,19663,0,0,4.5
474,Jair Cunha,2,14,1,False,2026-08-29T11:30:00Z,2,2,90,0,0,0,2,0,0,0,0,0,0,0,6,14.6,0.4,0.0,1.5,45,-1300,21029,259,1559,4.5
474,Jair Cunha,3,19,8,True,2026-09-05T14:00:00Z,0,0,90,0,0,1,0,0,0,0,0,0,0,0,24,20.0,0.7,1.0,2.2,45,-1070,20256,924,1994,4.5
474,Jair Cunha,4,2,0,False,2026-09-12T14:00:00Z,1,2,0,0,0,0,0,0,0,0,0,0,0,0,0,0.0,0.0,0.0,0.0,45,3885,24942,8098,4213,4.5
474,Jair Cunha,5,7,1,True,2026-09-19T16:30:00Z,0,1,90,0,0,0,1,0,0,0,1,0,0,0,5,14.2,11.8,1.0,2.7,45,-4535,19913,225,4760,4.5
475,Savona,1,13,0,True,2026-08-22T14:00:00Z,0,1,0,0,0,0,0,0,0,0,0,0,0,0,0,0.0,0.0,0.0,0.0,45,0,209,0,0,4.5
475,Savona,2,14,0,False,2026-08-29T11:30:00Z,2,2,0,0,0,0,0,0,0,0,0,0,0,0,0,0.0,0.0,0.0,0.0,45,65,304,113,48,4.5
475,Savona,3,19,0,True,2026-09-05T14:00:00Z,0,0,0,0,0,0,0,0,0,0,0,0,0,0,0,0.0,0.0,0.0,0.0,45,-97,221,34,131,4.5
475,Savona,4,2,0,False,2026-09-12T14:00:00Z,1,2,0,0,0,0,0,0,0,0,0,0,0,0,0,0.0,0.0,0.0,0.0,45,16,263,56,40,4.5
475,Savona,5,7,0,True,2026-09-19T16:30:00Z,0,1,0,0,0,0,0,0,0,0,0,0,0,0,0,0.0,0.0,0.0,0.0,45,-22,237,17,39,4.5
476,O.Richards,1,13,0,True,2026-08-22T14:00:00Z,0,1,0,0,0,0,0,0,0,0,0,0,0,0,0,0.0,0.0,0.0,0.0,40,0,23191,0,0,4.0
476,O.Richards,2,14,0,False,2026-08-29T11:30:00Z,2,2,0,0,0,0,0,0,0,0,0,0,0,0,0,0.0,0.0,0.0,0.0,40,-1513,23167,495,2008,4.0
476,O.Richards,3,19,0,True,2026-09-05T14:00:00Z,0,0,0,0,0,0,0,0,0,0,0,0,0,0,0,0.0,0.0,0.0,0.0,40,-858,23523,1258,2116,4.0
476,O.Richards,4,2,0,False,2026-09-12T14:00:00Z,1,2,0,0,0,0,0,0,0,0,0,0,0,0,0,0.0,0.0,0.0,0.0,40,-831,23161,925,1756,4.0
476,O.Richards,5,7,0,True,2026-09-19T16:30:00Z,0,1,0,0,0,0,0,0,0,0,0,0,0,0,0,0.0,0.0,0.0,0.0,40,-649,22848,1022,1671,4.0
477,Abbott,1,13,0,True,2026-08-22T14:00:00Z,0,1,0,0,0,0,0,0,0,0,0,0,0,0,0,0.0,0.0,0.0,0.0,40,0,23851,0,0,4.0
477,Abbott,2,14,0,False,2026-08-29T11:30:00Z,2,2,0,0,0,0,0,0,0,0,0,0,0,0,0,0.0,0.0,0.0,0.0,40,-1227,24822,996,2223,4.0
477,Abbott,3,19,0,True,2026-09-05T14:00:00Z,0,0,0,0,0,0,0,0,0,0,0,0,0,0,0,0.0,0.0,0.0,0.0,40,-2802,22912,1463,4265,4.0
477,Abbott,4,2,0,False,2026-09-12T14:00:00Z,1,2,0,0,0,0,0,0,0,0,0,0,0,0,0,0.0,0.0,0.0,0.0,40,-4322,18185,0,4322,4.0
477,Abbott,5,7,0,True,2026-09-19T16:30:00Z,0,1,0,0,0,0,0,0,0,0,0,0,0,0,0,0.0,0.0,0.0,0.0,40,-2263,16093,0,2263,4.0
478,Netz,1,13,1,True,2026-08-22T14:00:00Z,0,1,16,0,0,0,1,0,0,0,0,0,0,0,-2,0.0,0.9,0.0,0.1,45,0,2322,0,0,4.5
478,Netz,2,14,1,False,2026-08-29T11:30:00Z,2,2,4,0,0,0,0,0,0,0,0,0,0,0,5,2.0,0.0,0.0,0.2,45,-176,3516,112,288,4.5
478,Netz,3,19,0,True,2026-09-05T14:00:00Z,0,0,0,0,0,0,0,0,0,0,0,0,0,0,0,0.0,0.0,0.0,0.0,45,-304,3401,168,472,4.5
478,Netz,4,2,0,False,2026-09-12T14:00:00Z,1,2,0,0,0,0,0,0,0,0,0,0,0,0,0,0.0,0.0,0.0,0.0,45,-264,3279,104,368,4.5
478,Netz,5,7,1,True,2026-09-19T16:30:00Z,0,1,7,0,0,0,0,0,0,0,0,0,0,0,5,4.0,16.6,2.0,2.3,44,-97,3276,246,343,4.4
479,Bindon,1,13,0,True,2026-08-22T14:00:00Z,0,1,0,0,0,0,0,0,0,0,0,0,0,0,0,0.0,0.0,0.0,0.0,40,0,18342,0,0,4.0
479,Bindon,2,14,0,False,2026-08-29T11:30:00Z,2,2,0,0,0,0,0,0,0,0,0,0,0,0,0,0.0,0.0,0.0,0.0,40,-1052,18138,365,1417,4.0
479,Bindon,3,19,0,True,2026-09-05T14:00:00Z,0,0,0,0,0,0,0,0,0,0,0,0,0,0,0,0.0,0.0,0.0,0.0,40,-2507,15742,434,2941,4.0
479,Bindon,4,2,0,False,2026-09-12T14:00:00Z,1,2,0,0,0,0,0,0,0,0,0,0,0,0,0,0.0,0.0,0.0,0.0,40,-2375,13436,0,2375,4.0
479,Bindon,5,7,0,True,2026-09-19T16:30:00Z,0,1,0,0,0,0,0,0,0,0,0,0,0,0,0,0.0,0.0,0.0,0.0,40,-1397,12104,0,1397,4.0
480,Gibbs-White,1,13,2,True,2026-08-22T14:00:00Z,0,1,90,0,0,0,1,0,0,0,0,0,0,0,10,0.0,9.3,16.0,2.4,80,0,1039647,0,0,8.0
480,Gibbs-White,2,14,13,False,2026-08-29T11:30:00Z,2,2,90,1,1,0,2,0,0,0,0,0,0,3,36,56.4,12.5,17.0,8.6,80,-274313,815842,8780,283093,8.0
480,Gibbs-White,3,19,3,True,2026-09-05T14:00:00Z,0,0,90,0,0,1,0,0,0,0,0,0,0,0,3,5.6,3.0,13.0,2.2,79,102526,1065969,215196,112670,7.9
480,Gibbs-White,4,2,8,False,2026-09-12T14:00:00Z,1,2,90,0,1,0,1,0,0,0,0,0,0,3,42,39.0,98.5,26.0,16.4,79,26861,1011180,175102,148241,7.9
480,Gibbs-White,5,7,2,True,2026-09-19T16:30:00Z,0,1,90,0,0,0,1,0,0,0,0,0,0,0,25,22.4,81.4,6.0,11.0,80,705914,1912107,744604,38690,8.0
482,Hudson-Odoi,1,13,0,True,2026-08-22T14:00:00Z,0,1,0,0,0,0,0,0,0,0,0,0,0,0,0,0.0,0.0,0.0,0.0,60,0,23579,0,0,6.0
482,Hudson-Odoi,2,14,1,False,2026-08-29T11:30:00Z,2,2,1,0,0,0,0,0,0,0,0,0,0,0,2,0.0,0.3,0.0,0.0,60,-4758,21667,726,5484,6.0
482,Hudson-Odoi,3,19,0,True,2026-09-05T14:00:00Z,0,0,0,0,0,0,0,0,0,0,0,0,0,0,0,0.0,0.0,0.0,0.0,59,-3315,19189,1609,4924,5.9
482,Hudson-Odoi,4,2,0,False,2026-09-12T14:00:00Z,1,2,0,0,0,0,0,0,0,0,0,0,0,0,0,0.0,0.0,0.0,0.0,59,-2586,17097,774,3360,5.9
482,Hudson-Odoi,5,7,0,True,2026-09-19T16:30:00Z,0,1,0,0,0,0,0,0,0,0,0,0,0,0,0,0.0,0.0,0.0,0.0,58,-730,16903,1902,2632,5.8
483,Ndoye,1,13,3,True,2026-08-22T14:00:00Z,0,1,61,0,0,1,0,0,0,0,0,0,0,0,5,1.4,2.5,0.0,0.4,55,0,39539,0,0,5.5
483,Ndoye,2,14,9,False,2026-08-29T11:30:00Z,2,2,65,1,0,0,1,0,0,0,0,0,0,2,30,35.8,23.0,36.0,9.5,55,-3771,39501,1491,5262,5.5
483,Ndoye,3,19,1,True,2026-09-05T14:00:00Z,0,0,58,0,0,0,0,0,0,0,0,0,0,0,5,0.4,0.3,0.0,0.1,55,22451,73790,33732,11281,5.5
483,Ndoye,4,2,1,False,2026-09-12T14:00:00Z,1,2,74,0,0,0,1,0,0,0,1,0,0,0,1,0.0,12.5,38.0,4.7,55,-3202,67800,9828,13030,5.5
483,Ndoye,5,7,1,True,2026-09-19T16:30:00Z,0,1,58,0,0,0,1,0,0,0,0,0,0,0,3,1.4,25.3,16.0,4.3,55,14955,87185,26545,11590,5.5
484,Hutchinson,1,13,0,True,2026-08-22T14:00:00Z,0,1,0,0,0,0,0,0,0,0,0,0,0,0,0,0.0,0.0,0.0,0.0,55,0,15797,0,0,5.5
484,Hutchinson,2,14,0,False,2026-08-29T11:30:00Z,2,2,0,0,0,0,0,0,0,0,0,0,0,0,0,0.0,0.0,0.0,0.0,55,-2032,15837,214,2246,5.5
484,Hutchinson,3,19,0,True,2026-09-05T14:00:00Z,0,0,0,0,0,0,0,0,0,0,0,0,0,0,0,0.0,0.0,0.0,0.0,54,-4400,11458,213,4613,5.4
484,Hutchinson,4,2,0,False,2026-09-12T14:00:00Z,1,2,0,0,0,0,0,0,0,0,0,0,0,0,0,0.0,0.0,0.0,0.0,54,-2676,8921,0,2676,5.4
484,Hutchinson,5,7,0,True,2026-09-19T16:30:00Z,0,1,0,0,0,0,0,0,0,0,0,0,0,0,0,0.0,0.0,0.0,0.0,54,-1093,7897,0,1093,5.4
485,Bakwa,1,13,0,True,2026-08-22T14:00:00Z,0,1,0,0,0,0,0,0,0,0,0,0,0,0,0,0.0,0.0,0.0,0.0,55,0,1373,0,0,5.5
485,Bakwa,2,14,0,False,2026-08-29T11:30:00Z,2,2,0,0,0,0,0,0,0,0,0,0,0,0,0,0.0,0.0,0.0,0.0,55,-298,1297,107,405,5.5
485,Bakwa,3,19,0,True,2026-09-05T14:00:00Z,0,0,0,0,0,0,0,0,0,0,0,0,0,0,0,0.0,0.0,0.0,0.0,55,-532,761,0,532,5.5
485,Bakwa,4,2,0,False,2026-09-12T14:00:00Z,1,2,0,0,0,0,0,0,0,0,0,0,0,0,0,0.0,0.0,0.0,0.0,55,-145,638,0,145,5.5
485,Bakwa,5,7,0,True,2026-09-19T16:30:00Z,0,1,0,0,0,0,0,0,0,0,0,0,0,0,0,0.0,0.0,0.0,0.0,55,-60,579,0,60,5.5
486,McAtee,1,13,3,True,2026-08-22T14:00:00Z,0,1,73,0,0,1,0,0,0,0,0,0,0,0,18,11.6,42.5,0.0,5.4,55,0,3147,0,0,5.5
486,McAtee,2,14,2,False,2026-08-29T11:30:00Z,2,2,90,0,0,0,2,0,0,0,0,0,0,0,16,8.2,18.5,0.0,2.7,55,199,5218,674,475,5.5
486,McAtee,3,19,2,True,2026-09-05T14:00:00Z,0,0,90,0,0,1,0,0,0,0,1,0,0,0,22,14.2,59.5,10.0,8.4,55,1865,8416,3393,1528,5.5
486,McAtee,4,2,3,False,2026-09-12T14:00:00Z,1,2,81,0,0,0,1,0,0,0,1,0,0,0,18,14.8,27.3,10.0,5.2,55,546,9321,1956,1410,5.5
486,McAtee,5,7,2,True,2026-09-19T16:30:00Z,0,1,82,0,0,0,1,0,0,0,0,0,0,0,17,13.6,27.0,18.0,5.9,55,1989,11916,3622,1633,5.5
487,Dominguez,1,13,0,True,2026-08-22T14:00:00Z,0,1,0,0,0,0,0,0,0,0,0,0,0,0,0,0.0,0.0,0.0,0.0,50,0,7576,0,0,5.0
487,Dominguez,2,14,1,False,2026-08-29T11:30:00Z,2,2,1,0,0,0,0,0,0,0,0,0,0,0,3,0.2,0.0,0.0,0.0,50,-848,7613,214,1062,5.0
487,Dominguez,3,19,0,True,2026-09-05T14:00:00Z,0,0,0,0,0,0,0,0,0,0,0,0,0,0,0,0.0,0.0,0.0,0.0,50,-788,7052,358,1146,5.0
487,Dominguez,4,2,0,False,2026-09-12T14:00:00Z,1,2,0,0,0,0,0,0,0,0,0,0,0,0,0,0.0,0.0,0.0,0.0,49,-569,6666,312,881,4.9
487,Dominguez,5,7,0,True,2026-09-19T16:30:00Z,0,1,0,0,0,0,0,0,0,0,0,0,0,0,0,0.0,0.0,0.0,0.0,49,-459,6327,254,713,4.9
488,I.Sangaré,1,13,2,True,2026-08-22T14:00:00Z,0,1,90,0,0,0,1,0,0,0,0,0,0,0,10,17.8,13.0,3.0,3.4,50,0,100536,0,0,5.0
488,I.Sangaré,2,14,0,False,2026-08-29T11:30:00Z,2,2,0,0,0,0,0,0,0,0,0,0,0,0,0,0.0,0.0,0.0,0.0,50,-15127,88298,2850,17977,5.0
488,I.Sangaré,3,19,0,True,2026-09-05T14:00:00Z,0,0,0,0,0,0,0,0,0,0,0,0,0,0,0,0.0,0.0,0.0,0.0,49,-26662,60777,1817,28479,4.9
488,I.Sangaré,4,2,1,False,2026-09-12T14:00:00Z,1,2,8,0,0,0,0,0,0,0,0,0,0,0,2,2.4,0.4,2.0,0.5,49,-9453,52561,2665,12118,4.9
488,I.Sangaré,5,7,1,True,2026-09-19T16:30:00Z,0,1,7,0,0,0,0,0,0,0,0,0,0,0,3,1.4,0.3,0.0,0.2,49,-5438,48314,1567,7005,4.9
489,Yates,1,13,0,True,2026-08-22T14:00:00Z,0,1,0,0,0,0,0,0,0,0,0,0,0,0,0,0.0,0.0,0.0,0.0,45,0,177323,0,0,4.5
489,Yates,2,14,0,False,2026-08-29T11:30:00Z,2,2,0,0,0,0,0,0,0,0,0,0,0,0,0,0.0,0.0,0.0,0.0,45,-35340,142945,1743,37083,4.5
489,Yates,3,19,0,True,2026-09-05T14:00:00Z,0,0,0,0,0,0,0,0,0,0,0,0,0,0,0,0.0,0.0,0.0,0.0,45,-864,152628,17319,18183,4.5
489,Yates,4,2,0,False,2026-09-12T14:00:00Z,1,2,0,0,0,0,0,0,0,0,0,0,0,0,0,0.0,0.0,0.0,0.0,45,-8348,144588,7645,15993,4.5
489,Yates,5,7,0,True,2026-09-19T16:30:00Z,0,1,0,0,0,0,0,0,0,0,0,0,0,0,0,0.0,0.0,0.0,0.0,45,-12157,132416,2939,15096,4.5
490,Wood,1,13,1,True,2026-08-22T14:00:00Z,0,1,28,0,0,0,1,0,0,0,0,0,0,0,3,0.0,2.4,3.0,0.4,60,0,159951,0,0,6.0
490,Wood,2,14,0,False,2026-08-29T11:30:00Z,2,2,0,0,0,0,0,0,0,0,0,0,0,0,0,0.0,0.0,0.0,0.0,60,-24782,152998,4569,29351,6.0
490,Wood,3,19,1,True,2026-09-05T14:00:00Z,0,0,16,0,0,0,0,0,0,0,0,0,0,0,3,0.2,0.1,0.0,0.0,59,-35128,121647,7780,42908,5.9
490,Wood,4,2,1,False,2026-09-12T14:00:00Z,1,2,1,0,0,0,0,0,0,0,0,0,0,0,3,0.0,0.0,0.0,0.0,59,-17430,108335,4564,21994,5.9
490,Wood,5,7,1,True,2026-09-19T16:30:00Z,0,1,17,0,0,0,0,0,0,0,0,0,0,0,4,1.0,2.3,0.0,0.3,58,-9928,100797,5666,15594,5.8
491,Igor Jesus,1,13,2,True,2026-08-22T14:00:00Z,0,1,90,0,0,0,1,0,0,0,0,0,0,0,8,5.2,6.8,31.0,4.3,60,0,389784,0,0,6.0
491,Igor Jesus,2,14,1,False,2026-08-29T11:30:00Z,2,2,90,0,0,0,2,0,0,0,1,0,0,0,4,8.6,13.3,38.0,6.0,60,-48313,361702,10237,58550,6.0
491,Igor Jesus,3,19,1,True,2026-09-05T14:00:00Z,0,0,31,0,0,0,0,0,0,0,0,0,0,0,3,1.2,0.4,0.0,0.2,59,-56312,307784,25411,81723,5.9
491,Igor Jesus,4,2,7,False,2026-09-12T14:00:00Z,1,2,15,1,0,0,0,0,0,0,0,0,0,2,34,36.4,11.0,17.0,6.4,59,-61409,253573,12811,74220,5.9
491,Igor Jesus,5,7,1,True,2026-09-19T16:30:00Z,0,1,31,0,0,0,0,0,0,0,0,0,0,0,4,3.4,9.2,14.0,2.7,58,37689,310521,70541,32852,5.8
493,Kalimuendo,1,13,1,True,2026-08-22T14:00:00Z,0,1,1,0,0,0,0,0,0,0,0,0,0,0,3,0.0,0.0,0.0,0.0,55,0,4138,0,0,5.5
493,Kalimuendo,2,14,0,False,2026-08-29T11:30:00Z,2,2,0,0,0,0,0,0,0,0,0,0,0,0,0,0.0,0.0,0.0,0.0,55,-418,5177,339,757,5.5
493,Kalimuendo,3,19,0,True,2026-09-05T14:00:00Z,0,0,0,0,0,0,0,0,0,0,0,0,0,0,0,0.0,0.0,0.0,0.0,54,-411,5117,838,1249,5.4
493,Kalimuendo,4,2,0,False,2026-09-12T14:00:00Z,1,2,0,0,0,0,0,0,0,0,0,0,0,0,0,0.0,0.0,0.0,0.0,54,281,5715,1150,869,5.4
493,Kalimuendo,5,7,0,True,2026-09-19T16:30:00Z,0,1,0,0,0,0,0,0,0,0,0,0,0,0,0,0.0,0.0,0.0,0.0,54,-342,5589,483,825,5.4
558,Schlager,1,13,1,True,2026-08-22T14:00:00Z,0,1,16,0,0,0,1,0,0,0,0,0,0,0,3,0.6,1.0,2.0,0.4,50,0,10065,0,0,5.0
558,Schlager,2,14,4,False,2026-08-29T11:30:00Z,2,2,90,0,0,0,2,0,0,0,0,0,0,0,15,21.2,0.7,7.0,2.9,50,-986,9781,158,1144,5.0
558,Schlager,3,19,3,True,2026-09-05T14:00:00Z,0,0,90,0,0,1,0,0,0,0,0,0,0,0,18,11.2,2.3,1.0,1.5,50,99,10377,1419,1320,5.0
558,Schlager,4,2,3,False,2026-09-12T14:00:00Z,1,2,90,0,0,0,1,0,0,0,1,0,0,0,18,21.8,15.2,17.0,5.4,50,-224,10277,1040,1264,5.0
558,Schlager,5,7,2,True,2026-09-19T16:30:00Z,0,1,90,0,0,0,1,0,0,0,0,0,0,0,16,13.6,5.8,4.0,2.3,50,1774,12605,3063,1289,5.0
581,Diomande,1,13,0,True,2026-08-22T14:00:00Z,0,1,0,0,0,0,0,0,0,0,0,0,0,0,0,0.0,0.0,0.0,0.0,55,0,67092,0,0,5.5
581,Diomande,2,14,0,False,2026-08-29T11:30:00Z,2,2,0,0,0,0,0,0,0,0,0,0,0,0,0,0.0,0.0,0.0,0.0,55,-8617,71062,3484,12101,5.5
581,Diomande,3,19,1,True,2026-09-05T14:00:00Z,0,0,1,0,0,0,0,0,0,0,0,0,0,0,3,0.0,0.0,0.0,0.0,54,-12790,61213,3142,15932,5.4
581,Diomande,4,2,4,False,2026-09-12T14:00:00Z,1,2,90,0,0,0,1,0,0,0,0,0,0,0,10,24.6,0.4,11.0,3.6,54,-6555,56566,1486,8041,5.4
581,Diomande,5,7,2,True,2026-09-19T16:30:00Z,0,1,72,0,0,0,1,0,0,0,0,0,0,0,4,7.8,0.6,8.0,1.6,54,619,59651,4010,3391,5.4
590,Benda,1,13,0,True,2026-08-22T14:00:00Z,0,1,0,0,0,0,0,0,0,0,0,0,0,0,0,0.0,0.0,0.0,0.0,45,0,5245,0,0,4.5
590,Benda,2,14,0,False,2026-08-29T11:30:00Z,2,2,0,0,0,0,0,0,0,0,0,0,0,0,0,0.0,0.0,0.0,0.0,45,81,6630,625,544,4.5
590,Benda,3,19,0,True,2026-09-05T14:00:00Z,0,0,0,0,0,0,0,0,0,0,0,0,0,0,0,0.0,0.0,0.0,0.0,45,79,7389,950,871,4.5
590,Benda,4,2,0,False,2026-09-12T14:00:00Z,1,2,0,0,0,0,0,0,0,0,0,0,0,0,0,0.0,0.0,0.0,0.0,45,-80,7551,543,623,4.5
590,Benda,5,7,0,True,2026-09-19T16:30:00Z,0,1,0,0,0,0,0,0,0,0,0,0,0,0,0,0.0,0.0,0.0,0.0,45,-141,7565,422,563,4.5
112,Van Hecke,1,4,1,False,2026-08-22T16:30:00Z,3,0,90,0,0,0,3,0,0,0,0,0,0,0,3,28.2,2.8,2.0,3.3,50,0,955905,0,0,5.0
112,Van Hecke,2,17,1,True,2026-08-29T16:30:00Z,0,2,90,0,0,0,2,0,0,0,0,0,0,0,9,26.6,13.7,33.0,7.3,50,-62164,945549,36604,98768,5.0
112,Van Hecke,3,18,8,False,2026-09-05T14:00:00Z,0,0,90,0,0,1,0,0,0,0,0,0,0,2,29,16.6,12.8,11.0,4.0,49,-198387,733037,21192,219579,4.9
112,Van Hecke,4,9,8,True,2026-09-12T16:30:00Z,0,0,90,0,0,1,0,0,0,0,0,0,0,0,27,38.4,15.2,7.0,6.1,49,-45526,718579,37570,83096,4.9
112,Van Hecke,5,2,6,True,2026-09-19T11:30:00Z,2,3,90,1,0,0,3,0,0,0,1,0,0,0,17,62.0,30.4,17.0,10.9,49,-3149,721559,40803,43952,4.9
147,Tosin,1,10,0,False,2026-08-24T19:00:00Z,2,3,0,0,0,0,0,0,0,0,0,0,0,0,0,0.0,0.0,0.0,0.0,45,0,18070,0,0,4.5
147,Tosin,2,5,0,True,2026-08-30T13:00:00Z,4,3,0,0,0,0,0,0,0,0,0,0,0,0,0,0.0,0.0,0.0,0.0,45,-1857,19280,263,2120,4.5
147,Tosin,3,18,0,False,2026-09-05T14:00:00Z,0,0,0,0,0,0,0,0,0,0,0,0,0,0,0,0.0,0.0,0.0,0.0,45,-2004,17692,553,2557,4.5
147,Tosin,4,9,1,True,2026-09-12T16:30:00Z,0,0,5,0,0,0,0,0,0,0,0,0,0,0,5,9.0,0.2,0.0,0.9,44,-999,17024,639,1638,4.4
147,Tosin,5,2,0,True,2026-09-19T11:30:00Z,2,3,0,0,0,0,0,0,0,0,0,0,0,0,0,0.0,0.0,0.0,0.0,44,-600,16621,437,1037,4.4
401,Marmoush,1,3,0,True,2026-08-23T13:00:00Z,2,1,0,0,0,0,0,0,0,0,0,0,0,0,0,0.0,0.0,0.0,0.0,70,0,80421,0,0,7.0
401,Marmoush,2,17,2,True,2026-08-29T16:30:00Z,0,2,90,0,0,0,2,0,0,0,0,0,0,0,14,9.2,35.1,28.0,7.2,70,20447,131884,39808,19361,7.0
401,Marmoush,3,18,2,False,2026-09-05T14:00:00Z,0,0,83,0,0,1,0,0,0,0,0,0,0,0,6,0.0,2.4,10.0,1.0,70,64907,232425,100495,35588,7.0
401,Marmoush,4,9,2,True,2026-09-12T16:30:00Z,0,0,76,0,0,1,0,0,0,0,0,0,0,0,9,3.2,11.6,14.0,2.9,70,6113,250023,46956,40843,7.0
401,Marmoush,5,2,2,True,2026-09-19T11:30:00Z,2,3,90,0,0,0,3,0,0,0,0,0,0,0,8,5.6,6.4,6.0,1.8,70,-10121,240325,35220,45341,7.0
403,Sávio,1,3,0,True,2026-08-23T13:00:00Z,2,1,0,0,0,0,0,0,0,0,0,0,0,0,0,0.0,0.0,0.0,0.0,65,0,23783,0,0,6.5
403,Sávio,2,17,0,True,2026-08-29T16:30:00Z,0,2,0,0,0,0,0,0,0,0,0,0,0,0,0,0.0,0.0,0.0,0.0,65,48883,92925,55747,6864,6.5
403,Sávio,3,18,3,False,2026-09-05T14:00:00Z,0,0,60,0,0,1,0,0,0,0,0,0,0,0,15,6.2,17.3,15.0,3.9,65,-23670,68277,15136,38806,6.5
403,Sávio,4,9,3,True,2026-09-12T16:30:00Z,0,0,90,0,0,1,0,0,0,0,0,0,0,0,22,20.8,53.7,28.0,10.3,65,-583,75171,13225,13808,6.5
403,Sávio,5,2,2,True,2026-09-19T11:30:00Z,2,3,90,0,0,0,3,0,0,0,0,0,0,0,29,24.4,59.0,53.0,13.6,65,-481,74946,12804,13285,6.5
455,Tonali,1,4,2,False,2026-08-22T16:30:00Z,3,0,90,0,0,0,3,0,0,0,0,0,0,0,14,6.2,6.4,8.0,2.1,55,0,376914,0,0,5.5
455,Tonali,2,17,2,True,2026-08-29T16:30:00Z,0,2,74,0,0,0,2,0,0,0,0,0,0,0,16,5.0,26.3,4.0,3.5,55,-38097,369291,14119,52216,5.5
455,Tonali,3,18,5,False,2026-09-05T14:00:00Z,0,0,90,0,0,1,0,0,0,0,0,0,0,0,22,22.8,8.0,0.0,3.1,54,-83285,288825,14031,97316,5.4
455,Tonali,4,9,3,True,2026-09-12T16:30:00Z,0,0,90,0,0,1,0,0,0,0,0,0,0,0,16,12.2,30.7,6.0,4.9,54,-31266,265893,12899,44165,5.4
455,Tonali,5,2,2,True,2026-09-19T11:30:00Z,2,3,83,0,0,0,3,0,0,0,0,0,0,0,18,16.8,17.6,10.0,4.4,54,-56370,210274,4540,60910,5.4
494,Vicario,1,4,0,False,2026-08-22T16:30:00Z,3,0,0,0,0,0,0,0,0,0,0,0,0,0,0,0.0,0.0,0.0,0.0,45,0,35657,0,0,4.5
494,Vicario,2,17,0,True,2026-08-29T16:30:00Z,0,2,0,0,0,0,0,0,0,0,0,0,0,0,0,0.0,0.0,0.0,0.0,45,-11437,23872,0,11437,4.5
494,Vicario,3,18,0,False,2026-09-05T14:00:00Z,0,0,0,0,0,0,0,0,0,0,0,0,0,0,0,0.0,0.0,0.0,0.0,45,-5759,18205,0,5759,4.5
494,Vicario,4,9,0,True,2026-09-12T16:30:00Z,0,0,0,0,0,0,0,0,0,0,0,0,0,0,0,0.0,0.0,0.0,0.0,45,-2498,16026,0,2498,4.5
494,Vicario,5,2,0,True,2026-09-19T11:30:00Z,2,3,0,0,0,0,0,0,0,0,0,0,0,0,0,0.0,0.0,0.0,0.0,45,-1689,14414,0,1689,4.5
495,Austin,1,4,0,False,2026-08-22T16:30:00Z,3,0,0,0,0,0,0,0,0,0,0,0,0,0,0,0.0,0.0,0.0,0.0,40,0,78400,0,0,4.0
495,Austin,2,17,0,True,2026-08-29T16:30:00Z,0,2,0,0,0,0,0,0,0,0,0,0,0,0,0,0.0,0.0,0.0,0.0,40,-490,88358,3212,3702,4.0
495,Austin,3,18,0,False,2026-09-05T14:00:00Z,0,0,0,0,0,0,0,0,0,0,0,0,0,0,0,0.0,0.0,0.0,0.0,40,3899,104639,9717,5818,4.0
495,Austin,4,9,0,True,2026-09-12T16:30:00Z,0,0,0,0,0,0,0,0,0,0,0,0,0,0,0,0.0,0.0,0.0,0.0,40,2998,108986,8583,5585,4.0
495,Austin,5,2,0,True,2026-09-19T11:30:00Z,2,3,0,0,0,0,0,0,0,0,0,0,0,0,0,0.0,0.0,0.0,0.0,40,1559,112272,6139,4580,4.0
496,Kinsky,1,4,2,False,2026-08-22T16:30:00Z,3,0,90,0,0,0,3,0,0,0,0,0,5,0,15,43.6,0.0,0.0,4.4,45,0,2208330,0,0,4.5
496,Kinsky,2,17,1,True,2026-08-29T16:30:00Z,0,2,90,0,0,0,2,0,0,0,0,0,0,0,4,3.8,0.0,0.0,0.4,45,-41526,2247365,40625,82151,4.5
496,Kinsky,3,18,6,False,2026-09-05T14:00:00Z,0,0,90,0,0,1,0,0,0,0,0,0,1,0,24,10.4,10.0,0.0,2.0,45,-225719,1949396,46420,272139,4.5
496,Kinsky,4,9,7,True,2026-09-12T16:30:00Z,0,0,90,0,0,1,0,0,0,0,0,0,3,0,29,19.8,0.0,0.0,2.0,45,-84513,1930350,146399,230912,4.5
496,Kinsky,5,2,2,True,2026-09-19T11:30:00Z,2,3,90,0,0,0,3,0,0,0,0,0,3,0,5,27.2,0.0,0.0,2.7,45,-1315,1963942,95710,97025,4.5
497,Dubravka,1,4,0,False,2026-08-22T16:30:00Z,3,0,0,0,0,0,0,0,0,0,0,0,0,0,0,0.0,0.0,0.0,0.0,40,0,1778139,0,0,4.0
497,Dubravka,2,17,0,True,2026-08-29T16:30:00Z,0,2,0,0,0,0,0,0,0,0,0,0,0,0,0,0.0,0.0,0.0,0.0,40,-28731,1835588,35086,63817,4.0
497,Dubravka,3,18,0,False,2026-09-05T14:00:00Z,0,0,0,0,0,0,0,0,0,0,0,0,0,0,0,0.0,0.0,0.0,0.0,40,12181,1908726,131012,118831,4.0
497,Dubravka,4,9,0,True,2026-09-12T16:30:00Z,0,0,0,0,0,0,0,0,0,0,0,0,0,0,0,0.0,0.0,0.0,0.0,40,19545,1929614,144708,125163,4.0
497,Dubravka,5,2,0,True,2026-09-19T11:30:00Z,2,3,0,0,0,0,0,0,0,0,0,0,0,0,0,0.0,0.0,0.0,0.0,40,-25006,1908194,59833,84839,4.0
498,Senesi,1,4,3,False,2026-08-22T16:30:00Z,3,0,90,0,0,0,3,0,0,0,0,0,0,0,10,36.6,2.2,0.0,3.9,60,0,724252,0,0,6.0
498,Senesi,2,17,0,True,2026-08-29T16:30:00Z,0,2,0,0,0,0,0,0,0,0,0,0,0,0,0,0.0,0.0,0.0,0.0,60,-48293,746751,15942,64235,6.0
498,Senesi,3,18,0,False,2026-09-05T14:00:00Z,0,0,0,0,0,0,0,0,0,0,0,0,0,0,0,0.0,0.0,0.0,0.0,59,-185202,558130,5382,190584,5.9
498,Senesi,4,9,0,True,2026-09-12T16:30:00Z,0,0,0,0,0,0,0,0,0,0,0,0,0,0,0,0.0,0.0,0.0,0.0,59,-104635,468891,4311,108946,5.9
498,Senesi,5,2,0,True,2026-09-19T11:30:00Z,2,3,0,0,0,0,0,0,0,0,0,0,0,0,0,0.0,0.0,0.0,0.0,58,-70189,403044,2509,72698,5.8
499,Pedro Porro,1,4,0,False,2026-08-22T16:30:00Z,3,0,0,0,0,0,0,0,0,0,0,0,0,0,0,0.0,0.0,0.0,0.0,55,0,1595087,0,0,5.5
499,Pedro Porro,2,17,1,True,2026-08-29T16:30:00Z,0,2,90,0,0,0,2,0,0,0,0,0,0,0,1,9.4,7.9,21.0,3.8,55,-296944,1331308,20574,317518,5.5
499,Pedro Porro,3,18,7,False,2026-09-05T14:00:00Z,0,0,90,0,0,1,0,0,0,0,0,0,0,1,28,13.2,35.8,6.0,5.5,55,-179795,1176909,48390,228185,5.5
499,Pedro Porro,4,9,0,True,2026-09-12T16:30:00Z,0,0,0,0,0,0,0,0,0,0,0,0,0,0,0,0.0,0.0,0.0,0.0,55,-80703,1130296,48477,129180,5.5
499,Pedro Porro,5,2,1,True,2026-09-19T11:30:00Z,2,3,18,0,0,0,0,0,0,0,0,0,0,0,4,0.0,3.9,1.0,0.5,54,-237532,889495,5333,242865,5.4
500,Romero,1,4,0,False,2026-08-22T16:30:00Z,3,0,0,0,0,0,0,0,0,0,0,0,0,0,0,0.0,0.0,0.0,0.0,50,0,25814,0,0,5.0
500,Romero,2,17,0,True,2026-08-29T16:30:00Z,0,2,0,0,0,0,0,0,0,0,0,0,0,0,0,0.0,0.0,0.0,0.0,50,-10779,14805,0,10779,5.0
500,Romero,3,18,0,False,2026-09-05T14:00:00Z,0,0,0,0,0,0,0,0,0,0,0,0,0,0,0,0.0,0.0,0.0,0.0,50,-3763,11327,0,3763,5.0
500,Romero,4,9,0,True,2026-09-12T16:30:00Z,0,0,0,0,0,0,0,0,0,0,0,0,0,0,0,0.0,0.0,0.0,0.0,50,-1362,10093,0,1362,5.0
500,Romero,5,2,0,True,2026-09-19T11:30:00Z,2,3,0,0,0,0,0,0,0,0,0,0,0,0,0,0.0,0.0,0.0,0.0,50,-610,9526,0,610,5.0
502,Robertson,1,4,3,False,2026-08-22T16:30:00Z,3,0,90,0,0,0,3,0,0,0,0,0,0,0,13,31.8,19.2,2.0,5.3,45,0,350993,0,0,4.5
502,Robertson,2,17,2,True,2026-08-29T16:30:00Z,0,2,67,0,0,0,1,0,0,0,0,0,0,0,7,11.2,16.8,25.0,5.3,45,-1127,379457,22171,23298,4.5
502,Robertson,3,18,1,False,2026-09-05T14:00:00Z,0,0,29,0,0,0,0,0,0,0,0,0,0,0,3,6.0,0.3,0.0,0.6,45,-47646,328965,13705,61351,4.5
502,Robertson,4,9,7,True,2026-09-12T16:30:00Z,0,0,90,0,0,1,0,0,0,0,0,0,0,1,30,10.8,31.5,8.0,5.0,44,-57673,278552,5647,63320,4.4
502,Robertson,5,2,4,True,2026-09-19T11:30:00Z,2,3,90,0,1,0,3,0,0,0,0,0,0,0,15,29.8,56.1,6.0,9.2,44,-2558,283003,20149,22707,4.4
503,Van de Ven,1,4,0,False,2026-08-22T16:30:00Z,3,0,0,0,0,0,0,0,0,0,0,0,0,0,0,0.0,0.0,0.0,0.0,50,0,522301,0,0,5.0
503,Van de Ven,2,17,0,True,2026-08-29T16:30:00Z,0,2,90,0,0,0,2,0,0,0,1,0,0,0,5,15.2,2.1,0.0,1.7,50,-116329,422798,8374,124703,5.0
503,Van de Ven,3,18,9,False,2026-09-05T14:00:00Z,0,0,90,0,0,1,0,0,0,0,0,0,0,3,30,21.4,1.2,14.0,3.7,50,-61459,380320,16557,78016,5.0
503,Van de Ven,4,9,6,True,2026-09-12T16:30:00Z,0,0,90,0,0,1,0,0,0,0,0,0,0,0,27,15.0,3.1,0.0,1.8,50,10120,414668,33873,23753,5.0
503,Van de Ven,5,2,1,True,2026-09-19T11:30:00Z,2,3,90,0,0,0,3,0,0,0,0,0,0,0,7,24.2,2.3,4.0,3.1,50,8883,429279,29652,20769,5.0
505,Spence,1,4,0,False,2026-08-22T16:30:00Z,3,0,0,0,0,0,0,0,0,0,0,0,0,0,0,0.0,0.0,0.0,0.0,45,0,93085,0,0,4.5
505,Spence,2,17,0,True,2026-08-29T16:30:00Z,0,2,0,0,0,0,0,0,0,0,0,0,0,0,0,0.0,0.0,0.0,0.0,45,-45782,46576,0,45782,4.5
505,Spence,3,18,0,False,2026-09-05T14:00:00Z,0,0,0,0,0,0,0,0,0,0,0,0,0,0,0,0.0,0.0,0.0,0.0,45,-14294,33138,0,14294,4.5
505,Spence,4,9,0,True,2026-09-12T16:30:00Z,0,0,0,0,0,0,0,0,0,0,0,0,0,0,0,0.0,0.0,0.0,0.0,45,-5357,28187,0,5357,4.5
505,Spence,5,2,0,True,2026-09-19T11:30:00Z,2,3,0,0,0,0,0,0,0,0,0,0,0,0,0,0.0,0.0,0.0,0.0,45,-2653,25713,0,2653,4.5
506,Udogie,1,4,1,False,2026-08-22T16:30:00Z,3,0,4,0,0,0,0,0,0,0,0,0,0,0,3,0.0,0.7,0.0,0.0,45,0,43741,0,0,4.5
506,Udogie,2,17,1,True,2026-08-29T16:30:00Z,0,2,22,0,0,0,1,0,0,0,0,0,0,0,2,5.2,11.5,2.0,1.9,45,-3007,47523,1685,4692,4.5
506,Udogie,3,18,5,False,2026-09-05T14:00:00Z,0,0,60,0,0,1,0,0,0,0,1,0,0,0,16,4.6,1.3,2.0,0.8,45,-5660,43060,1127,6787,4.5
506,Udogie,4,9,0,True,2026-09-12T16:30:00Z,0,0,0,0,0,0,0,0,0,0,0,0,0,0,0,0.0,0.0,0.0,0.0,45,-2914,41192,1478,4392,4.5
506,Udogie,5,2,0,True,2026-09-19T11:30:00Z,2,3,0,0,0,0,0,0,0,0,0,0,0,0,0,0.0,0.0,0.0,0.0,44,-4010,37654,949,4959,4.4
507,Phillips,1,4,0,False,2026-08-22T16:30:00Z,3,0,0,0,0,0,0,0,0,0,0,0,0,0,0,0.0,0.0,0.0,0.0,45,0,2583,0,0,4.5
507,Phillips,2,17,0,True,2026-08-29T16:30:00Z,0,2,0,0,0,0,0,0,0,0,0,0,0,0,0,0.0,0.0,0.0,0.0,45,-658,1903,0,658,4.5
507,Phillips,3,18,0,False,2026-09-05T14:00:00Z,0,0,0,0,0,0,0,0,0,0,0,0,0,0,0,0.0,0.0,0.0,0.0,45,-312,1605,0,312,4.5
507,Phillips,4,9,0,True,2026-09-12T16:30:00Z,0,0,0,0,0,0,0,0,0,0,0,0,0,0,0,0.0,0.0,0.0,0.0,45,-139,1474,0,139,4.5
507,Phillips,5,2,0,True,2026-09-19T11:30:00Z,2,3,0,0,0,0,0,0,0,0,0,0,0,0,0,0.0,0.0,0.0,0.0,45,-106,1372,0,106,4.5
508,Davies,1,4,0,False,2026-08-22T16:30:00Z,3,0,0,0,0,0,0,0,0,0,0,0,0,0,0,0.0,0.0,0.0,0.0,40,0,99420,0,0,4.0
508,Davies,2,17,0,True,2026-08-29T16:30:00Z,0,2,0,0,0,0,0,0,0,0,0,0,0,0,0,0.0,0.0,0.0,0.0,40,-6106,102932,2877,8983,4.0
508,Davies,3,18,0,False,2026-09-05T14:00:00Z,0,0,0,0,0,0,0,0,0,0,0,0,0,0,0,0.0,0.0,0.0,0.0,40,-7462,98874,4305,11767,4.0
508,Davies,4,9,0,True,2026-09-12T16:30:00Z,0,0,0,0,0,0,0,0,0,0,0,0,0,0,0,0.0,0.0,0.0,0.0,40,-6385,93661,2570,8955,4.0
508,Davies,5,2,0,True,2026-09-19T11:30:00Z,2,3,0,0,0,0,0,0,0,0,0,0,0,0,0,0.0,0.0,0.0,0.0,40,-5694,88779,2044,7738,4.0
509,Byfield,1,4,0,False,2026-08-22T16:30:00Z,3,0,0,0,0,0,0,0,0,0,0,0,0,0,0,0.0,0.0,0.0,0.0,40,0,4794,0,0,4.0
509,Byfield,2,17,0,True,2026-08-29T16:30:00Z,0,2,0,0,0,0,0,0,0,0,0,0,0,0,0,0.0,0.0,0.0,0.0,40,-239,5341,319,558,4.0
509,Byfield,3,18,0,False,2026-09-05T14:00:00Z,0,0,0,0,0,0,0,0,0,0,0,0,0,0,0,0.0,0.0,0.0,0.0,40,71,6404,719,648,4.0
509,Byfield,4,9,0,True,2026-09-12T16:30:00Z,0,0,0,0,0,0,0,0,0,0,0,0,0,0,0,0.0,0.0,0.0,0.0,40,56,6533,621,565,4.0
509,Byfield,5,2,0,True,2026-09-19T11:30:00Z,2,3,0,0,0,0,0,0,0,0,0,0,0,0,0,0.0,0.0,0.0,0.0,40,-17,6772,556,573,4.0
510,Rowswell,1,4,0,False,2026-08-22T16:30:00Z,3,0,0,0,0,0,0,0,0,0,0,0,0,0,0,0.0,0.0,0.0,0.0,40,0,7021,0,0,4.0
510,Rowswell,2,17,0,True,2026-08-29T16:30:00Z,0,2,0,0,0,0,0,0,0,0,0,0,0,0,0,0.0,0.0,0.0,0.0,40,-360,7895,335,695,4.0
510,Rowswell,3,18,0,False,2026-09-05T14:00:00Z,0,0,0,0,0,0,0,0,0,0,0,0,0,0,0,0.0,0.0,0.0,0.0,40,-25,9320,898,923,4.0
510,Rowswell,4,9,0,True,2026-09-12T16:30:00Z,0,0,0,0,0,0,0,0,0,0,0,0,0,0,0,0.0,0.0,0.0,0.0,40,64,9696,824,760,4.0
510,Rowswell,5,2,0,True,2026-09-19T11:30:00Z,2,3,0,0,0,0,0,0,0,0,0,0,0,0,0,0.0,0.0,0.0,0.0,40,-78,9834,672,750,4.0
511,Souza,1,4,0,False,2026-08-22T16:30:00Z,3,0,0,0,0,0,0,0,0,0,0,0,0,0,0,0.0,0.0,0.0,0.0,40,0,27254,0,0,4.0
511,Souza,2,17,0,True,2026-08-29T16:30:00Z,0,2,0,0,0,0,0,0,0,0,0,0,0,0,0,0.0,0.0,0.0,0.0,40,-1501,29162,1193,2694,4.0
511,Souza,3,18,0,False,2026-09-05T14:00:00Z,0,0,0,0,0,0,0,0,0,0,0,0,0,0,0,0.0,0.0,0.0,0.0,40,-4780,25220,1362,6142,4.0
511,Souza,4,9,0,True,2026-09-12T16:30:00Z,0,0,0,0,0,0,0,0,0,0,0,0,0,0,0,0.0,0.0,0.0,0.0,40,-4759,20460,0,4759,4.0
511,Souza,5,2,0,True,2026-09-19T11:30:00Z,2,3,0,0,0,0,0,0,0,0,0,0,0,0,0,0.0,0.0,0.0,0.0,40,-2391,18271,0,2391,4.0
512,Kudus,1,4,0,False,2026-08-22T16:30:00Z,3,0,0,0,0,0,0,0,0,0,0,0,0,0,0,0.0,0.0,0.0,0.0,65,0,8272,0,0,6.5
512,Kudus,2,17,1,True,2026-08-29T16:30:00Z,0,2,22,0,0,0,1,0,0,0,0,0,0,0,4,1.2,3.3,11.0,1.6,65,-2137,6789,269,2406,6.5
512,Kudus,3,18,1,False,2026-09-05T14:00:00Z,0,0,29,0,0,0,0,0,0,0,0,0,0,0,13,5.2,15.1,2.0,2.2,65,2526,12485,4599,2073,6.5
512,Kudus,4,9,1,True,2026-09-12T16:30:00Z,0,0,27,0,0,0,0,0,0,0,0,0,0,0,8,6.0,12.8,6.0,2.5,65,545,14250,3198,2653,6.5
512,Kudus,5,2,4,True,2026-09-19T11:30:00Z,2,3,45,0,1,0,2,0,0,0,0,0,0,0,24,24.8,17.5,7.0,4.9,65,-95,14877,2728,2823,6.5
513,Xavi,1,4,0,False,2026-08-22T16:30:00Z,3,0,0,0,0,0,0,0,0,0,0,0,0,0,0,0.0,0.0,0.0,0.0,60,0,1345,0,0,6.0
513,Xavi,2,17,0,True,2026-08-29T16:30:00Z,0,2,0,0,0,0,0,0,0,0,0,0,0,0,0,0.0,0.0,0.0,0.0,60,-279,1453,77,356,6.0
513,Xavi,3,18,0,False,2026-09-05T14:00:00Z,0,0,0,0,0,0,0,0,0,0,0,0,0,0,0,0.0,0.0,0.0,0.0,60,-291,1296,78,369,6.0
513,Xavi,4,9,0,True,2026-09-12T16:30:00Z,0,0,0,0,0,0,0,0,0,0,0,0,0,0,0,0.0,0.0,0.0,0.0,59,-108,1311,86,194,5.9
513,Xavi,5,2,0,True,2026-09-19T11:30:00Z,2,3,0,0,0,0,0,0,0,0,0,0,0,0,0,0.0,0.0,0.0,0.0,59,-71,1301,51,122,5.9
514,Tel,1,4,2,False,2026-08-22T16:30:00Z,3,0,90,0,0,0,3,0,0,0,0,0,0,0,17,10.4,26.0,9.0,4.5,60,0,50995,0,0,6.0
514,Tel,2,17,2,True,2026-08-29T16:30:00Z,0,2,67,0,0,0,1,0,0,0,0,0,0,0,10,3.8,3.3,34.0,4.1,60,-6287,48495,4174,10461,6.0
514,Tel,3,18,3,False,2026-09-05T14:00:00Z,0,0,73,0,0,1,0,0,0,0,0,0,0,0,11,6.8,20.2,20.0,4.7,59,-17708,30912,2049,19757,5.9
514,Tel,4,9,1,True,2026-09-12T16:30:00Z,0,0,27,0,0,0,0,0,0,0,0,0,0,0,3,0.6,3.2,9.0,1.3,58,-6570,26160,1812,8382,5.8
514,Tel,5,2,0,True,2026-09-19T11:30:00Z,2,3,0,0,0,0,0,0,0,0,0,0,0,0,0,0.0,0.0,0.0,0.0,58,-5320,21179,897,6217,5.8
515,Maddison,1,4,1,False,2026-08-22T16:30:00Z,3,0,22,0,0,0,0,0,0,0,0,0,0,0,6,4.4,8.3,8.0,2.1,65,0,119410,0,0,6.5
515,Maddison,2,17,0,True,2026-08-29T16:30:00Z,0,2,0,0,0,0,0,0,0,0,0,0,0,0,0,0.0,0.0,0.0,0.0,65,-34300,96409,2686,36986,6.5
515,Maddison,3,18,0,False,2026-09-05T14:00:00Z,0,0,0,0,0,0,0,0,0,0,0,0,0,0,0,0.0,0.0,0.0,0.0,64,-38883,57231,175,39058,6.4
515,Maddison,4,9,1,True,2026-09-12T16:30:00Z,0,0,13,0,0,0,0,0,0,0,0,0,0,0,3,6.8,3.8,0.0,1.1,63,-13096,45874,447,13543,6.3
515,Maddison,5,2,1,True,2026-09-19T11:30:00Z,2,3,24,0,0,0,2,0,0,0,0,0,0,0,9,10.6,2.4,11.0,2.4,63,-2925,43979,1741,4666,6.3
516,Bentancur,1,4,1,False,2026-08-22T16:30:00Z,3,0,45,0,0,0,1,0,0,0,0,0,0,0,8,2.0,14.7,0.0,1.7,55,0,17403,0,0,5.5
516,Bentancur,2,17,2,True,2026-08-29T16:30:00Z,0,2,90,0,0,0,2,0,0,0,0,0,0,0,17,15.4,7.1,0.0,2.3,55,-1429,18887,602,2031,5.5
516,Bentancur,3,18,5,False,2026-09-05T14:00:00Z,0,0,90,0,0,1,0,0,0,0,0,0,0,0,14,18.4,3.3,6.0,2.8,55,-1789,17786,831,2620,5.5
516,Bentancur,4,9,3,True,2026-09-12T16:30:00Z,0,0,62,0,0,1,0,0,0,0,0,0,0,0,15,22.6,7.9,0.0,3.1,55,-172,18318,1225,1397,5.5
516,Bentancur,5,2,4,True,2026-09-19T11:30:00Z,2,3,83,0,0,0,3,0,0,0,0,0,0,0,15,19.0,6.3,2.0,2.7,55,497,19246,2106,1609,5.5
517,Odobert,1,4,0,False,2026-08-22T16:30:00Z,3,0,0,0,0,0,0,0,0,0,0,0,0,0,0,0.0,0.0,0.0,0.0,55,0,100,0,0,5.5
517,Odobert,2,17,0,True,2026-08-29T16:30:00Z,0,2,0,0,0,0,0,0,0,0,0,0,0,0,0,0.0,0.0,0.0,0.0,55,-3,121,16,19,5.5
517,Odobert,3,18,0,False,2026-09-05T14:00:00Z,0,0,0,0,0,0,0,0,0,0,0,0,0,0,0,0.0,0.0,0.0,0.0,55,-11,117,27,38,5.5
517,Odobert,4,9,0,True,2026-09-12T16:30:00Z,0,0,0,0,0,0,0,0,0,0,0,0,0,0,0,0.0,0.0,0.0,0.0,55,18,143,36,18,5.5
517,Odobert,5,2,0,True,2026-09-19T11:30:00Z,2,3,0,0,0,0,0,0,0,0,0,0,0,0,0,0.0,0.0,0.0,0.0,55,3,159,23,20,5.5
518,P.M.Sarr,1,4,0,False,2026-08-22T16:30:00Z,3,0,0,0,0,0,0,0,0,0,0,0,0,0,0,0.0,0.0,0.0,0.0,50,0,25576,0,0,5.0
518,P.M.Sarr,2,17,0,True,2026-08-29T16:30:00Z,0,2,0,0,0,0,0,0,0,0,0,0,0,0,0,0.0,0.0,0.0,0.0,49,-10351,15118,113,10464,4.9
518,P.M.Sarr,3,18,0,False,2026-09-05T14:00:00Z,0,0,0,0,0,0,0,0,0,0,0,0,0,0,0,0.0,0.0,0.0,0.0,49,-1782,14992,4025,5807,4.9
518,P.M.Sarr,4,9,0,True,2026-09-12T16:30:00Z,0,0,0,0,0,0,0,0,0,0,0,0,0,0,0,0.0,0.0,0.0,0.0,49,-4648,10250,0,4648,4.9
518,P.M.Sarr,5,2,0,True,2026-09-19T11:30:00Z,2,3,0,0,0,0,0,0,0,0,0,0,0,0,0,0.0,0.0,0.0,0.0,49,-2148,8302,0,2148,4.9
519,Gallagher,1,4,0,False,2026-08-22T16:30:00Z,3,0,45,0,0,0,2,0,0,0,1,0,0,0,1,0.0,5.5,1.0,0.5,55,0,26860,0,0,5.5
519,Gallagher,2,17,0,True,2026-08-29T16:30:00Z,0,2,0,0,0,0,0,0,0,0,0,0,0,0,0,0.0,0.0,0.0,0.0,55,-3439,27438,1208,4647,5.5
519,Gallagher,3,18,3,False,2026-09-05T14:00:00Z,0,0,83,0,0,1,0,0,0,0,0,0,0,0,23,10.2,4.4,2.0,1.7,54,-5563,22380,1024,6587,5.4
519,Gallagher,4,9,0,True,2026-09-12T16:30:00Z,0,0,0,0,0,0,0,0,0,0,0,0,0,0,0,0.0,0.0,0.0,0.0,54,-1744,21226,812,2556,5.4
519,Gallagher,5,2,6,True,2026-09-19T11:30:00Z,2,3,6,1,0,0,0,0,0,0,0,0,0,0,24,38.4,2.3,33.0,7.4,53,-1786,19752,812,2598,5.3
520,Bergvall,1,4,1,False,2026-08-22T16:30:00Z,3,0,45,0,0,0,2,0,0,0,0,0,0,0,2,0.0,2.0,2.0,0.0,55,0,18443,0,0,5.5
520,Bergvall,2,17,0,True,2026-08-29T16:30:00Z,0,2,0,0,0,0,0,0,0,0,0,0,0,0,0,0.0,0.0,0.0,0.0,55,-1564,20234,635,2199,5.5
520,Bergvall,3,18,0,False,2026-09-05T14:00:00Z,0,0,0,0,0,0,0,0,0,0,0,0,0,0,0,0.0,0.0,0.0,0.0,54,-3012,17646,482,3494,5.4
520,Bergvall,4,9,1,True,2026-09-12T16:30:00Z,0,0,27,0,0,0,0,0,0,0,0,0,0,0,8,8.0,7.9,7.0,2.3,54,-1664,16379,319,1983,5.4
520,Bergvall,5,2,1,True,2026-09-19T11:30:00Z,2,3,6,0,0,0,0,0,0,0,0,0,0,0,3,3.0,0.9,2.0,0.6,54,-913,15731,344,1257,5.4
521,Kulusevski,1,4,0,False,2026-08-22T16:30:00Z,3,0,0,0,0,0,0,0,0,0,0,0,0,0,0,0.0,0.0,0.0,0.0,65,0,949,0,0,6.5
521,Kulusevski,2,17,0,True,2026-08-29T16:30:00Z,0,2,0,0,0,0,0,0,0,0,0,0,0,0,0,0.0,0.0,0.0,0.0,65,-166,939,75,241,6.5
521,Kulusevski,3,18,0,False,2026-09-05T14:00:00Z,0,0,0,0,0,0,0,0,0,0,0,0,0,0,0,0.0,0.0,0.0,0.0,65,-90,912,87,177,6.5
521,Kulusevski,4,9,0,True,2026-09-12T16:30:00Z,0,0,0,0,0,0,0,0,0,0,0,0,0,0,0,0.0,0.0,0.0,0.0,65,-73,894,81,154,6.5
521,Kulusevski,5,2,0,True,2026-09-19T11:30:00Z,2,3,0,0,0,0,0,0,0,0,0,0,0,0,0,0.0,0.0,0.0,0.0,65,-30,892,63,93,6.5
522,Gray,1,4,2,False,2026-08-22T16:30:00Z,3,0,85,0,0,0,3,0,0,0,0,0,0,0,15,6.2,3.3,0.0,1.0,50,0,19767,0,0,5.0
522,Gray,2,17,2,True,2026-08-29T16:30:00Z,0,2,67,0,0,0,1,0,0,0,0,0,0,0,9,1.8,1.5,0.0,0.3,50,-833,22329,1711,2544,5.0
522,Gray,3,18,0,False,2026-09-05T14:00:00Z,0,0,0,0,0,0,0,0,0,0,0,0,0,0,0,0.0,0.0,0.0,0.0,50,-1885,21616,2161,4046,5.0
522,Gray,4,9,3,True,2026-09-12T16:30:00Z,0,0,84,0,0,1,0,0,0,0,0,0,0,0,13,9.6,6.7,10.0,2.6,50,-2439,19703,876,3315,5.0
522,Gray,5,2,2,True,2026-09-19T11:30:00Z,2,3,71,0,0,0,3,0,0,0,0,0,0,0,14,10.8,3.1,17.0,3.1,49,-637,19727,1629,2266,4.9
523,Moore,1,4,2,False,2026-08-22T16:30:00Z,3,0,67,0,0,0,3,0,0,0,0,0,0,0,10,14.2,5.9,55.0,7.5,50,0,17505,0,0,5.0
523,Moore,2,17,1,True,2026-08-29T16:30:00Z,0,2,22,0,0,0,1,0,0,0,0,0,0,0,1,0.0,0.4,1.0,0.0,50,-107,19021,2419,2526,5.0
523,Moore,3,18,0,False,2026-09-05T14:00:00Z,0,0,0,0,0,0,0,0,0,0,0,0,0,0,0,0.0,0.0,0.0,0.0,50,-5650,13268,839,6489,5.0
523,Moore,4,9,0,True,2026-09-12T16:30:00Z,0,0,0,0,0,0,0,0,0,0,0,0,0,0,0,0.0,0.0,0.0,0.0,50,-5490,8137,0,5490,5.0
523,Moore,5,2,0,True,2026-09-19T11:30:00Z,2,3,0,0,0,0,0,0,0,0,0,0,0,0,0,0.0,0.0,0.0,0.0,50,-1980,6388,0,1980,5.0
524,Olusesi,1,4,0,False,2026-08-22T16:30:00Z,3,0,0,0,0,0,0,0,0,0,0,0,0,0,0,0.0,0.0,0.0,0.0,45,0,79913,0,0,4.5
524,Olusesi,2,17,0,True,2026-08-29T16:30:00Z,0,2,0,0,0,0,0,0,0,0,0,0,0,0,0,0.0,0.0,0.0,0.0,45,-7298,79923,2014,9312,4.5
524,Olusesi,3,18,0,False,2026-09-05T14:00:00Z,0,0,0,0,0,0,0,0,0,0,0,0,0,0,0,0.0,0.0,0.0,0.0,45,-7853,72776,1613,9466,4.5
524,Olusesi,4,9,0,True,2026-09-12T16:30:00Z,0,0,0,0,0,0,0,0,0,0,0,0,0,0,0,0.0,0.0,0.0,0.0,44,5676,93913,13763,8087,4.4
524,Olusesi,5,2,0,True,2026-09-19T11:30:00Z,2,3,0,0,0,0,0,0,0,0,0,0,0,0,0,0.0,0.0,0.0,0.0,44,17246,117471,32226,14980,4.4
525,Fernandes,1,4,1,False,2026-08-22T16:30:00Z,3,0,45,0,0,0,1,0,0,0,0,0,0,0,16,7.2,27.2,2.0,3.6,60,0,178624,0,0,6.0
525,Fernandes,2,17,2,True,2026-08-29T16:30:00Z,0,2,90,0,0,0,2,0,0,0,0,0,0,0,18,14.0,46.3,1.0,6.1,60,-26800,160253,4529,31329,6.0
525,Fernandes,3,18,0,False,2026-09-05T14:00:00Z,0,0,7,0,0,0,0,0,0,0,1,0,0,0,-1,0.0,0.4,0.0,0.0,59,-38063,123903,4942,43005,5.9
525,Fernandes,4,9,3,True,2026-09-12T16:30:00Z,0,0,62,0,0,1,0,0,0,0,0,0,0,0,15,3.0,13.0,22.0,3.8,58,-27969,98672,1839,29808,5.8
525,Fernandes,5,2,1,True,2026-09-19T11:30:00Z,2,3,45,0,0,0,1,0,0,0,0,0,0,0,2,0.0,5.7,9.0,1.1,58,-11274,89133,2671,13945,5.8
526,Solanke,1,4,1,False,2026-08-22T16:30:00Z,3,0,22,0,0,0,0,0,0,0,0,0,0,0,3,0.0,0.0,5.0,0.5,60,0,126667,0,0,6.0
526,Solanke,2,17,1,True,2026-08-29T16:30:00Z,0,2,15,0,0,0,0,0,0,0,0,0,0,0,6,3.2,0.3,6.0,1.0,60,-12606,131276,8212,20818,6.0
526,Solanke,3,18,1,False,2026-09-05T14:00:00Z,0,0,6,0,0,0,0,0,0,0,0,0,0,0,-1,0.0,0.3,4.0,0.4,59,-27806,106592,7532,35338,5.9
526,Solanke,4,9,2,True,2026-09-12T16:30:00Z,0,0,62,0,0,1,0,0,0,0,0,0,0,0,4,0.0,4.3,6.0,0.8,59,-14059,96682,5756,19815,5.9
526,Solanke,5,2,2,True,2026-09-19T11:30:00Z,2,3,65,0,0,0,1,0,0,0,0,0,0,0,9,5.2,12.6,16.0,3.4,58,-7033,92077,6047,13080,5.8
527,Richarlison,1,4,2,False,2026-08-22T16:30:00Z,3,0,67,0,0,0,3,0,0,0,0,0,0,0,6,0.0,2.2,0.0,0.2,60,0,283639,0,0,6.0
527,Richarlison,2,17,0,True,2026-08-29T16:30:00Z,0,2,0,0,0,0,0,0,0,0,0,0,0,0,0,0.0,0.0,0.0,0.0,60,-31748,275481,14723,46471,6.0
527,Richarlison,3,18,0,False,2026-09-05T14:00:00Z,0,0,0,0,0,0,0,0,0,0,0,0,0,0,0,0.0,0.0,0.0,0.0,59,-117513,153916,6716,124229,5.9
527,Richarlison,4,9,0,True,2026-09-12T16:30:00Z,0,0,0,0,0,0,0,0,0,0,0,0,0,0,0,0.0,0.0,0.0,0.0,59,-69368,94527,0,69368,5.9
527,Richarlison,5,2,0,True,2026-09-19T11:30:00Z,2,3,0,0,0,0,0,0,0,0,0,0,0,0,0,0.0,0.0,0.0,0.0,59,-22415,74547,0,22415,5.9
528,Scarlett,1,4,0,False,2026-08-22T16:30:00Z,3,0,0,0,0,0,0,0,0,0,0,0,0,0,0,0.0,0.0,0.0,0.0,45,0,149807,0,0,4.5
528,Scarlett,2,17,0,True,2026-08-29T16:30:00Z,0,2,0,0,0,0,0,0,0,0,0,0,0,0,0,0.0,0.0,0.0,0.0,45,-3996,172295,13184,17180,4.5
528,Scarlett,3,18,0,False,2026-09-05T14:00:00Z,0,0,0,0,0,0,0,0,0,0,0,0,0,0,0,0.0,0.0,0.0,0.0,45,-5408,178567,29341,34749,4.5
528,Scarlett,4,9,0,True,2026-09-12T16:30:00Z,0,0,0,0,0,0,0,0,0,0,0,0,0,0,0,0.0,0.0,0.0,0.0,45,-31099,142066,0,31099,4.5
528,Scarlett,5,2,0,True,2026-09-19T11:30:00Z,2,3,0,0,0,0,0,0,0,0,0,0,0,0,0,0.0,0.0,0.0,0.0,45,-18539,125898,0,18539,4.5
578,Mudryk,1,10,0,False,2026-08-24T19:00:00Z,2,3,0,0,0,0,0,0,0,0,0,0,0,0,0,0.0,0.0,0.0,0.0,55,0,3847,0,0,5.5
578,Mudryk,2,5,0,True,2026-08-30T13:00:00Z,4,3,0,0,0,0,0,0,0,0,0,0,0,0,0,0.0,0.0,0.0,0.0,55,-742,4222,234,976,5.5
578,Mudryk,3,18,1,False,2026-09-05T14:00:00Z,0,0,16,0,0,0,0,0,0,0,0,0,0,0,3,0.0,0.1,2.0,0.1,54,1892,7171,3534,1642,5.4
578,Mudryk,4,9,0,True,2026-09-12T16:30:00Z,0,0,0,0,0,0,0,0,0,0,0,0,0,0,0,0.0,0.0,0.0,0.0,54,-670,6691,1620,2290,5.4
578,Mudryk,5,2,0,True,2026-09-19T11:30:00Z,2,3,0,0,0,0,0,0,0,0,0,0,0,0,0,0.0,0.0,0.0,0.0,54,-2108,4612,32,2140,5.4
601,Williams-Barnett,1,4,0,False,2026-08-22T16:30:00Z,3,0,0,0,0,0,0,0,0,0,0,0,0,0,0,0.0,0.0,0.0,0.0,45,0,0,0,0,4.5
601,Williams-Barnett,2,17,0,True,2026-08-29T16:30:00Z,0,2,0,0,0,0,0,0,0,0,0,0,0,0,0,0.0,0.0,0.0,0.0,45,2052,7704,2636,584,4.5
601,Williams-Barnett,3,18,0,False,2026-09-05T14:00:00Z,0,0,0,0,0,0,0,0,0,0,0,0,0,0,0,0.0,0.0,0.0,0.0,45,2301,13933,4467,2166,4.5
601,Williams-Barnett,4,9,0,True,2026-09-12T16:30:00Z,0,0,0,0,0,0,0,0,0,0,0,0,0,0,0,0.0,0.0,0.0,0.0,45,403,14941,2324,1921,4.5
601,Williams-Barnett,5,2,0,True,2026-09-19T11:30:00Z,2,3,0,0,0,0,0,0,0,0,0,0,0,0,0,0.0,0.0,0.0,0.0,45,-957,13898,655,1612,4.5
501,Danso,1,4,0,False,2026-08-22T16:30:00Z,3,0,0,0,0,0,0,0,0,0,0,0,0,0,0,0.0,0.0,0.0,0.0,50,0,15516,0,0,5.0
501,Danso,2,17,0,True,2026-08-29T16:30:00Z,0,2,0,0,0,0,0,0,0,0,0,0,0,0,0,0.0,0.0,0.0,0.0,50,-1412,17484,1020,2432,5.0
501,Danso,3,4,2,False,2026-09-05T14:00:00Z,1,1,90,0,0,0,1,0,0,0,0,0,0,0,9,20.8,10.9,0.0,3.2,50,-2005,16199,1307,3312,5.0
501,Danso,4,1,1,True,2026-09-12T19:00:00Z,0,2,90,0,0,0,2,0,0,0,0,0,0,0,6,16.8,11.0,2.0,3.0,50,-179,16781,1568,1747,5.0
501,Danso,5,15,0,False,2026-09-20T13:00:00Z,5,3,90,0,0,0,5,0,0,0,0,0,0,0,-8,17.6,11.0,19.0,4.8,50,-16,17126,1530,1546,5.0
529,Roefs,1,12,1,False,2026-08-22T14:00:00Z,2,1,90,0,0,0,2,0,0,0,0,0,1,0,7,15.2,0.0,0.0,1.5,50,0,397315,0,0,5.0
529,Roefs,2,10,6,True,2026-08-30T13:00:00Z,1,0,90,0,0,1,0,0,0,0,0,0,0,0,22,4.0,0.0,0.0,0.4,50,-25568,389022,4766,30334,5.0
529,Roefs,3,4,2,False,2026-09-05T14:00:00Z,1,1,90,0,0,0,1,0,0,0,0,0,1,0,11,12.6,0.0,0.0,1.3,50,-38987,342137,10237,49224,5.0
529,Roefs,4,1,2,True,2026-09-12T19:00:00Z,0,2,90,0,0,0,2,0,0,0,0,0,3,0,9,27.2,0.0,0.0,2.7,50,-47961,301456,2287,50248,5.0
529,Roefs,5,15,0,False,2026-09-20T13:00:00Z,5,3,90,0,0,0,5,0,0,0,0,0,1,0,-8,14.4,0.0,0.0,1.4,49,-33760,271819,2559,36319,4.9
530,Patterson,1,12,0,False,2026-08-22T14:00:00Z,2,1,0,0,0,0,0,0,0,0,0,0,0,0,0,0.0,0.0,0.0,0.0,40,0,18557,0,0,4.0
530,Patterson,2,10,0,True,2026-08-30T13:00:00Z,1,0,0,0,0,0,0,0,0,0,0,0,0,0,0,0.0,0.0,0.0,0.0,40,-2307,16075,0,2307,4.0
530,Patterson,3,4,0,False,2026-09-05T14:00:00Z,1,1,0,0,0,0,0,0,0,0,0,0,0,0,0,0.0,0.0,0.0,0.0,40,-1616,14484,0,1616,4.0
530,Patterson,4,1,0,True,2026-09-12T19:00:00Z,0,2,0,0,0,0,0,0,0,0,0,0,0,0,0,0.0,0.0,0.0,0.0,40,-986,13568,0,986,4.0
530,Patterson,5,15,0,False,2026-09-20T13:00:00Z,5,3,0,0,0,0,0,0,0,0,0,0,0,0,0,0.0,0.0,0.0,0.0,40,-743,12868,0,743,4.0
531,Ellborg,1,12,0,False,2026-08-22T14:00:00Z,2,1,0,0,0,0,0,0,0,0,0,0,0,0,0,0.0,0.0,0.0,0.0,45,0,8630,0,0,4.5
531,Ellborg,2,10,0,True,2026-08-30T13:00:00Z,1,0,0,0,0,0,0,0,0,0,0,0,0,0,0,0.0,0.0,0.0,0.0,45,-645,8877,209,854,4.5
531,Ellborg,3,4,0,False,2026-09-05T14:00:00Z,1,1,0,0,0,0,0,0,0,0,0,0,0,0,0,0.0,0.0,0.0,0.0,45,-546,8803,405,951,4.5
531,Ellborg,4,1,0,True,2026-09-12T19:00:00Z,0,2,0,0,0,0,0,0,0,0,0,0,0,0,0,0.0,0.0,0.0,0.0,45,-491,8559,235,726,4.5
531,Ellborg,5,15,0,False,2026-09-20T13:00:00Z,5,3,0,0,0,0,0,0,0,0,0,0,0,0,0,0.0,0.0,0.0,0.0,45,-360,8450,190,550,4.5
532,Ballard,1,12,0,False,2026-08-22T14:00:00Z,2,1,90,0,0,0,2,0,0,0,1,0,0,0,4,18.2,1.2,0.0,1.9,50,0,518741,0,0,5.0
532,Ballard,2,10,8,True,2026-08-30T13:00:00Z,1,0,90,0,0,1,0,0,0,0,0,0,0,0,27,23.6,1.2,7.0,3.2,50,-36906,495946,12798,49704,5.0
532,Ballard,3,4,4,False,2026-09-05T14:00:00Z,1,1,90,0,0,0,1,0,0,0,0,0,0,0,12,25.0,10.3,8.0,4.3,50,-79167,398900,15628,94795,5.0
532,Ballard,4,1,0,True,2026-09-12T19:00:00Z,0,2,90,0,0,0,2,0,0,0,1,0,0,0,0,9.0,10.8,9.0,2.9,49,-96106,317274,7170,103276,4.9
532,Ballard,5,15,2,False,2026-09-20T13:00:00Z,5,3,90,0,0,0,5,0,0,0,0,0,0,0,-12,28.4,0.3,11.0,4.0,49,-46490,279291,6303,52793,4.9
533,Mukiele,1,12,0,False,2026-08-22T14:00:00Z,2,1,0,0,0,0,0,0,0,0,0,0,0,0,0,0.0,0.0,0.0,0.0,55,0,257772,0,0,5.5
533,Mukiele,2,10,9,True,2026-08-30T13:00:00Z,1,0,90,0,0,1,0,0,0,0,0,0,0,1,28,42.6,8.0,2.0,5.3,55,-32999,244003,5588,38587,5.5
533,Mukiele,3,4,4,False,2026-09-05T14:00:00Z,1,1,90,0,0,0,1,0,0,0,0,0,0,0,16,32.4,5.0,0.0,3.7,55,-3387,247977,21418,24805,5.5
533,Mukiele,4,1,0,True,2026-09-12T19:00:00Z,0,2,90,0,0,0,2,0,0,0,1,0,0,0,-5,10.4,4.9,46.0,6.1,55,-21852,227847,6912,28764,5.5
533,Mukiele,5,15,0,False,2026-09-20T13:00:00Z,5,3,90,0,0,0,5,0,0,0,0,0,0,0,5,30.2,30.5,11.0,7.2,54,-23536,207085,5413,28949,5.4
534,Hume,1,12,2,False,2026-08-22T14:00:00Z,2,1,79,0,0,0,1,0,0,0,0,0,0,0,14,9.4,39.4,13.0,6.2,45,0,641436,0,0,4.5
534,Hume,2,10,6,True,2026-08-30T13:00:00Z,1,0,90,0,0,1,0,0,0,0,0,0,0,0,24,18.6,19.1,2.0,4.0,45,-23752,631620,13619,37371,4.5
534,Hume,3,4,1,False,2026-09-05T14:00:00Z,1,1,26,0,0,0,0,0,0,0,0,0,0,0,8,3.8,0.1,0.0,0.4,45,-68992,528010,17561,86553,4.5
534,Hume,4,1,0,True,2026-09-12T19:00:00Z,0,2,0,0,0,0,0,0,0,0,0,0,0,0,0,0.0,0.0,0.0,0.0,44,-149674,392084,3636,153310,4.4
534,Hume,5,15,1,False,2026-09-20T13:00:00Z,5,3,11,0,0,0,1,0,0,0,0,0,0,0,-2,0.4,0.4,8.0,0.9,44,-88631,317533,1810,90441,4.4
535,Alderete,1,12,1,False,2026-08-22T14:00:00Z,2,1,23,0,0,0,1,0,0,0,0,0,0,0,2,0.0,0.6,0.0,0.0,50,0,41929,0,0,5.0
535,Alderete,2,10,0,True,2026-08-30T13:00:00Z,1,0,0,0,0,0,0,0,0,0,0,0,0,0,0,0.0,0.0,0.0,0.0,50,-2667,43620,2597,5264,5.0
535,Alderete,3,4,0,False,2026-09-05T14:00:00Z,1,1,0,0,0,0,0,0,0,0,0,0,0,0,0,0.0,0.0,0.0,0.0,50,-8564,35107,1476,10040,5.0
535,Alderete,4,1,0,True,2026-09-12T19:00:00Z,0,2,0,0,0,0,0,0,0,0,0,0,0,0,0,0.0,0.0,0.0,0.0,49,-6355,29356,401,6756,4.9
535,Alderete,5,15,0,False,2026-09-20T13:00:00Z,5,3,0,0,0,0,0,0,0,0,0,0,0,0,0,0.0,0.0,0.0,0.0,49,-3936,25847,280,4216,4.9
536,Reinildo,1,12,1,False,2026-08-22T14:00:00Z,2,1,90,0,0,0,2,0,0,0,0,0,0,0,9,23.0,27.5,4.0,5.5,45,0,43515,0,0,4.5
536,Reinildo,2,10,6,True,2026-08-30T13:00:00Z,1,0,90,0,0,1,0,0,0,0,0,0,0,0,26,16.4,6.0,2.0,2.4,45,-2603,44204,975,3578,4.5
536,Reinildo,3,4,2,False,2026-09-05T14:00:00Z,1,1,90,0,0,0,1,0,0,0,0,0,0,0,14,14.4,1.5,0.0,1.6,45,-2351,41923,1972,4323,4.5
536,Reinildo,4,1,-2,True,2026-09-12T19:00:00Z,0,2,90,0,0,0,2,0,0,0,0,1,0,0,-12,0.0,1.4,0.0,0.0,45,-4352,37836,780,5132,4.5
536,Reinildo,5,15,0,False,2026-09-20T13:00:00Z,5,3,0,0,0,0,0,0,0,0,0,0,0,0,0,0.0,0.0,0.0,0.0,45,-9631,28357,136,9767,4.5
537,Seelt,1,12,0,False,2026-08-22T14:00:00Z,2,1,0,0,0,0,0,0,0,0,0,0,0,0,0,0.0,0.0,0.0,0.0,45,0,941,0,0,4.5
537,Seelt,2,10,0,True,2026-08-30T13:00:00Z,1,0,0,0,0,0,0,0,0,0,0,0,0,0,0,0.0,0.0,0.0,0.0,45,-69,1055,58,127,4.5
537,Seelt,3,4,0,False,2026-09-05T14:00:00Z,1,1,0,0,0,0,0,0,0,0,0,0,0,0,0,0.0,0.0,0.0,0.0,45,-357,701,3,360,4.5
537,Seelt,4,1,0,True,2026-09-12T19:00:00Z,0,2,0,0,0,0,0,0,0,0,0,0,0,0,0,0.0,0.0,0.0,0.0,45,-100,612,0,100,4.5
537,Seelt,5,15,0,False,2026-09-20T13:00:00Z,5,3,0,0,0,0,0,0,0,0,0,0,0,0,0,0.0,0.0,0.0,0.0,45,-55,566,0,55,4.5
538,Hjelde,1,12,0,False,2026-08-22T14:00:00Z,2,1,0,0,0,0,0,0,0,0,0,0,0,0,0,0.0,0.0,0.0,0.0,40,0,6220,0,0,4.0
538,Hjelde,2,10,0,True,2026-08-30T13:00:00Z,1,0,0,0,0,0,0,0,0,0,0,0,0,0,0,0.0,0.0,0.0,0.0,40,-990,5174,0,990,4.0
538,Hjelde,3,4,0,False,2026-09-05T14:00:00Z,1,1,0,0,0,0,0,0,0,0,0,0,0,0,0,0.0,0.0,0.0,0.0,40,-680,4484,0,680,4.0
538,Hjelde,4,1,0,True,2026-09-12T19:00:00Z,0,2,0,0,0,0,0,0,0,0,0,0,0,0,0,0.0,0.0,0.0,0.0,40,-403,4107,0,403,4.0
538,Hjelde,5,15,0,False,2026-09-20T13:00:00Z,5,3,0,0,0,0,0,0,0,0,0,0,0,0,0,0.0,0.0,0.0,0.0,40,-298,3843,0,298,4.0
539,O'Nien,1,12,1,False,2026-08-22T14:00:00Z,2,1,66,0,0,0,1,0,0,0,1,0,0,0,1,11.4,1.4,4.0,1.7,40,0,332959,0,0,4.0
539,O'Nien,2,10,0,True,2026-08-30T13:00:00Z,1,0,0,0,0,0,0,0,0,0,0,0,0,0,0,0.0,0.0,0.0,0.0,40,-12937,338160,4602,17539,4.0
539,O'Nien,3,4,0,False,2026-09-05T14:00:00Z,1,1,0,0,0,0,0,0,0,0,0,0,0,0,0,0.0,0.0,0.0,0.0,40,-27829,310001,5301,33130,4.0
539,O'Nien,4,1,0,True,2026-09-12T19:00:00Z,0,2,0,0,0,0,0,0,0,0,0,0,0,0,0,0.0,0.0,0.0,0.0,40,-31354,279659,2683,34037,4.0
539,O'Nien,5,15,0,False,2026-09-20T13:00:00Z,5,3,0,0,0,0,0,0,0,0,0,0,0,0,0,0.0,0.0,0.0,0.0,40,-23037,258432,2157,25194,4.0
540,Masuaku,1,12,0,False,2026-08-22T14:00:00Z,2,1,0,0,0,0,0,0,0,0,0,0,0,0,0,0.0,0.0,0.0,0.0,40,0,25578,0,0,4.0
540,Masuaku,2,10,0,True,2026-08-30T13:00:00Z,1,0,0,0,0,0,0,0,0,0,0,0,0,0,0,0.0,0.0,0.0,0.0,40,-4868,20421,0,4868,4.0
540,Masuaku,3,4,0,False,2026-09-05T14:00:00Z,1,1,0,0,0,0,0,0,0,0,0,0,0,0,0,0.0,0.0,0.0,0.0,40,-3070,17428,0,3070,4.0
540,Masuaku,4,1,0,True,2026-09-12T19:00:00Z,0,2,0,0,0,0,0,0,0,0,0,0,0,0,0,0.0,0.0,0.0,0.0,40,-1719,15823,0,1719,4.0
540,Masuaku,5,15,0,False,2026-09-20T13:00:00Z,5,3,0,0,0,0,0,0,0,0,0,0,0,0,0,0.0,0.0,0.0,0.0,40,-1276,14606,0,1276,4.0
541,Meunier,1,12,1,False,2026-08-22T14:00:00Z,2,1,90,0,0,0,2,0,0,0,0,0,0,0,5,13.8,5.3,11.0,3.0,45,0,26928,0,0,4.5
541,Meunier,2,10,6,True,2026-08-30T13:00:00Z,1,0,90,0,0,1,0,0,0,0,0,0,0,0,27,22.6,20.0,9.0,5.2,45,-708,29834,1010,1718,4.5
541,Meunier,3,4,2,False,2026-09-05T14:00:00Z,1,1,63,0,0,0,1,0,0,0,0,0,0,0,0,5.2,1.5,6.0,1.3,45,301,30963,2639,2338,4.5
541,Meunier,4,1,2,True,2026-09-12T19:00:00Z,0,2,75,0,0,0,1,0,0,0,0,0,0,0,5,5.8,1.8,15.0,2.3,45,-1785,29243,781,2566,4.5
541,Meunier,5,15,3,False,2026-09-20T13:00:00Z,5,3,78,0,1,0,4,0,0,0,0,0,0,0,5,22.8,12.8,2.0,3.8,45,-1159,28358,971,2130,4.5
542,E.Le Fée,1,12,2,False,2026-08-22T14:00:00Z,2,1,79,0,0,0,1,0,0,0,0,0,0,0,13,4.6,9.9,0.0,1.5,60,0,942702,0,0,6.0
542,E.Le Fée,2,10,3,True,2026-08-30T13:00:00Z,1,0,89,0,0,1,0,0,0,0,0,0,0,0,13,3.4,21.2,30.0,5.5,60,-103724,853085,11386,115110,6.0
542,E.Le Fée,3,4,8,False,2026-09-05T14:00:00Z,1,1,90,1,0,0,1,0,0,0,0,0,0,1,25,40.0,3.7,24.0,6.8,59,-256530,564317,7320,263850,5.9
542,E.Le Fée,4,1,0,True,2026-09-12T19:00:00Z,0,2,90,0,0,0,2,0,0,1,0,0,0,0,6,6.8,29.7,26.0,6.3,58,-137433,448859,9125,146558,5.8
542,E.Le Fée,5,15,5,False,2026-09-20T13:00:00Z,5,3,90,0,1,0,5,0,0,0,0,0,0,0,33,33.8,72.8,2.0,10.9,58,-95316,367322,5741,101057,5.8
543,Diarra,1,12,1,False,2026-08-22T14:00:00Z,2,1,10,0,0,0,1,0,0,0,0,0,0,0,3,0.4,0.6,2.0,0.3,55,0,6286,0,0,5.5
543,Diarra,2,10,4,True,2026-08-30T13:00:00Z,1,0,18,0,1,0,0,0,0,0,0,0,0,0,15,15.2,10.3,0.0,2.6,55,-842,6801,335,1177,5.5
543,Diarra,3,4,0,False,2026-09-05T14:00:00Z,1,1,0,0,0,0,0,0,0,0,0,0,0,0,0,0.0,0.0,0.0,0.0,55,-2142,4664,164,2306,5.5
543,Diarra,4,1,0,True,2026-09-12T19:00:00Z,0,2,0,0,0,0,0,0,0,0,0,0,0,0,0,0.0,0.0,0.0,0.0,54,-1501,3263,27,1528,5.4
543,Diarra,5,15,0,False,2026-09-20T13:00:00Z,5,3,0,0,0,0,0,0,0,0,0,0,0,0,0,0.0,0.0,0.0,0.0,54,-660,2684,12,672,5.4
544,Xhaka,1,12,9,False,2026-08-22T14:00:00Z,2,1,90,0,1,0,2,0,0,0,0,0,0,2,31,18.8,31.4,0.0,5.0,55,0,392611,0,0,5.5
544,Xhaka,2,10,6,True,2026-08-30T13:00:00Z,1,0,90,0,0,1,0,0,0,0,0,0,0,3,29,20.4,57.9,0.0,7.8,55,24566,464299,42781,18215,5.5
544,Xhaka,3,4,3,False,2026-09-05T14:00:00Z,1,1,90,0,0,0,1,0,0,0,1,0,0,0,12,15.2,20.5,3.0,3.9,55,-1951,475519,45125,47076,5.5
544,Xhaka,4,1,1,True,2026-09-12T19:00:00Z,0,2,90,0,0,0,2,0,0,0,1,0,0,0,19,14.6,44.0,0.0,5.9,55,-37779,442948,23504,61283,5.5
544,Xhaka,5,15,2,False,2026-09-20T13:00:00Z,5,3,90,0,0,0,5,0,0,0,0,0,0,0,25,24.6,37.3,0.0,6.2,55,-45393,405611,13122,58515,5.5
545,Sadiki,1,12,2,False,2026-08-22T14:00:00Z,2,1,90,0,0,0,2,0,0,0,0,0,0,0,18,14.6,32.1,25.0,7.2,50,0,32634,0,0,5.0
545,Sadiki,2,10,3,True,2026-08-30T13:00:00Z,1,0,90,0,0,1,0,0,0,0,0,0,0,0,21,18.4,7.8,6.0,3.2,50,-2332,32341,1165,3497,5.0
545,Sadiki,3,4,1,False,2026-09-05T14:00:00Z,1,1,73,0,0,0,1,0,0,0,1,0,0,0,16,8.8,15.0,48.0,7.2,50,-3063,29609,1887,4950,5.0
545,Sadiki,4,1,2,True,2026-09-12T19:00:00Z,0,2,90,0,0,0,2,0,0,0,0,0,0,0,11,11.0,1.3,1.0,1.3,49,-3819,26156,1090,4909,4.9
545,Sadiki,5,15,2,False,2026-09-20T13:00:00Z,5,3,67,0,0,0,4,0,0,0,0,0,0,0,9,0.0,3.3,1.0,0.3,49,-2498,24166,1171,3669,4.9
546,Adingra,1,12,0,False,2026-08-22T14:00:00Z,2,1,0,0,0,0,0,0,0,0,0,0,0,0,0,0.0,0.0,0.0,0.0,50,0,9551,0,0,5.0
546,Adingra,2,10,0,True,2026-08-30T13:00:00Z,1,0,0,0,0,0,0,0,0,0,0,0,0,0,0,0.0,0.0,0.0,0.0,50,-3506,6042,53,3559,5.0
546,Adingra,3,4,0,False,2026-09-05T14:00:00Z,1,1,0,0,0,0,0,0,0,0,0,0,0,0,0,0.0,0.0,0.0,0.0,49,-1749,4340,187,1936,4.9
546,Adingra,4,1,0,True,2026-09-12T19:00:00Z,0,2,0,0,0,0,0,0,0,0,0,0,0,0,0,0.0,0.0,0.0,0.0,49,-1088,3324,0,1088,4.9
546,Adingra,5,15,0,False,2026-09-20T13:00:00Z,5,3,0,0,0,0,0,0,0,0,0,0,0,0,0,0.0,0.0,0.0,0.0,49,-645,2712,0,645,4.9
547,Mundle,1,12,0,False,2026-08-22T14:00:00Z,2,1,0,0,0,0,0,0,0,0,0,0,0,0,0,0.0,0.0,0.0,0.0,50,0,801,0,0,5.0
547,Mundle,2,10,1,True,2026-08-30T13:00:00Z,1,0,1,0,0,0,0,0,0,0,0,0,0,0,2,8.0,0.1,17.0,2.5,50,-110,822,40,150,5.0
547,Mundle,3,4,0,False,2026-09-05T14:00:00Z,1,1,0,0,0,0,0,0,0,0,0,0,0,0,0,0.0,0.0,0.0,0.0,50,-51,810,83,134,5.0
547,Mundle,4,1,0,True,2026-09-12T19:00:00Z,0,2,0,0,0,0,0,0,0,0,0,0,0,0,0,0.0,0.0,0.0,0.0,49,-146,691,53,199,4.9
547,Mundle,5,15,0,False,2026-09-20T13:00:00Z,5,3,0,0,0,0,0,0,0,0,0,0,0,0,0,0.0,0.0,0.0,0.0,49,-120,586,15,135,4.9
548,Rigg,1,12,1,False,2026-08-22T14:00:00Z,2,1,10,0,0,0,1,0,0,0,0,0,0,0,3,0.0,0.3,0.0,0.0,50,0,6214,0,0,5.0
548,Rigg,2,10,1,True,2026-08-30T13:00:00Z,1,0,7,0,0,0,0,0,0,0,0,0,0,0,3,0.0,0.0,0.0,0.0,50,-521,6409,99,620,5.0
548,Rigg,3,4,0,False,2026-09-05T14:00:00Z,1,1,0,0,0,0,0,0,0,0,0,0,0,0,0,0.0,0.0,0.0,0.0,50,-719,5751,143,862,5.0
548,Rigg,4,1,0,True,2026-09-12T19:00:00Z,0,2,0,0,0,0,0,0,0,0,0,0,0,0,0,0.0,0.0,0.0,0.0,49,-504,5378,130,634,4.9
548,Rigg,5,15,0,False,2026-09-20T13:00:00Z,5,3,0,0,0,0,0,0,0,0,0,0,0,0,0,0.0,0.0,0.0,0.0,49,-439,4992,65,504,4.9
549,Talbi,1,12,1,False,2026-08-22T14:00:00Z,2,1,31,0,0,0,1,0,0,0,0,0,0,0,1,0.0,0.9,0.0,0.0,55,0,20822,0,0,5.5
549,Talbi,2,10,0,True,2026-08-30T13:00:00Z,1,0,0,0,0,0,0,0,0,0,0,0,0,0,0,0.0,0.0,0.0,0.0,55,-2560,20684,284,2844,5.5
549,Talbi,3,4,0,False,2026-09-05T14:00:00Z,1,1,0,0,0,0,0,0,0,0,0,0,0,0,0,0.0,0.0,0.0,0.0,54,-3700,17189,427,4127,5.4
549,Talbi,4,1,0,True,2026-09-12T19:00:00Z,0,2,0,0,0,0,0,0,0,0,0,0,0,0,0,0.0,0.0,0.0,0.0,54,-2338,15167,214,2552,5.4
549,Talbi,5,15,0,False,2026-09-20T13:00:00Z,5,3,0,0,0,0,0,0,0,0,0,0,0,0,0,0.0,0.0,0.0,0.0,53,-1389,14043,308,1697,5.3
550,Jocelin.T,1,12,0,False,2026-08-22T14:00:00Z,2,1,0,0,0,0,0,0,0,0,0,0,0,0,0,0.0,0.0,0.0,0.0,50,0,501,0,0,5.0
550,Jocelin.T,2,10,0,True,2026-08-30T13:00:00Z,1,0,0,0,0,0,0,0,0,0,0,0,0,0,0,0.0,0.0,0.0,0.0,50,-50,569,51,101,5.0
550,Jocelin.T,3,4,0,False,2026-09-05T14:00:00Z,1,1,0,0,0,0,0,0,0,0,0,0,0,0,0,0.0,0.0,0.0,0.0,50,-21,602,80,101,5.0
550,Jocelin.T,4,1,0,True,2026-09-12T19:00:00Z,0,2,0,0,0,0,0,0,0,0,0,0,0,0,0,0.0,0.0,0.0,0.0,50,-12,630,79,91,5.0
550,Jocelin.T,5,15,0,False,2026-09-20T13:00:00Z,5,3,0,0,0,0,0,0,0,0,0,0,0,0,0,0.0,0.0,0.0,0.0,50,-24,627,64,88,5.0
551,N.Angulo,1,12,5,False,2026-08-22T14:00:00Z,2,1,58,1,0,0,1,0,0,0,1,0,0,0,23,32.8,3.3,16.0,5.2,50,0,5260,0,0,5.0
551,N.Angulo,2,10,3,True,2026-08-30T13:00:00Z,1,0,64,0,0,1,0,0,0,0,0,0,0,0,13,7.2,16.7,0.0,2.4,50,3964,13112,5343,1379,5.0
551,N.Angulo,3,4,2,False,2026-09-05T14:00:00Z,1,1,63,0,0,0,1,0,0,0,0,0,0,0,11,8.6,5.7,16.0,3.0,50,1656,15646,4768,3112,5.0
551,N.Angulo,4,1,2,True,2026-09-12T19:00:00Z,0,2,69,0,0,0,1,0,0,0,0,0,0,0,7,2.2,0.9,2.0,0.5,50,-1700,14020,1450,3150,5.0
551,N.Angulo,5,15,4,False,2026-09-20T13:00:00Z,5,3,59,0,1,0,4,0,0,0,0,0,0,0,13,21.4,11.7,13.0,4.6,50,-1429,12830,718,2147,5.0
552,Brobbey,1,12,2,False,2026-08-22T14:00:00Z,2,1,66,0,0,0,1,0,0,0,0,0,0,0,1,0.0,1.5,9.0,1.1,60,0,1279847,0,0,6.0
552,Brobbey,2,10,2,True,2026-08-30T13:00:00Z,1,0,63,0,0,1,0,0,0,0,0,0,0,0,5,0.0,2.8,6.0,0.7,60,-81358,1261093,38269,119627,6.0
552,Brobbey,3,4,2,False,2026-09-05T14:00:00Z,1,1,90,0,0,0,1,0,0,0,0,0,0,0,11,4.4,37.1,29.0,7.1,59,-321733,912046,27284,349017,5.9
552,Brobbey,4,1,1,True,2026-09-12T19:00:00Z,0,2,90,0,0,0,2,0,0,0,1,0,0,0,4,0.0,11.5,14.0,2.4,58,-246486,701070,13895,260381,5.8
552,Brobbey,5,15,17,False,2026-09-20T13:00:00Z,5,3,90,3,0,0,5,0,0,0,0,0,0,3,92,104.0,16.1,84.0,20.4,58,-145137,577036,12010,157147,5.8
553,Isidor,1,12,1,False,2026-08-22T14:00:00Z,2,1,23,0,0,0,1,0,0,0,0,0,0,0,3,0.0,0.2,0.0,0.0,55,0,90196,0,0,5.5
553,Isidor,2,10,8,True,2026-08-30T13:00:00Z,1,0,26,1,0,0,0,0,0,0,0,0,0,3,29,29.2,0.1,25.0,5.4,55,-10451,85703,2470,12921,5.5
553,Isidor,3,4,4,False,2026-09-05T14:00:00Z,1,1,26,0,1,0,0,0,0,0,0,0,0,0,15,0.2,0.3,10.0,1.1,55,21273,116229,35830,14557,5.5
553,Isidor,4,1,1,True,2026-09-12T19:00:00Z,0,2,20,0,0,0,1,0,0,0,0,0,0,0,1,1.2,0.1,0.0,0.1,55,25312,163059,47557,22245,5.5
553,Isidor,5,15,1,False,2026-09-20T13:00:00Z,5,3,22,0,0,0,1,0,0,0,0,0,0,0,3,0.2,0.3,0.0,0.1,55,-18986,143906,6445,25431,5.5
612,Methalie,2,10,0,True,2026-08-30T13:00:00Z,1,0,0,0,0,0,0,0,0,0,0,0,0,0,0,0.0,0.0,0.0,0.0,45,68,156,95,27,4.5
612,Methalie,3,4,0,False,2026-09-05T14:00:00Z,1,1,0,0,0,0,0,0,0,0,0,0,0,0,0,0.0,0.0,0.0,0.0,45,262,632,362,100,4.5
612,Methalie,4,1,0,True,2026-09-12T19:00:00Z,0,2,0,0,0,0,0,0,0,0,0,0,0,0,0,0.0,0.0,0.0,0.0,45,-16,710,187,203,4.5
612,Methalie,5,15,-1,False,2026-09-20T13:00:00Z,5,3,90,0,0,0,5,0,0,0,1,0,0,0,-8,8.0,2.0,2.0,1.2,45,49,834,145,96,4.5
613,Ahoka,2,10,0,True,2026-08-30T13:00:00Z,1,0,0,0,0,0,0,0,0,0,0,0,0,0,0,0.0,0.0,0.0,0.0,45,2077,6052,2475,398,4.5
613,Ahoka,3,4,0,False,2026-09-05T14:00:00Z,1,1,0,0,0,0,0,0,0,0,0,0,0,0,0,0.0,0.0,0.0,0.0,45,8884,27345,13182,4298,4.5
613,Ahoka,4,1,0,True,2026-09-12T19:00:00Z,0,2,0,0,0,0,0,0,0,0,0,0,0,0,0,0.0,0.0,0.0,0.0,45,2550,29307,6933,4383,4.5
613,Ahoka,5,15,0,False,2026-09-20T13:00:00Z,5,3,0,0,0,0,0,0,0,0,0,0,0,0,0,0.0,0.0,0.0,0.0,45,-1414,26173,2205,3619,4.5
646,Fofana,3,4,1,False,2026-09-05T14:00:00Z,1,1,16,0,0,0,0,0,0,0,0,0,0,0,3,0.0,0.5,0.0,0.1,55,1832,2246,2071,239,5.5
646,Fofana,4,1,1,True,2026-09-12T19:00:00Z,0,2,14,0,0,0,1,0,0,0,0,0,0,0,2,0.0,0.8,6.0,0.6,55,636,3125,1193,557,5.5
646,Fofana,5,15,1,False,2026-09-20T13:00:00Z,5,3,30,0,0,0,1,0,0,0,0,0,0,0,6,12.4,0.8,38.0,5.1,55,-160,3082,472,632,5.5
651,J.Angulo,3,4,0,False,2026-09-05T14:00:00Z,1,1,0,0,0,0,0,0,0,0,0,0,0,0,0,0.0,0.0,0.0,0.0,45,14103,27023,15939,1836,4.5
651,J.Angulo,4,1,0,True,2026-09-12T19:00:00Z,0,2,0,0,0,0,0,0,0,0,0,0,0,0,0,0.0,0.0,0.0,0.0,45,22849,53783,32385,9536,4.5
651,J.Angulo,5,15,0,False,2026-09-20T13:00:00Z,5,3,0,0,0,0,0,0,0,0,0,0,0,0,0,0.0,0.0,0.0,0.0,45,21901,87358,33544,11643,4.5
